ISO-10303-21;
HEADER;
/* Generated by software containing ST-Developer
 * from STEP Tools, Inc. (www.steptools.com) 
 */

FILE_DESCRIPTION(
/* description */ ('Open CASCADE Model'),
/* implementation_level */ '2;1');

FILE_NAME(
/* name */ 'AIO-RF-HOUSING.step',
/* time_stamp */ '2026-10-07T15:53:14+11:00',
/* author */ (''),
/* organization */ (''),
/* preprocessor_version */ 'ST-DEVELOPER v20.2',
/* originating_system */ 'Autodesk Translation Framework v15.15.0.0',
/* authorisation */ '');

FILE_SCHEMA (('AUTOMOTIVE_DESIGN { 1 0 10303 214 3 1 1 }'));
ENDSEC;

DATA;
#10=MECHANICAL_DESIGN_GEOMETRIC_PRESENTATION_REPRESENTATION('',(#349,#350,
#351,#352,#353,#354,#355,#356,#357,#358,#359,#360,#361,#362,#363,#364,#365,
#366,#367,#368,#369,#370,#371,#372,#373,#374,#375,#376,#377,#378,#379,#380,
#381,#382,#383,#384,#385,#386,#387,#388,#389,#390,#391,#392,#393,#394,#395,
#396,#397,#398,#399,#400,#401,#402,#403,#404,#405,#406,#407,#408,#409,#410,
#411,#412,#413,#414,#415,#416,#417,#418,#419,#420,#421,#422,#423,#424,#425,
#426,#427,#428,#429,#430,#431,#432,#433,#434,#435,#436,#437,#438,#439,#440,
#441,#442,#443,#444,#445,#446,#447,#448,#449,#450,#451,#452,#453,#454,#455,
#456,#457,#458,#459,#460,#461,#462,#463,#464,#465,#466,#467,#468,#469,#470,
#471,#472,#473,#474,#475,#476,#477,#478,#479,#480,#481,#482,#483,#484,#485,
#486,#487,#488,#489,#490,#491,#492,#493,#494,#495,#496,#497,#498,#499,#500,
#501,#502,#503,#504,#505,#506,#507,#508,#509,#510,#511,#512,#513,#514,#515,
#516,#517,#518,#519,#520,#521,#522,#523,#524,#525,#526,#527,#528,#529,#530,
#531,#532,#533,#534,#535,#536,#537,#538,#539,#540,#541,#542,#543,#544,#545,
#546,#547,#548,#549,#550,#551,#552,#553,#554,#555,#556,#557,#558,#559,#560,
#561,#562,#563,#564,#565,#566,#567,#568,#569,#570,#571,#572,#573,#574,#575,
#576,#577,#578,#579,#580,#581,#582,#583,#584,#585,#586,#587,#588,#589,#590,
#591,#592,#593,#594,#595,#596,#597,#598,#599,#600,#601,#602,#603,#604,#605,
#606,#607,#608,#609,#610,#611,#612,#613,#614,#615,#616,#617,#618,#619,#620,
#621,#622,#623,#624,#625,#626,#627,#628,#629,#630,#631,#632,#633,#634,#635,
#636,#637,#638,#639,#640,#641,#642,#643,#644,#645,#646,#647,#648,#649,#650,
#651,#652,#653,#654,#655,#656,#657,#658,#659,#660,#661,#662,#663,#664,#665,
#666,#667,#668,#669,#670,#671,#672,#673,#674,#675),#14205);
#11=ELLIPSE('',#8421,3.19890227592311,0.647489085486819);
#12=ELLIPSE('',#8422,3.19890227592311,0.647489085486819);
#13=ELLIPSE('',#8423,10.0691029231765,0.980183475400856);
#14=ELLIPSE('',#8424,10.0691029231765,0.980183475400856);
#15=ELLIPSE('',#8426,2.32012866994656,0.425711716356866);
#16=ELLIPSE('',#8427,2.32012866994656,0.425711716356866);
#17=ELLIPSE('',#8428,16.0352797344097,1.46606213949131);
#18=ELLIPSE('',#8429,16.0352797344097,1.46606213949131);
#19=ELLIPSE('',#8447,31.3629394396961,2.17207977137577);
#20=ELLIPSE('',#8448,40.2307724628813,2.33947234861355);
#21=ELLIPSE('',#8449,24.6441258291256,1.62961570505402);
#22=ELLIPSE('',#8450,8.04544747597485,0.834454924328823);
#23=ELLIPSE('',#8451,12.5652956010412,1.10611122579157);
#24=ELLIPSE('',#8452,15.2519784131809,1.23679341333515);
#25=ELLIPSE('',#8454,40.2307724628813,2.33947234861355);
#26=ELLIPSE('',#8455,31.3629394396961,2.17207977137577);
#27=ELLIPSE('',#8456,15.2519784131809,1.23679341333515);
#28=ELLIPSE('',#8457,12.5652956010412,1.10611122579157);
#29=ELLIPSE('',#8458,8.04544747597485,0.834454924328823);
#30=ELLIPSE('',#8459,24.6441258291256,1.62961570505402);
#31=ELLIPSE('',#8495,19.5941691446679,0.809351285852871);
#32=ELLIPSE('',#8496,8.98908839442114,0.734074454533214);
#33=ELLIPSE('',#8497,6.29392157216825,0.650337533531283);
#34=ELLIPSE('',#8498,0.949704108187959,0.170825688286867);
#35=ELLIPSE('',#8499,1.61076044070808,0.286902970801692);
#36=ELLIPSE('',#8500,1.41926546597784,0.223956175537569);
#37=ELLIPSE('',#8502,6.29392157216825,0.650337533531283);
#38=ELLIPSE('',#8503,8.98908839442114,0.734074454533214);
#39=ELLIPSE('',#8504,19.5941691446679,0.809351285852871);
#40=ELLIPSE('',#8505,0.949704108187959,0.170825688286867);
#41=ELLIPSE('',#8506,1.41926546597784,0.223956175537569);
#42=ELLIPSE('',#8507,1.61076044070808,0.286902970801692);
#43=ELLIPSE('',#8517,7.59382184742835,0.903200668744328);
#44=ELLIPSE('',#8518,7.59382184742835,0.903200668744328);
#45=ELLIPSE('',#8519,2.84111224710384,0.471260494381736);
#46=ELLIPSE('',#8520,2.84111224710384,0.471260494381736);
#47=ELLIPSE('',#8521,2.67273804882592,0.369006806389735);
#48=ELLIPSE('',#8522,2.67273804882592,0.369006806389735);
#49=ELLIPSE('',#8523,3.70956901886355,0.426601123536081);
#50=ELLIPSE('',#8524,3.70956901886355,0.426601123536081);
#51=ELLIPSE('',#8525,0.622696151654647,0.107642192700907);
#52=ELLIPSE('',#8526,0.622696151654647,0.107642192700907);
#53=ELLIPSE('',#8527,2.22396422262242,0.0861411456679712);
#54=ELLIPSE('',#8528,2.22396422262242,0.0861411456679712);
#55=ELLIPSE('',#8529,0.242814356190237,0.0748653303551026);
#56=ELLIPSE('',#8530,0.242814356190237,0.0748653303551026);
#57=ELLIPSE('',#8532,1.12117387548114,0.23789814164674);
#58=ELLIPSE('',#8533,1.12117387548114,0.23789814164674);
#59=ELLIPSE('',#8534,1.19654578440785,0.134482826644293);
#60=ELLIPSE('',#8535,1.19654578440785,0.134482826644293);
#61=ELLIPSE('',#8536,0.472058174435105,0.0437783899198495);
#62=ELLIPSE('',#8537,0.472058174435105,0.0437783899198495);
#63=ELLIPSE('',#8538,15.5671181027319,0.593288033307446);
#64=ELLIPSE('',#8539,15.5671181027319,0.593288033307446);
#65=ELLIPSE('',#8551,0.120302768610135,0.0501213876656554);
#66=ELLIPSE('',#8552,0.120302768610135,0.0501213876656554);
#67=ELLIPSE('',#8571,31.3629404690559,2.17207980678727);
#68=ELLIPSE('',#8572,40.2307704349251,2.339472289667);
#69=ELLIPSE('',#8573,24.6441217885744,1.62961557145717);
#70=ELLIPSE('',#8574,8.04544795936371,0.834454949434116);
#71=ELLIPSE('',#8575,12.5652960217608,1.10611124425359);
#72=ELLIPSE('',#8576,15.2519798370287,1.23679347093487);
#73=ELLIPSE('',#8578,40.2307704349251,2.339472289667);
#74=ELLIPSE('',#8579,31.3629404690559,2.17207980678727);
#75=ELLIPSE('',#8580,15.2519798370287,1.23679347093487);
#76=ELLIPSE('',#8581,12.5652960217608,1.10611124425359);
#77=ELLIPSE('',#8582,8.04544795936371,0.834454949434116);
#78=ELLIPSE('',#8583,24.6441217885744,1.62961557145717);
#79=ELLIPSE('',#8605,0.440272523142315,0.36894312133861);
#80=ELLIPSE('',#8606,0.755657099339202,0.57428860840399);
#81=ELLIPSE('',#8607,0.4057170333803,0.375903417572983);
#82=ELLIPSE('',#8608,0.347680899043565,0.342855810248332);
#83=ELLIPSE('',#8609,0.342475827643441,0.329422327662146);
#84=ELLIPSE('',#8610,1.64119715304538,0.75190694527553);
#85=ELLIPSE('',#8611,0.37244518915246,0.333511917998055);
#86=ELLIPSE('',#8612,0.304193032108645,0.300833500933979);
#87=ELLIPSE('',#8614,0.304193032108645,0.300833500933979);
#88=ELLIPSE('',#8615,0.37244518915246,0.333511917998055);
#89=ELLIPSE('',#8616,1.64119715304538,0.75190694527553);
#90=ELLIPSE('',#8617,0.342475827643441,0.329422327662146);
#91=ELLIPSE('',#8618,0.347680899043565,0.342855810248332);
#92=ELLIPSE('',#8619,0.4057170333803,0.375903417572983);
#93=ELLIPSE('',#8620,0.755657099339202,0.57428860840399);
#94=ELLIPSE('',#8621,0.440272523142315,0.36894312133861);
#95=B_SPLINE_SURFACE_WITH_KNOTS('',3,1,((#11696,#11697),(#11698,#11699),
(#11700,#11701),(#11702,#11703)),.UNSPECIFIED.,.F.,.F.,.F.,(4,4),(2,2),
(0.,1.),(0.,0.000119999999999987),.UNSPECIFIED.);
#96=B_SPLINE_SURFACE_WITH_KNOTS('',3,1,((#11724,#11725),(#11726,#11727),
(#11728,#11729),(#11730,#11731)),.UNSPECIFIED.,.F.,.F.,.F.,(4,4),(2,2),
(12.,13.),(0.,0.000119999999999987),.UNSPECIFIED.);
#97=B_SPLINE_SURFACE_WITH_KNOTS('',3,1,((#11737,#11738),(#11739,#11740),
(#11741,#11742),(#11743,#11744)),.UNSPECIFIED.,.F.,.F.,.F.,(4,4),(2,2),
(11.,12.),(0.,0.000119999999999987),.UNSPECIFIED.);
#98=B_SPLINE_SURFACE_WITH_KNOTS('',3,1,((#11750,#11751),(#11752,#11753),
(#11754,#11755),(#11756,#11757)),.UNSPECIFIED.,.F.,.F.,.F.,(4,4),(2,2),
(10.,11.),(0.,0.000119999999999987),.UNSPECIFIED.);
#99=B_SPLINE_SURFACE_WITH_KNOTS('',3,1,((#11769,#11770),(#11771,#11772),
(#11773,#11774),(#11775,#11776)),.UNSPECIFIED.,.F.,.F.,.F.,(4,4),(2,2),
(9.,10.),(0.,0.000119999999999987),.UNSPECIFIED.);
#100=B_SPLINE_SURFACE_WITH_KNOTS('',3,1,((#11788,#11789),(#11790,#11791),
(#11792,#11793),(#11794,#11795)),.UNSPECIFIED.,.F.,.F.,.F.,(4,4),(2,2),
(8.,9.),(0.,0.000119999999999987),.UNSPECIFIED.);
#101=B_SPLINE_SURFACE_WITH_KNOTS('',3,1,((#11807,#11808),(#11809,#11810),
(#11811,#11812),(#11813,#11814)),.UNSPECIFIED.,.F.,.F.,.F.,(4,4),(2,2),
(7.,8.),(0.,0.000119999999999987),.UNSPECIFIED.);
#102=B_SPLINE_SURFACE_WITH_KNOTS('',3,1,((#11832,#11833),(#11834,#11835),
(#11836,#11837),(#11838,#11839)),.UNSPECIFIED.,.F.,.F.,.F.,(4,4),(2,2),
(5.,6.),(0.,0.000119999999999987),.UNSPECIFIED.);
#103=B_SPLINE_SURFACE_WITH_KNOTS('',3,1,((#11845,#11846),(#11847,#11848),
(#11849,#11850),(#11851,#11852)),.UNSPECIFIED.,.F.,.F.,.F.,(4,4),(2,2),
(4.,5.),(0.,0.000119999999999987),.UNSPECIFIED.);
#104=B_SPLINE_SURFACE_WITH_KNOTS('',3,1,((#11864,#11865),(#11866,#11867),
(#11868,#11869),(#11870,#11871)),.UNSPECIFIED.,.F.,.F.,.F.,(4,4),(2,2),
(3.,4.),(0.,0.000119999999999987),.UNSPECIFIED.);
#105=B_SPLINE_SURFACE_WITH_KNOTS('',3,1,((#11883,#11884),(#11885,#11886),
(#11887,#11888),(#11889,#11890)),.UNSPECIFIED.,.F.,.F.,.F.,(4,4),(2,2),
(2.,3.),(0.,0.000119999999999987),.UNSPECIFIED.);
#106=B_SPLINE_SURFACE_WITH_KNOTS('',3,1,((#11896,#11897),(#11898,#11899),
(#11900,#11901),(#11902,#11903)),.UNSPECIFIED.,.F.,.F.,.F.,(4,4),(2,2),
(1.,2.),(0.,0.000119999999999987),.UNSPECIFIED.);
#107=B_SPLINE_SURFACE_WITH_KNOTS('',3,1,((#12061,#12062),(#12063,#12064),
(#12065,#12066),(#12067,#12068)),.UNSPECIFIED.,.F.,.F.,.F.,(4,4),(2,2),
(5.,6.),(0.,0.000119999999999987),.UNSPECIFIED.);
#108=B_SPLINE_SURFACE_WITH_KNOTS('',3,1,((#12070,#12071),(#12072,#12073),
(#12074,#12075),(#12076,#12077)),.UNSPECIFIED.,.F.,.F.,.F.,(4,4),(2,2),
(4.,5.),(0.,0.000119999999999987),.UNSPECIFIED.);
#109=B_SPLINE_SURFACE_WITH_KNOTS('',3,1,((#12079,#12080),(#12081,#12082),
(#12083,#12084),(#12085,#12086)),.UNSPECIFIED.,.F.,.F.,.F.,(4,4),(2,2),
(3.,4.),(0.,0.000119999999999987),.UNSPECIFIED.);
#110=B_SPLINE_SURFACE_WITH_KNOTS('',3,1,((#12088,#12089),(#12090,#12091),
(#12092,#12093),(#12094,#12095)),.UNSPECIFIED.,.F.,.F.,.F.,(4,4),(2,2),
(2.,3.),(0.,0.000119999999999987),.UNSPECIFIED.);
#111=B_SPLINE_SURFACE_WITH_KNOTS('',3,1,((#12107,#12108),(#12109,#12110),
(#12111,#12112),(#12113,#12114)),.UNSPECIFIED.,.F.,.F.,.F.,(4,4),(2,2),
(2.,3.),(0.,0.000119999999999987),.UNSPECIFIED.);
#112=B_SPLINE_SURFACE_WITH_KNOTS('',3,1,((#12116,#12117),(#12118,#12119),
(#12120,#12121),(#12122,#12123)),.UNSPECIFIED.,.F.,.F.,.F.,(4,4),(2,2),
(3.,4.),(0.,0.000119999999999987),.UNSPECIFIED.);
#113=B_SPLINE_SURFACE_WITH_KNOTS('',3,1,((#12125,#12126),(#12127,#12128),
(#12129,#12130),(#12131,#12132)),.UNSPECIFIED.,.F.,.F.,.F.,(4,4),(2,2),
(4.,5.),(0.,0.000119999999999987),.UNSPECIFIED.);
#114=B_SPLINE_SURFACE_WITH_KNOTS('',3,1,((#12134,#12135),(#12136,#12137),
(#12138,#12139),(#12140,#12141)),.UNSPECIFIED.,.F.,.F.,.F.,(4,4),(2,2),
(5.,6.),(0.,0.000119999999999987),.UNSPECIFIED.);
#115=B_SPLINE_SURFACE_WITH_KNOTS('',3,1,((#12233,#12234),(#12235,#12236),
(#12237,#12238),(#12239,#12240)),.UNSPECIFIED.,.F.,.F.,.F.,(4,4),(2,2),
(1.,2.),(0.,0.000119999999999987),.UNSPECIFIED.);
#116=B_SPLINE_SURFACE_WITH_KNOTS('',3,1,((#12244,#12245),(#12246,#12247),
(#12248,#12249),(#12250,#12251)),.UNSPECIFIED.,.F.,.F.,.F.,(4,4),(2,2),
(3.,4.),(0.,0.000119999999999987),.UNSPECIFIED.);
#117=B_SPLINE_SURFACE_WITH_KNOTS('',3,1,((#12466,#12467),(#12468,#12469),
(#12470,#12471),(#12472,#12473)),.UNSPECIFIED.,.F.,.F.,.F.,(4,4),(2,2),
(0.,1.),(0.,0.000119999999999987),.UNSPECIFIED.);
#118=B_SPLINE_SURFACE_WITH_KNOTS('',3,1,((#12478,#12479),(#12480,#12481),
(#12482,#12483),(#12484,#12485)),.UNSPECIFIED.,.F.,.F.,.F.,(4,4),(2,2),
(12.,13.),(0.,0.000119999999999987),.UNSPECIFIED.);
#119=B_SPLINE_SURFACE_WITH_KNOTS('',3,1,((#12487,#12488),(#12489,#12490),
(#12491,#12492),(#12493,#12494)),.UNSPECIFIED.,.F.,.F.,.F.,(4,4),(2,2),
(11.,12.),(0.,0.000119999999999987),.UNSPECIFIED.);
#120=B_SPLINE_SURFACE_WITH_KNOTS('',3,1,((#12498,#12499),(#12500,#12501),
(#12502,#12503),(#12504,#12505)),.UNSPECIFIED.,.F.,.F.,.F.,(4,4),(2,2),
(9.,10.),(0.,0.000119999999999987),.UNSPECIFIED.);
#121=B_SPLINE_SURFACE_WITH_KNOTS('',3,1,((#12507,#12508),(#12509,#12510),
(#12511,#12512),(#12513,#12514)),.UNSPECIFIED.,.F.,.F.,.F.,(4,4),(2,2),
(8.,9.),(0.,0.000119999999999987),.UNSPECIFIED.);
#122=B_SPLINE_SURFACE_WITH_KNOTS('',3,1,((#12516,#12517),(#12518,#12519),
(#12520,#12521),(#12522,#12523)),.UNSPECIFIED.,.F.,.F.,.F.,(4,4),(2,2),
(7.,8.),(0.,0.000119999999999987),.UNSPECIFIED.);
#123=B_SPLINE_SURFACE_WITH_KNOTS('',3,1,((#12525,#12526),(#12527,#12528),
(#12529,#12530),(#12531,#12532)),.UNSPECIFIED.,.F.,.F.,.F.,(4,4),(2,2),
(6.,7.),(0.,0.000119999999999987),.UNSPECIFIED.);
#124=B_SPLINE_SURFACE_WITH_KNOTS('',3,1,((#12542,#12543),(#12544,#12545),
(#12546,#12547),(#12548,#12549)),.UNSPECIFIED.,.F.,.F.,.F.,(4,4),(2,2),
(1.,2.),(0.,0.000119999999999987),.UNSPECIFIED.);
#125=B_SPLINE_SURFACE_WITH_KNOTS('',3,1,((#12550,#12551),(#12552,#12553),
(#12554,#12555),(#12556,#12557)),.UNSPECIFIED.,.F.,.F.,.F.,(4,4),(2,2),
(0.,1.),(0.,0.000119999999999987),.UNSPECIFIED.);
#126=B_SPLINE_SURFACE_WITH_KNOTS('',3,1,((#12560,#12561),(#12562,#12563),
(#12564,#12565),(#12566,#12567)),.UNSPECIFIED.,.F.,.F.,.F.,(4,4),(2,2),
(1.,2.),(0.,0.000119999999999987),.UNSPECIFIED.);
#127=B_SPLINE_SURFACE_WITH_KNOTS('',3,1,((#12569,#12570),(#12571,#12572),
(#12573,#12574),(#12575,#12576)),.UNSPECIFIED.,.F.,.F.,.F.,(4,4),(2,2),
(2.,3.),(0.,0.000119999999999987),.UNSPECIFIED.);
#128=B_SPLINE_SURFACE_WITH_KNOTS('',3,1,((#12578,#12579),(#12580,#12581),
(#12582,#12583),(#12584,#12585)),.UNSPECIFIED.,.F.,.F.,.F.,(4,4),(2,2),
(3.,4.),(0.,0.000119999999999987),.UNSPECIFIED.);
#129=B_SPLINE_SURFACE_WITH_KNOTS('',3,1,((#12587,#12588),(#12589,#12590),
(#12591,#12592),(#12593,#12594)),.UNSPECIFIED.,.F.,.F.,.F.,(4,4),(2,2),
(4.,5.),(0.,0.000119999999999987),.UNSPECIFIED.);
#130=B_SPLINE_SURFACE_WITH_KNOTS('',3,1,((#12596,#12597),(#12598,#12599),
(#12600,#12601),(#12602,#12603)),.UNSPECIFIED.,.F.,.F.,.F.,(4,4),(2,2),
(5.,6.),(0.,0.000119999999999987),.UNSPECIFIED.);
#131=B_SPLINE_SURFACE_WITH_KNOTS('',3,1,((#12608,#12609),(#12610,#12611),
(#12612,#12613),(#12614,#12615)),.UNSPECIFIED.,.F.,.F.,.F.,(4,4),(2,2),
(0.,1.),(0.,0.000119999999999987),.UNSPECIFIED.);
#132=B_SPLINE_SURFACE_WITH_KNOTS('',3,1,((#12636,#12637),(#12638,#12639),
(#12640,#12641),(#12642,#12643)),.UNSPECIFIED.,.F.,.F.,.F.,(4,4),(2,2),
(19.,20.),(0.,0.000119999999999987),.UNSPECIFIED.);
#133=B_SPLINE_SURFACE_WITH_KNOTS('',3,1,((#12649,#12650),(#12651,#12652),
(#12653,#12654),(#12655,#12656)),.UNSPECIFIED.,.F.,.F.,.F.,(4,4),(2,2),
(18.,19.),(0.,0.000119999999999987),.UNSPECIFIED.);
#134=B_SPLINE_SURFACE_WITH_KNOTS('',3,1,((#12662,#12663),(#12664,#12665),
(#12666,#12667),(#12668,#12669)),.UNSPECIFIED.,.F.,.F.,.F.,(4,4),(2,2),
(17.,18.),(0.,0.000119999999999987),.UNSPECIFIED.);
#135=B_SPLINE_SURFACE_WITH_KNOTS('',3,1,((#12675,#12676),(#12677,#12678),
(#12679,#12680),(#12681,#12682)),.UNSPECIFIED.,.F.,.F.,.F.,(4,4),(2,2),
(16.,17.),(0.,0.000119999999999987),.UNSPECIFIED.);
#136=B_SPLINE_SURFACE_WITH_KNOTS('',3,1,((#12688,#12689),(#12690,#12691),
(#12692,#12693),(#12694,#12695)),.UNSPECIFIED.,.F.,.F.,.F.,(4,4),(2,2),
(15.,16.),(0.,0.000119999999999987),.UNSPECIFIED.);
#137=B_SPLINE_SURFACE_WITH_KNOTS('',3,1,((#12701,#12702),(#12703,#12704),
(#12705,#12706),(#12707,#12708)),.UNSPECIFIED.,.F.,.F.,.F.,(4,4),(2,2),
(14.,15.),(0.,0.000119999999999987),.UNSPECIFIED.);
#138=B_SPLINE_SURFACE_WITH_KNOTS('',3,1,((#12714,#12715),(#12716,#12717),
(#12718,#12719),(#12720,#12721)),.UNSPECIFIED.,.F.,.F.,.F.,(4,4),(2,2),
(13.,14.),(0.,0.000119999999999987),.UNSPECIFIED.);
#139=B_SPLINE_SURFACE_WITH_KNOTS('',3,1,((#12733,#12734),(#12735,#12736),
(#12737,#12738),(#12739,#12740)),.UNSPECIFIED.,.F.,.F.,.F.,(4,4),(2,2),
(12.,13.),(0.,0.000119999999999987),.UNSPECIFIED.);
#140=B_SPLINE_SURFACE_WITH_KNOTS('',3,1,((#12746,#12747),(#12748,#12749),
(#12750,#12751),(#12752,#12753)),.UNSPECIFIED.,.F.,.F.,.F.,(4,4),(2,2),
(11.,12.),(0.,0.000119999999999987),.UNSPECIFIED.);
#141=B_SPLINE_SURFACE_WITH_KNOTS('',3,1,((#12765,#12766),(#12767,#12768),
(#12769,#12770),(#12771,#12772)),.UNSPECIFIED.,.F.,.F.,.F.,(4,4),(2,2),
(10.,11.),(0.,0.000119999999999987),.UNSPECIFIED.);
#142=B_SPLINE_SURFACE_WITH_KNOTS('',3,1,((#12790,#12791),(#12792,#12793),
(#12794,#12795),(#12796,#12797)),.UNSPECIFIED.,.F.,.F.,.F.,(4,4),(2,2),
(8.,9.),(0.,0.000119999999999987),.UNSPECIFIED.);
#143=B_SPLINE_SURFACE_WITH_KNOTS('',3,1,((#12809,#12810),(#12811,#12812),
(#12813,#12814),(#12815,#12816)),.UNSPECIFIED.,.F.,.F.,.F.,(4,4),(2,2),
(7.,8.),(0.,0.000119999999999987),.UNSPECIFIED.);
#144=B_SPLINE_SURFACE_WITH_KNOTS('',3,1,((#12828,#12829),(#12830,#12831),
(#12832,#12833),(#12834,#12835)),.UNSPECIFIED.,.F.,.F.,.F.,(4,4),(2,2),
(6.,7.),(0.,0.000119999999999987),.UNSPECIFIED.);
#145=B_SPLINE_SURFACE_WITH_KNOTS('',3,1,((#12847,#12848),(#12849,#12850),
(#12851,#12852),(#12853,#12854)),.UNSPECIFIED.,.F.,.F.,.F.,(4,4),(2,2),
(5.,6.),(0.,0.000119999999999987),.UNSPECIFIED.);
#146=B_SPLINE_SURFACE_WITH_KNOTS('',3,1,((#12860,#12861),(#12862,#12863),
(#12864,#12865),(#12866,#12867)),.UNSPECIFIED.,.F.,.F.,.F.,(4,4),(2,2),
(4.,5.),(0.,0.000119999999999987),.UNSPECIFIED.);
#147=B_SPLINE_SURFACE_WITH_KNOTS('',3,1,((#12873,#12874),(#12875,#12876),
(#12877,#12878),(#12879,#12880)),.UNSPECIFIED.,.F.,.F.,.F.,(4,4),(2,2),
(3.,4.),(0.,0.000119999999999987),.UNSPECIFIED.);
#148=B_SPLINE_SURFACE_WITH_KNOTS('',3,1,((#12886,#12887),(#12888,#12889),
(#12890,#12891),(#12892,#12893)),.UNSPECIFIED.,.F.,.F.,.F.,(4,4),(2,2),
(2.,3.),(0.,0.000119999999999987),.UNSPECIFIED.);
#149=B_SPLINE_SURFACE_WITH_KNOTS('',3,1,((#12905,#12906),(#12907,#12908),
(#12909,#12910),(#12911,#12912)),.UNSPECIFIED.,.F.,.F.,.F.,(4,4),(2,2),
(1.,2.),(0.,0.000119999999999987),.UNSPECIFIED.);
#150=B_SPLINE_SURFACE_WITH_KNOTS('',3,1,((#12932,#12933),(#12934,#12935),
(#12936,#12937),(#12938,#12939)),.UNSPECIFIED.,.F.,.F.,.F.,(4,4),(2,2),
(12.,13.),(0.,0.000119999999999987),.UNSPECIFIED.);
#151=B_SPLINE_SURFACE_WITH_KNOTS('',3,1,((#12987,#12988),(#12989,#12990),
(#12991,#12992),(#12993,#12994)),.UNSPECIFIED.,.F.,.F.,.F.,(4,4),(2,2),
(5.,6.),(0.,0.000119999999999987),.UNSPECIFIED.);
#152=B_SPLINE_SURFACE_WITH_KNOTS('',3,1,((#13006,#13007),(#13008,#13009),
(#13010,#13011),(#13012,#13013)),.UNSPECIFIED.,.F.,.F.,.F.,(4,4),(2,2),
(4.,5.),(0.,0.000119999999999987),.UNSPECIFIED.);
#153=B_SPLINE_SURFACE_WITH_KNOTS('',3,1,((#13031,#13032),(#13033,#13034),
(#13035,#13036),(#13037,#13038)),.UNSPECIFIED.,.F.,.F.,.F.,(4,4),(2,2),
(2.,3.),(0.,0.000119999999999987),.UNSPECIFIED.);
#154=B_SPLINE_SURFACE_WITH_KNOTS('',3,1,((#13044,#13045),(#13046,#13047),
(#13048,#13049),(#13050,#13051)),.UNSPECIFIED.,.F.,.F.,.F.,(4,4),(2,2),
(1.,2.),(0.,0.000119999999999987),.UNSPECIFIED.);
#155=B_SPLINE_SURFACE_WITH_KNOTS('',3,1,((#13215,#13216),(#13217,#13218),
(#13219,#13220),(#13221,#13222)),.UNSPECIFIED.,.F.,.F.,.F.,(4,4),(2,2),
(5.,6.),(0.,0.000119999999999987),.UNSPECIFIED.);
#156=B_SPLINE_SURFACE_WITH_KNOTS('',3,1,((#13224,#13225),(#13226,#13227),
(#13228,#13229),(#13230,#13231)),.UNSPECIFIED.,.F.,.F.,.F.,(4,4),(2,2),
(4.,5.),(0.,0.000119999999999987),.UNSPECIFIED.);
#157=B_SPLINE_SURFACE_WITH_KNOTS('',3,1,((#13233,#13234),(#13235,#13236),
(#13237,#13238),(#13239,#13240)),.UNSPECIFIED.,.F.,.F.,.F.,(4,4),(2,2),
(3.,4.),(0.,0.000119999999999987),.UNSPECIFIED.);
#158=B_SPLINE_SURFACE_WITH_KNOTS('',3,1,((#13242,#13243),(#13244,#13245),
(#13246,#13247),(#13248,#13249)),.UNSPECIFIED.,.F.,.F.,.F.,(4,4),(2,2),
(2.,3.),(0.,0.000119999999999987),.UNSPECIFIED.);
#159=B_SPLINE_SURFACE_WITH_KNOTS('',3,1,((#13261,#13262),(#13263,#13264),
(#13265,#13266),(#13267,#13268)),.UNSPECIFIED.,.F.,.F.,.F.,(4,4),(2,2),
(2.,3.),(0.,0.000119999999999987),.UNSPECIFIED.);
#160=B_SPLINE_SURFACE_WITH_KNOTS('',3,1,((#13270,#13271),(#13272,#13273),
(#13274,#13275),(#13276,#13277)),.UNSPECIFIED.,.F.,.F.,.F.,(4,4),(2,2),
(3.,4.),(0.,0.000119999999999987),.UNSPECIFIED.);
#161=B_SPLINE_SURFACE_WITH_KNOTS('',3,1,((#13279,#13280),(#13281,#13282),
(#13283,#13284),(#13285,#13286)),.UNSPECIFIED.,.F.,.F.,.F.,(4,4),(2,2),
(4.,5.),(0.,0.000119999999999987),.UNSPECIFIED.);
#162=B_SPLINE_SURFACE_WITH_KNOTS('',3,1,((#13288,#13289),(#13290,#13291),
(#13292,#13293),(#13294,#13295)),.UNSPECIFIED.,.F.,.F.,.F.,(4,4),(2,2),
(5.,6.),(0.,0.000119999999999987),.UNSPECIFIED.);
#163=B_SPLINE_SURFACE_WITH_KNOTS('',3,1,((#13387,#13388),(#13389,#13390),
(#13391,#13392),(#13393,#13394)),.UNSPECIFIED.,.F.,.F.,.F.,(4,4),(2,2),
(1.,2.),(0.,0.000119999999999987),.UNSPECIFIED.);
#164=B_SPLINE_SURFACE_WITH_KNOTS('',3,1,((#13398,#13399),(#13400,#13401),
(#13402,#13403),(#13404,#13405)),.UNSPECIFIED.,.F.,.F.,.F.,(4,4),(2,2),
(3.,4.),(0.,0.000119999999999987),.UNSPECIFIED.);
#165=B_SPLINE_SURFACE_WITH_KNOTS('',3,1,((#13686,#13687),(#13688,#13689),
(#13690,#13691),(#13692,#13693)),.UNSPECIFIED.,.F.,.F.,.F.,(4,4),(2,2),
(35.,36.),(0.,0.000119999999999987),.UNSPECIFIED.);
#166=B_SPLINE_SURFACE_WITH_KNOTS('',3,1,((#13696,#13697),(#13698,#13699),
(#13700,#13701),(#13702,#13703)),.UNSPECIFIED.,.F.,.F.,.F.,(4,4),(2,2),
(0.,1.),(0.,0.000119999999999987),.UNSPECIFIED.);
#167=B_SPLINE_SURFACE_WITH_KNOTS('',3,1,((#13705,#13706),(#13707,#13708),
(#13709,#13710),(#13711,#13712)),.UNSPECIFIED.,.F.,.F.,.F.,(4,4),(2,2),
(1.,2.),(0.,0.000119999999999987),.UNSPECIFIED.);
#168=B_SPLINE_SURFACE_WITH_KNOTS('',3,1,((#13714,#13715),(#13716,#13717),
(#13718,#13719),(#13720,#13721)),.UNSPECIFIED.,.F.,.F.,.F.,(4,4),(2,2),
(2.,3.),(0.,0.000119999999999987),.UNSPECIFIED.);
#169=B_SPLINE_SURFACE_WITH_KNOTS('',3,1,((#13723,#13724),(#13725,#13726),
(#13727,#13728),(#13729,#13730)),.UNSPECIFIED.,.F.,.F.,.F.,(4,4),(2,2),
(3.,4.),(0.,0.000119999999999987),.UNSPECIFIED.);
#170=B_SPLINE_SURFACE_WITH_KNOTS('',3,1,((#13732,#13733),(#13734,#13735),
(#13736,#13737),(#13738,#13739)),.UNSPECIFIED.,.F.,.F.,.F.,(4,4),(2,2),
(4.,5.),(0.,0.000119999999999987),.UNSPECIFIED.);
#171=B_SPLINE_SURFACE_WITH_KNOTS('',3,1,((#13741,#13742),(#13743,#13744),
(#13745,#13746),(#13747,#13748)),.UNSPECIFIED.,.F.,.F.,.F.,(4,4),(2,2),
(5.,6.),(0.,0.000119999999999987),.UNSPECIFIED.);
#172=B_SPLINE_SURFACE_WITH_KNOTS('',3,1,((#13750,#13751),(#13752,#13753),
(#13754,#13755),(#13756,#13757)),.UNSPECIFIED.,.F.,.F.,.F.,(4,4),(2,2),
(6.,7.),(0.,0.000119999999999987),.UNSPECIFIED.);
#173=B_SPLINE_SURFACE_WITH_KNOTS('',3,1,((#13759,#13760),(#13761,#13762),
(#13763,#13764),(#13765,#13766)),.UNSPECIFIED.,.F.,.F.,.F.,(4,4),(2,2),
(7.,8.),(0.,0.000119999999999987),.UNSPECIFIED.);
#174=B_SPLINE_SURFACE_WITH_KNOTS('',3,1,((#13768,#13769),(#13770,#13771),
(#13772,#13773),(#13774,#13775)),.UNSPECIFIED.,.F.,.F.,.F.,(4,4),(2,2),
(8.,9.),(0.,0.000119999999999987),.UNSPECIFIED.);
#175=B_SPLINE_SURFACE_WITH_KNOTS('',3,1,((#13777,#13778),(#13779,#13780),
(#13781,#13782),(#13783,#13784)),.UNSPECIFIED.,.F.,.F.,.F.,(4,4),(2,2),
(9.,10.),(0.,0.000119999999999987),.UNSPECIFIED.);
#176=B_SPLINE_SURFACE_WITH_KNOTS('',3,1,((#13786,#13787),(#13788,#13789),
(#13790,#13791),(#13792,#13793)),.UNSPECIFIED.,.F.,.F.,.F.,(4,4),(2,2),
(10.,11.),(0.,0.000119999999999987),.UNSPECIFIED.);
#177=B_SPLINE_SURFACE_WITH_KNOTS('',3,1,((#13803,#13804),(#13805,#13806),
(#13807,#13808),(#13809,#13810)),.UNSPECIFIED.,.F.,.F.,.F.,(4,4),(2,2),
(15.,16.),(0.,0.000119999999999987),.UNSPECIFIED.);
#178=B_SPLINE_SURFACE_WITH_KNOTS('',3,1,((#13812,#13813),(#13814,#13815),
(#13816,#13817),(#13818,#13819)),.UNSPECIFIED.,.F.,.F.,.F.,(4,4),(2,2),
(16.,17.),(0.,0.000119999999999987),.UNSPECIFIED.);
#179=B_SPLINE_SURFACE_WITH_KNOTS('',3,1,((#13821,#13822),(#13823,#13824),
(#13825,#13826),(#13827,#13828)),.UNSPECIFIED.,.F.,.F.,.F.,(4,4),(2,2),
(17.,18.),(0.,0.000119999999999987),.UNSPECIFIED.);
#180=B_SPLINE_SURFACE_WITH_KNOTS('',3,1,((#13830,#13831),(#13832,#13833),
(#13834,#13835),(#13836,#13837)),.UNSPECIFIED.,.F.,.F.,.F.,(4,4),(2,2),
(18.,19.),(0.,0.000119999999999987),.UNSPECIFIED.);
#181=B_SPLINE_SURFACE_WITH_KNOTS('',3,1,((#13839,#13840),(#13841,#13842),
(#13843,#13844),(#13845,#13846)),.UNSPECIFIED.,.F.,.F.,.F.,(4,4),(2,2),
(19.,20.),(0.,0.000119999999999987),.UNSPECIFIED.);
#182=B_SPLINE_SURFACE_WITH_KNOTS('',3,1,((#13848,#13849),(#13850,#13851),
(#13852,#13853),(#13854,#13855)),.UNSPECIFIED.,.F.,.F.,.F.,(4,4),(2,2),
(20.,21.),(0.,0.000119999999999987),.UNSPECIFIED.);
#183=B_SPLINE_SURFACE_WITH_KNOTS('',3,1,((#13857,#13858),(#13859,#13860),
(#13861,#13862),(#13863,#13864)),.UNSPECIFIED.,.F.,.F.,.F.,(4,4),(2,2),
(21.,22.),(0.,0.000119999999999987),.UNSPECIFIED.);
#184=B_SPLINE_SURFACE_WITH_KNOTS('',3,1,((#13868,#13869),(#13870,#13871),
(#13872,#13873),(#13874,#13875)),.UNSPECIFIED.,.F.,.F.,.F.,(4,4),(2,2),
(23.,24.),(0.,0.000119999999999987),.UNSPECIFIED.);
#185=B_SPLINE_SURFACE_WITH_KNOTS('',3,1,((#13877,#13878),(#13879,#13880),
(#13881,#13882),(#13883,#13884)),.UNSPECIFIED.,.F.,.F.,.F.,(4,4),(2,2),
(24.,25.),(0.,0.000119999999999987),.UNSPECIFIED.);
#186=B_SPLINE_SURFACE_WITH_KNOTS('',3,1,((#13888,#13889),(#13890,#13891),
(#13892,#13893),(#13894,#13895)),.UNSPECIFIED.,.F.,.F.,.F.,(4,4),(2,2),
(26.,27.),(0.,0.000119999999999987),.UNSPECIFIED.);
#187=B_SPLINE_SURFACE_WITH_KNOTS('',3,1,((#13897,#13898),(#13899,#13900),
(#13901,#13902),(#13903,#13904)),.UNSPECIFIED.,.F.,.F.,.F.,(4,4),(2,2),
(27.,28.),(0.,0.000119999999999987),.UNSPECIFIED.);
#188=B_SPLINE_SURFACE_WITH_KNOTS('',3,1,((#13906,#13907),(#13908,#13909),
(#13910,#13911),(#13912,#13913)),.UNSPECIFIED.,.F.,.F.,.F.,(4,4),(2,2),
(28.,29.),(0.,0.000119999999999987),.UNSPECIFIED.);
#189=B_SPLINE_SURFACE_WITH_KNOTS('',3,1,((#13917,#13918),(#13919,#13920),
(#13921,#13922),(#13923,#13924)),.UNSPECIFIED.,.F.,.F.,.F.,(4,4),(2,2),
(33.,34.),(0.,0.000119999999999987),.UNSPECIFIED.);
#190=B_SPLINE_SURFACE_WITH_KNOTS('',3,1,((#13926,#13927),(#13928,#13929),
(#13930,#13931),(#13932,#13933)),.UNSPECIFIED.,.F.,.F.,.F.,(4,4),(2,2),
(34.,35.),(0.,0.000119999999999987),.UNSPECIFIED.);
#191=B_SPLINE_SURFACE_WITH_KNOTS('',3,1,((#13934,#13935),(#13936,#13937),
(#13938,#13939),(#13940,#13941),(#13942,#13943),(#13944,#13945),(#13946,
#13947)),.UNSPECIFIED.,.F.,.F.,.F.,(4,3,4),(2,2),(0.,1.,2.),(0.,0.000119999999999987),
 .UNSPECIFIED.);
#192=B_SPLINE_SURFACE_WITH_KNOTS('',3,1,((#13950,#13951),(#13952,#13953),
(#13954,#13955),(#13956,#13957),(#13958,#13959),(#13960,#13961)),
 .UNSPECIFIED.,.F.,.F.,.F.,(4,2,4),(2,2),(2.,3.,4.),(0.,0.000119999999999987),
 .UNSPECIFIED.);
#193=TOROIDAL_SURFACE('',#8386,0.6,0.3);
#194=SPHERICAL_SURFACE('',#8374,0.3);
#195=SPHERICAL_SURFACE('',#8376,0.3);
#196=SPHERICAL_SURFACE('',#8388,0.3);
#197=SPHERICAL_SURFACE('',#8398,0.3);
#198=SPHERICAL_SURFACE('',#8400,0.3);
#199=B_SPLINE_CURVE_WITH_KNOTS('',3,(#10949,#10950,#10951,#10952,#10953,
#10954,#10955),.UNSPECIFIED.,.F.,.F.,(4,1,1,1,4),(0.,0.174481715317,0.398285759128,
0.673897847399,1.),.UNSPECIFIED.);
#200=B_SPLINE_CURVE_WITH_KNOTS('',3,(#10958,#10959,#10960,#10961,#10962,
#10963,#10964),.UNSPECIFIED.,.F.,.F.,(4,1,1,1,4),(0.,0.300541113159,0.567747146484,
0.800033613737,1.),.UNSPECIFIED.);
#201=B_SPLINE_CURVE_WITH_KNOTS('',3,(#11060,#11061,#11062,#11063,#11064,
#11065,#11066,#11067,#11068,#11069,#11070),.UNSPECIFIED.,.F.,.F.,(4,1,1,
1,1,1,1,1,4),(0.,0.135294604763,0.266765657925,0.394816018836,0.520051654434,
0.642175702971,0.762651820558,0.881834004381,1.),.UNSPECIFIED.);
#202=B_SPLINE_CURVE_WITH_KNOTS('',3,(#11074,#11075,#11076,#11077,#11078,
#11079,#11080,#11081,#11082,#11083,#11084),.UNSPECIFIED.,.F.,.F.,(4,1,1,
1,1,1,1,1,4),(0.,0.112448389909,0.226527675213,0.344401949326,0.465864972487,
0.591659449352,0.722168487025,0.858606387555,1.),.UNSPECIFIED.);
#203=B_SPLINE_CURVE_WITH_KNOTS('',3,(#11086,#11087,#11088,#11089,#11090,
#11091,#11092,#11093,#11094,#11095,#11096,#11097,#11098,#11099,#11100,#11101,
#11102,#11103,#11104),.UNSPECIFIED.,.F.,.F.,(4,1,1,1,1,1,1,1,1,1,1,1,1,
1,1,1,4),(0.,0.06783324845577,0.132655536508,0.195050884051,0.255582933069,
0.314799834147,0.373600472826,0.432545595327,0.492430629284,0.552671255963,
0.612513044188,0.672610250357,0.733838369314,0.796594238568,0.861449799291,
0.929198942351,1.),.UNSPECIFIED.);
#204=B_SPLINE_CURVE_WITH_KNOTS('',3,(#11106,#11107,#11108,#11109,#11110,
#11111,#11112,#11113,#11114,#11115,#11116,#11117,#11118,#11119,#11120,#11121,
#11122,#11123,#11124),.UNSPECIFIED.,.F.,.F.,(4,1,1,1,1,1,1,1,1,1,1,1,1,
1,1,1,4),(0.,0.07064371857535,0.138256715509,0.203364124218,0.266324093803,
0.327904761543,0.388737715173,0.449423528109,0.510861011459,0.572079396048,
0.631734428731,0.691117210579,0.75036002949,0.810032900531,0.871362450829,
0.934427141231,1.),.UNSPECIFIED.);
#205=B_SPLINE_CURVE_WITH_KNOTS('',3,(#11126,#11127,#11128,#11129,#11130,
#11131,#11132,#11133,#11134,#11135,#11136),.UNSPECIFIED.,.F.,.F.,(4,1,1,
1,1,1,1,1,4),(0.,0.145186866472,0.28344261092,0.416524365929,0.543181123535,
0.665153082638,0.781360206313,0.892756655642,1.),.UNSPECIFIED.);
#206=B_SPLINE_CURVE_WITH_KNOTS('',3,(#11140,#11141,#11142,#11143,#11144,
#11145,#11146,#11147,#11148,#11149,#11150),.UNSPECIFIED.,.F.,.F.,(4,1,1,
1,1,1,1,1,4),(0.,0.125279696736,0.249419970742,0.373356799493,0.496681278782,
0.620202915744,0.745086320161,0.871269195019,1.),.UNSPECIFIED.);
#207=B_SPLINE_CURVE_WITH_KNOTS('',3,(#11152,#11153,#11154,#11155,#11156,
#11157,#11158,#11159,#11160,#11161,#11162,#11163,#11164,#11165,#11166,#11167,
#11168,#11169,#11170),.UNSPECIFIED.,.F.,.F.,(4,1,1,1,1,1,1,1,1,1,1,1,1,
1,1,1,4),(0.,0.06460397028839,0.126702413963,0.186756814036,0.245505687365,
0.30365202445,0.361503073971,0.420240222928,0.480033340777,0.540678134776,
0.601191806381,0.662333502477,0.724739510297,0.789467736173,0.856504860044,
0.926312095839,1.),.UNSPECIFIED.);
#208=B_SPLINE_CURVE_WITH_KNOTS('',3,(#11171,#11172,#11173,#11174,#11175,
#11176,#11177,#11178,#11179,#11180,#11181,#11182,#11183,#11184,#11185,#11186,
#11187,#11188,#11189),.UNSPECIFIED.,.F.,.F.,(4,1,1,1,1,1,1,1,1,1,1,1,1,
1,1,1,4),(0.,0.07377411937406,0.144079114726,0.211348518309,0.27607688574,
0.33852091582,0.399885116693,0.460254067465,0.520588964391,0.580207684563,
0.638632908553,0.696364549491,0.75400177466,0.812805681374,0.872754425526,
0.935181996978,1.),.UNSPECIFIED.);
#209=B_SPLINE_CURVE_WITH_KNOTS('',3,(#11216,#11217,#11218,#11219,#11220,
#11221,#11222,#11223,#11224,#11225,#11226,#11227,#11228,#11229,#11230,#11231,
#11232,#11233,#11234),.UNSPECIFIED.,.F.,.F.,(4,1,1,1,1,1,1,1,1,1,1,1,1,
1,1,1,4),(0.,0.06806869584499,0.133427432819,0.196146033813,0.257048592449,
0.316882663159,0.376187208666,0.435960335364,0.496535236863,0.557465343481,
0.61768686341,0.677943640697,0.738805284806,0.800949336767,0.86481466747,
0.931024781079,1.),.UNSPECIFIED.);
#210=B_SPLINE_CURVE_WITH_KNOTS('',3,(#11241,#11242,#11243,#11244,#11245,
#11246,#11247,#11248,#11249,#11250,#11251,#11252,#11253,#11254,#11255,#11256,
#11257,#11258,#11259),.UNSPECIFIED.,.F.,.F.,(4,1,1,1,1,1,1,1,1,1,1,1,1,
1,1,1,4),(0.,0.0686311786766,0.134566466039,0.198328154011,0.260789766641,
0.321999151484,0.382721746503,0.443537474036,0.505133429485,0.566213874765,
0.626105864618,0.685349322161,0.744995870348,0.805415841815,0.867636266346,
0.932307782302,1.),.UNSPECIFIED.);
#211=B_SPLINE_CURVE_WITH_KNOTS('',3,(#11279,#11280,#11281,#11282,#11283,
#11284,#11285,#11286,#11287,#11288,#11289,#11290,#11291,#11292,#11293,#11294,
#11295,#11296,#11297),.UNSPECIFIED.,.F.,.F.,(4,1,1,1,1,1,1,1,1,1,1,1,1,
1,1,1,4),(0.,0.07430379644282,0.144393610364,0.210499496103,0.273542606503,
0.333824744579,0.392529672409,0.4500874546,0.507820611556,0.565464912777,
0.623148722334,0.681297192791,0.740913498157,0.801855752196,0.865241237721,
0.930941657047,1.),.UNSPECIFIED.);
#212=B_SPLINE_CURVE_WITH_KNOTS('',3,(#11304,#11305,#11306,#11307,#11308,
#11309,#11310,#11311,#11312,#11313,#11314,#11315,#11316,#11317,#11318,#11319,
#11320,#11321,#11322),.UNSPECIFIED.,.F.,.F.,(4,1,1,1,1,1,1,1,1,1,1,1,1,
1,1,1,4),(0.,0.07082657255516,0.13816903328,0.202475331534,0.263973754414,
0.323380320598,0.381797622713,0.439390074519,0.496902724546,0.554662169609,
0.612741878492,0.671538836391,0.73165572209,0.794297811614,0.859482204979,
0.927681325453,1.),.UNSPECIFIED.);
#213=B_SPLINE_CURVE_WITH_KNOTS('',3,(#11708,#11709,#11710,#11711),
 .UNSPECIFIED.,.F.,.F.,(4,4),(0.,1.),.UNSPECIFIED.);
#214=B_SPLINE_CURVE_WITH_KNOTS('',3,(#11714,#11715,#11716,#11717),
 .UNSPECIFIED.,.F.,.F.,(4,4),(0.,1.),.UNSPECIFIED.);
#215=B_SPLINE_CURVE_WITH_KNOTS('',3,(#11759,#11760,#11761,#11762),
 .UNSPECIFIED.,.F.,.F.,(4,4),(10.,11.),.UNSPECIFIED.);
#216=B_SPLINE_CURVE_WITH_KNOTS('',3,(#11765,#11766,#11767,#11768),
 .UNSPECIFIED.,.F.,.F.,(4,4),(10.,11.),.UNSPECIFIED.);
#217=B_SPLINE_CURVE_WITH_KNOTS('',3,(#11778,#11779,#11780,#11781),
 .UNSPECIFIED.,.F.,.F.,(4,4),(9.,10.),.UNSPECIFIED.);
#218=B_SPLINE_CURVE_WITH_KNOTS('',3,(#11784,#11785,#11786,#11787),
 .UNSPECIFIED.,.F.,.F.,(4,4),(9.,10.),.UNSPECIFIED.);
#219=B_SPLINE_CURVE_WITH_KNOTS('',3,(#11797,#11798,#11799,#11800),
 .UNSPECIFIED.,.F.,.F.,(4,4),(8.,9.),.UNSPECIFIED.);
#220=B_SPLINE_CURVE_WITH_KNOTS('',3,(#11803,#11804,#11805,#11806),
 .UNSPECIFIED.,.F.,.F.,(4,4),(8.,9.),.UNSPECIFIED.);
#221=B_SPLINE_CURVE_WITH_KNOTS('',3,(#11816,#11817,#11818,#11819),
 .UNSPECIFIED.,.F.,.F.,(4,4),(7.,8.),.UNSPECIFIED.);
#222=B_SPLINE_CURVE_WITH_KNOTS('',3,(#11822,#11823,#11824,#11825),
 .UNSPECIFIED.,.F.,.F.,(4,4),(7.,8.),.UNSPECIFIED.);
#223=B_SPLINE_CURVE_WITH_KNOTS('',3,(#11854,#11855,#11856,#11857),
 .UNSPECIFIED.,.F.,.F.,(4,4),(4.,5.),.UNSPECIFIED.);
#224=B_SPLINE_CURVE_WITH_KNOTS('',3,(#11860,#11861,#11862,#11863),
 .UNSPECIFIED.,.F.,.F.,(4,4),(4.,5.),.UNSPECIFIED.);
#225=B_SPLINE_CURVE_WITH_KNOTS('',3,(#11873,#11874,#11875,#11876),
 .UNSPECIFIED.,.F.,.F.,(4,4),(3.,4.),.UNSPECIFIED.);
#226=B_SPLINE_CURVE_WITH_KNOTS('',3,(#11879,#11880,#11881,#11882),
 .UNSPECIFIED.,.F.,.F.,(4,4),(3.,4.),.UNSPECIFIED.);
#227=B_SPLINE_CURVE_WITH_KNOTS('',3,(#11904,#11905,#11906,#11907),
 .UNSPECIFIED.,.F.,.F.,(4,4),(1.,2.),.UNSPECIFIED.);
#228=B_SPLINE_CURVE_WITH_KNOTS('',3,(#11908,#11909,#11910,#11911),
 .UNSPECIFIED.,.F.,.F.,(4,4),(1.,2.),.UNSPECIFIED.);
#229=B_SPLINE_CURVE_WITH_KNOTS('',3,(#11997,#11998,#11999,#12000),
 .UNSPECIFIED.,.F.,.F.,(4,4),(3.,4.),.UNSPECIFIED.);
#230=B_SPLINE_CURVE_WITH_KNOTS('',3,(#12002,#12003,#12004,#12005),
 .UNSPECIFIED.,.F.,.F.,(4,4),(2.,3.),.UNSPECIFIED.);
#231=B_SPLINE_CURVE_WITH_KNOTS('',3,(#12032,#12033,#12034,#12035),
 .UNSPECIFIED.,.F.,.F.,(4,4),(2.,3.),.UNSPECIFIED.);
#232=B_SPLINE_CURVE_WITH_KNOTS('',3,(#12037,#12038,#12039,#12040),
 .UNSPECIFIED.,.F.,.F.,(4,4),(3.,4.),.UNSPECIFIED.);
#233=B_SPLINE_CURVE_WITH_KNOTS('',3,(#12165,#12166,#12167,#12168),
 .UNSPECIFIED.,.F.,.F.,(4,4),(3.,4.),.UNSPECIFIED.);
#234=B_SPLINE_CURVE_WITH_KNOTS('',3,(#12172,#12173,#12174,#12175),
 .UNSPECIFIED.,.F.,.F.,(4,4),(1.,2.),.UNSPECIFIED.);
#235=B_SPLINE_CURVE_WITH_KNOTS('',3,(#12202,#12203,#12204,#12205),
 .UNSPECIFIED.,.F.,.F.,(4,4),(1.,2.),.UNSPECIFIED.);
#236=B_SPLINE_CURVE_WITH_KNOTS('',3,(#12208,#12209,#12210,#12211),
 .UNSPECIFIED.,.F.,.F.,(4,4),(3.,4.),.UNSPECIFIED.);
#237=B_SPLINE_CURVE_WITH_KNOTS('',3,(#12331,#12332,#12333,#12334),
 .UNSPECIFIED.,.F.,.F.,(4,4),(0.,1.),.UNSPECIFIED.);
#238=B_SPLINE_CURVE_WITH_KNOTS('',3,(#12338,#12339,#12340,#12341),
 .UNSPECIFIED.,.F.,.F.,(4,4),(12.,13.),.UNSPECIFIED.);
#239=B_SPLINE_CURVE_WITH_KNOTS('',3,(#12347,#12348,#12349,#12350),
 .UNSPECIFIED.,.F.,.F.,(4,4),(9.,10.),.UNSPECIFIED.);
#240=B_SPLINE_CURVE_WITH_KNOTS('',3,(#12352,#12353,#12354,#12355),
 .UNSPECIFIED.,.F.,.F.,(4,4),(8.,9.),.UNSPECIFIED.);
#241=B_SPLINE_CURVE_WITH_KNOTS('',3,(#12368,#12369,#12370,#12371),
 .UNSPECIFIED.,.F.,.F.,(4,4),(1.,2.),.UNSPECIFIED.);
#242=B_SPLINE_CURVE_WITH_KNOTS('',3,(#12376,#12377,#12378,#12379),
 .UNSPECIFIED.,.F.,.F.,(4,4),(0.,1.),.UNSPECIFIED.);
#243=B_SPLINE_CURVE_WITH_KNOTS('',3,(#12385,#12386,#12387,#12388),
 .UNSPECIFIED.,.F.,.F.,(4,4),(5.,6.),.UNSPECIFIED.);
#244=B_SPLINE_CURVE_WITH_KNOTS('',3,(#12393,#12394,#12395,#12396),
 .UNSPECIFIED.,.F.,.F.,(4,4),(2.,3.),.UNSPECIFIED.);
#245=B_SPLINE_CURVE_WITH_KNOTS('',3,(#12400,#12401,#12402,#12403),
 .UNSPECIFIED.,.F.,.F.,(4,4),(0.,1.),.UNSPECIFIED.);
#246=B_SPLINE_CURVE_WITH_KNOTS('',3,(#12405,#12406,#12407,#12408),
 .UNSPECIFIED.,.F.,.F.,(4,4),(1.,2.),.UNSPECIFIED.);
#247=B_SPLINE_CURVE_WITH_KNOTS('',3,(#12422,#12423,#12424,#12425),
 .UNSPECIFIED.,.F.,.F.,(4,4),(8.,9.),.UNSPECIFIED.);
#248=B_SPLINE_CURVE_WITH_KNOTS('',3,(#12427,#12428,#12429,#12430),
 .UNSPECIFIED.,.F.,.F.,(4,4),(9.,10.),.UNSPECIFIED.);
#249=B_SPLINE_CURVE_WITH_KNOTS('',3,(#12436,#12437,#12438,#12439),
 .UNSPECIFIED.,.F.,.F.,(4,4),(12.,13.),.UNSPECIFIED.);
#250=B_SPLINE_CURVE_WITH_KNOTS('',3,(#12443,#12444,#12445,#12446),
 .UNSPECIFIED.,.F.,.F.,(4,4),(0.,1.),.UNSPECIFIED.);
#251=B_SPLINE_CURVE_WITH_KNOTS('',3,(#12450,#12451,#12452,#12453),
 .UNSPECIFIED.,.F.,.F.,(4,4),(2.,3.),.UNSPECIFIED.);
#252=B_SPLINE_CURVE_WITH_KNOTS('',3,(#12459,#12460,#12461,#12462),
 .UNSPECIFIED.,.F.,.F.,(4,4),(5.,6.),.UNSPECIFIED.);
#253=B_SPLINE_CURVE_WITH_KNOTS('',3,(#12620,#12621,#12622,#12623),
 .UNSPECIFIED.,.F.,.F.,(4,4),(0.,1.),.UNSPECIFIED.);
#254=B_SPLINE_CURVE_WITH_KNOTS('',3,(#12626,#12627,#12628,#12629),
 .UNSPECIFIED.,.F.,.F.,(4,4),(0.,1.),.UNSPECIFIED.);
#255=B_SPLINE_CURVE_WITH_KNOTS('',3,(#12723,#12724,#12725,#12726),
 .UNSPECIFIED.,.F.,.F.,(4,4),(13.,14.),.UNSPECIFIED.);
#256=B_SPLINE_CURVE_WITH_KNOTS('',3,(#12729,#12730,#12731,#12732),
 .UNSPECIFIED.,.F.,.F.,(4,4),(13.,14.),.UNSPECIFIED.);
#257=B_SPLINE_CURVE_WITH_KNOTS('',3,(#12755,#12756,#12757,#12758),
 .UNSPECIFIED.,.F.,.F.,(4,4),(11.,12.),.UNSPECIFIED.);
#258=B_SPLINE_CURVE_WITH_KNOTS('',3,(#12761,#12762,#12763,#12764),
 .UNSPECIFIED.,.F.,.F.,(4,4),(11.,12.),.UNSPECIFIED.);
#259=B_SPLINE_CURVE_WITH_KNOTS('',3,(#12774,#12775,#12776,#12777),
 .UNSPECIFIED.,.F.,.F.,(4,4),(10.,11.),.UNSPECIFIED.);
#260=B_SPLINE_CURVE_WITH_KNOTS('',3,(#12780,#12781,#12782,#12783),
 .UNSPECIFIED.,.F.,.F.,(4,4),(10.,11.),.UNSPECIFIED.);
#261=B_SPLINE_CURVE_WITH_KNOTS('',3,(#12799,#12800,#12801,#12802),
 .UNSPECIFIED.,.F.,.F.,(4,4),(8.,9.),.UNSPECIFIED.);
#262=B_SPLINE_CURVE_WITH_KNOTS('',3,(#12805,#12806,#12807,#12808),
 .UNSPECIFIED.,.F.,.F.,(4,4),(8.,9.),.UNSPECIFIED.);
#263=B_SPLINE_CURVE_WITH_KNOTS('',3,(#12818,#12819,#12820,#12821),
 .UNSPECIFIED.,.F.,.F.,(4,4),(7.,8.),.UNSPECIFIED.);
#264=B_SPLINE_CURVE_WITH_KNOTS('',3,(#12824,#12825,#12826,#12827),
 .UNSPECIFIED.,.F.,.F.,(4,4),(7.,8.),.UNSPECIFIED.);
#265=B_SPLINE_CURVE_WITH_KNOTS('',3,(#12837,#12838,#12839,#12840),
 .UNSPECIFIED.,.F.,.F.,(4,4),(6.,7.),.UNSPECIFIED.);
#266=B_SPLINE_CURVE_WITH_KNOTS('',3,(#12843,#12844,#12845,#12846),
 .UNSPECIFIED.,.F.,.F.,(4,4),(6.,7.),.UNSPECIFIED.);
#267=B_SPLINE_CURVE_WITH_KNOTS('',3,(#12895,#12896,#12897,#12898),
 .UNSPECIFIED.,.F.,.F.,(4,4),(2.,3.),.UNSPECIFIED.);
#268=B_SPLINE_CURVE_WITH_KNOTS('',3,(#12901,#12902,#12903,#12904),
 .UNSPECIFIED.,.F.,.F.,(4,4),(2.,3.),.UNSPECIFIED.);
#269=B_SPLINE_CURVE_WITH_KNOTS('',3,(#12941,#12942,#12943,#12944),
 .UNSPECIFIED.,.F.,.F.,(4,4),(12.,13.),.UNSPECIFIED.);
#270=B_SPLINE_CURVE_WITH_KNOTS('',3,(#12947,#12948,#12949,#12950),
 .UNSPECIFIED.,.F.,.F.,(4,4),(12.,13.),.UNSPECIFIED.);
#271=B_SPLINE_CURVE_WITH_KNOTS('',3,(#12996,#12997,#12998,#12999),
 .UNSPECIFIED.,.F.,.F.,(4,4),(5.,6.),.UNSPECIFIED.);
#272=B_SPLINE_CURVE_WITH_KNOTS('',3,(#13002,#13003,#13004,#13005),
 .UNSPECIFIED.,.F.,.F.,(4,4),(5.,6.),.UNSPECIFIED.);
#273=B_SPLINE_CURVE_WITH_KNOTS('',3,(#13015,#13016,#13017,#13018),
 .UNSPECIFIED.,.F.,.F.,(4,4),(4.,5.),.UNSPECIFIED.);
#274=B_SPLINE_CURVE_WITH_KNOTS('',3,(#13021,#13022,#13023,#13024),
 .UNSPECIFIED.,.F.,.F.,(4,4),(4.,5.),.UNSPECIFIED.);
#275=B_SPLINE_CURVE_WITH_KNOTS('',3,(#13053,#13054,#13055,#13056),
 .UNSPECIFIED.,.F.,.F.,(4,4),(1.,2.),.UNSPECIFIED.);
#276=B_SPLINE_CURVE_WITH_KNOTS('',3,(#13059,#13060,#13061,#13062),
 .UNSPECIFIED.,.F.,.F.,(4,4),(1.,2.),.UNSPECIFIED.);
#277=B_SPLINE_CURVE_WITH_KNOTS('',3,(#13151,#13152,#13153,#13154),
 .UNSPECIFIED.,.F.,.F.,(4,4),(3.,4.),.UNSPECIFIED.);
#278=B_SPLINE_CURVE_WITH_KNOTS('',3,(#13156,#13157,#13158,#13159),
 .UNSPECIFIED.,.F.,.F.,(4,4),(2.,3.),.UNSPECIFIED.);
#279=B_SPLINE_CURVE_WITH_KNOTS('',3,(#13186,#13187,#13188,#13189),
 .UNSPECIFIED.,.F.,.F.,(4,4),(2.,3.),.UNSPECIFIED.);
#280=B_SPLINE_CURVE_WITH_KNOTS('',3,(#13191,#13192,#13193,#13194),
 .UNSPECIFIED.,.F.,.F.,(4,4),(3.,4.),.UNSPECIFIED.);
#281=B_SPLINE_CURVE_WITH_KNOTS('',3,(#13319,#13320,#13321,#13322),
 .UNSPECIFIED.,.F.,.F.,(4,4),(3.,4.),.UNSPECIFIED.);
#282=B_SPLINE_CURVE_WITH_KNOTS('',3,(#13326,#13327,#13328,#13329),
 .UNSPECIFIED.,.F.,.F.,(4,4),(1.,2.),.UNSPECIFIED.);
#283=B_SPLINE_CURVE_WITH_KNOTS('',3,(#13356,#13357,#13358,#13359),
 .UNSPECIFIED.,.F.,.F.,(4,4),(1.,2.),.UNSPECIFIED.);
#284=B_SPLINE_CURVE_WITH_KNOTS('',3,(#13362,#13363,#13364,#13365),
 .UNSPECIFIED.,.F.,.F.,(4,4),(3.,4.),.UNSPECIFIED.);
#285=B_SPLINE_CURVE_WITH_KNOTS('',3,(#13411,#13412,#13413,#13414),
 .UNSPECIFIED.,.F.,.F.,(4,4),(35.,36.),.UNSPECIFIED.);
#286=B_SPLINE_CURVE_WITH_KNOTS('',3,(#13418,#13419,#13420,#13421),
 .UNSPECIFIED.,.F.,.F.,(4,4),(-0.0323666926777835,0.),.UNSPECIFIED.);
#287=B_SPLINE_CURVE_WITH_KNOTS('',3,(#13425,#13426,#13427,#13428),
 .UNSPECIFIED.,.F.,.F.,(4,4),(3.,4.),.UNSPECIFIED.);
#288=B_SPLINE_CURVE_WITH_KNOTS('',3,(#13430,#13431,#13432,#13433),
 .UNSPECIFIED.,.F.,.F.,(4,4),(4.,5.),.UNSPECIFIED.);
#289=B_SPLINE_CURVE_WITH_KNOTS('',3,(#13443,#13444,#13445,#13446),
 .UNSPECIFIED.,.F.,.F.,(4,4),(-0.0271864862515275,0.),.UNSPECIFIED.);
#290=B_SPLINE_CURVE_WITH_KNOTS('',3,(#13448,#13449,#13450,#13451),
 .UNSPECIFIED.,.F.,.F.,(4,4),(10.,11.),.UNSPECIFIED.);
#291=B_SPLINE_CURVE_WITH_KNOTS('',3,(#13461,#13462,#13463,#13464),
 .UNSPECIFIED.,.F.,.F.,(4,4),(-0.0184610785889942,0.),.UNSPECIFIED.);
#292=B_SPLINE_CURVE_WITH_KNOTS('',3,(#13466,#13467,#13468,#13469),
 .UNSPECIFIED.,.F.,.F.,(4,4),(16.,17.),.UNSPECIFIED.);
#293=B_SPLINE_CURVE_WITH_KNOTS('',3,(#13471,#13472,#13473,#13474),
 .UNSPECIFIED.,.F.,.F.,(4,4),(17.,18.),.UNSPECIFIED.);
#294=B_SPLINE_CURVE_WITH_KNOTS('',3,(#13476,#13477,#13478,#13479),
 .UNSPECIFIED.,.F.,.F.,(4,4),(18.,19.),.UNSPECIFIED.);
#295=B_SPLINE_CURVE_WITH_KNOTS('',3,(#13481,#13482,#13483,#13484),
 .UNSPECIFIED.,.F.,.F.,(4,4),(-0.0120044766995129,0.),.UNSPECIFIED.);
#296=B_SPLINE_CURVE_WITH_KNOTS('',3,(#13486,#13487,#13488,#13489),
 .UNSPECIFIED.,.F.,.F.,(4,4),(20.,21.),.UNSPECIFIED.);
#297=B_SPLINE_CURVE_WITH_KNOTS('',3,(#13491,#13492,#13493,#13494),
 .UNSPECIFIED.,.F.,.F.,(4,4),(21.,22.),.UNSPECIFIED.);
#298=B_SPLINE_CURVE_WITH_KNOTS('',3,(#13498,#13499,#13500,#13501),
 .UNSPECIFIED.,.F.,.F.,(4,4),(23.,24.),.UNSPECIFIED.);
#299=B_SPLINE_CURVE_WITH_KNOTS('',3,(#13503,#13504,#13505,#13506),
 .UNSPECIFIED.,.F.,.F.,(4,4),(24.,25.),.UNSPECIFIED.);
#300=B_SPLINE_CURVE_WITH_KNOTS('',3,(#13510,#13511,#13512,#13513),
 .UNSPECIFIED.,.F.,.F.,(4,4),(26.,27.),.UNSPECIFIED.);
#301=B_SPLINE_CURVE_WITH_KNOTS('',3,(#13515,#13516,#13517,#13518),
 .UNSPECIFIED.,.F.,.F.,(4,4),(27.,28.),.UNSPECIFIED.);
#302=B_SPLINE_CURVE_WITH_KNOTS('',3,(#13520,#13521,#13522,#13523),
 .UNSPECIFIED.,.F.,.F.,(4,4),(-0.010150218058501,0.),.UNSPECIFIED.);
#303=B_SPLINE_CURVE_WITH_KNOTS('',3,(#13531,#13532,#13533,#13534,#13535,
#13536,#13537),.UNSPECIFIED.,.F.,.F.,(4,3,4),(0.,1.,2.),.UNSPECIFIED.);
#304=B_SPLINE_CURVE_WITH_KNOTS('',3,(#13538,#13539,#13540,#13541,#13542,
#13543),.UNSPECIFIED.,.F.,.F.,(4,2,4),(2.,3.,4.),.UNSPECIFIED.);
#305=B_SPLINE_CURVE_WITH_KNOTS('',3,(#13547,#13548,#13549,#13550),
 .UNSPECIFIED.,.F.,.F.,(4,4),(35.,36.),.UNSPECIFIED.);
#306=B_SPLINE_CURVE_WITH_KNOTS('',3,(#13558,#13559,#13560,#13561),
 .UNSPECIFIED.,.F.,.F.,(4,4),(-0.010150218058501,0.),.UNSPECIFIED.);
#307=B_SPLINE_CURVE_WITH_KNOTS('',3,(#13563,#13564,#13565,#13566),
 .UNSPECIFIED.,.F.,.F.,(4,4),(27.,28.),.UNSPECIFIED.);
#308=B_SPLINE_CURVE_WITH_KNOTS('',3,(#13568,#13569,#13570,#13571),
 .UNSPECIFIED.,.F.,.F.,(4,4),(26.,27.),.UNSPECIFIED.);
#309=B_SPLINE_CURVE_WITH_KNOTS('',3,(#13575,#13576,#13577,#13578),
 .UNSPECIFIED.,.F.,.F.,(4,4),(24.,25.),.UNSPECIFIED.);
#310=B_SPLINE_CURVE_WITH_KNOTS('',3,(#13580,#13581,#13582,#13583),
 .UNSPECIFIED.,.F.,.F.,(4,4),(23.,24.),.UNSPECIFIED.);
#311=B_SPLINE_CURVE_WITH_KNOTS('',3,(#13587,#13588,#13589,#13590),
 .UNSPECIFIED.,.F.,.F.,(4,4),(21.,22.),.UNSPECIFIED.);
#312=B_SPLINE_CURVE_WITH_KNOTS('',3,(#13592,#13593,#13594,#13595),
 .UNSPECIFIED.,.F.,.F.,(4,4),(20.,21.),.UNSPECIFIED.);
#313=B_SPLINE_CURVE_WITH_KNOTS('',3,(#13597,#13598,#13599,#13600),
 .UNSPECIFIED.,.F.,.F.,(4,4),(-0.0120044766995127,0.),.UNSPECIFIED.);
#314=B_SPLINE_CURVE_WITH_KNOTS('',3,(#13602,#13603,#13604,#13605),
 .UNSPECIFIED.,.F.,.F.,(4,4),(18.,19.),.UNSPECIFIED.);
#315=B_SPLINE_CURVE_WITH_KNOTS('',3,(#13607,#13608,#13609,#13610),
 .UNSPECIFIED.,.F.,.F.,(4,4),(17.,18.),.UNSPECIFIED.);
#316=B_SPLINE_CURVE_WITH_KNOTS('',3,(#13612,#13613,#13614,#13615),
 .UNSPECIFIED.,.F.,.F.,(4,4),(16.,17.),.UNSPECIFIED.);
#317=B_SPLINE_CURVE_WITH_KNOTS('',3,(#13617,#13618,#13619,#13620,#13621,
#13622,#13623,#13624,#13625,#13626),.UNSPECIFIED.,.F.,.F.,(4,2,2,2,4),(-0.0184610785889942,
-0.0138894245114215,-0.00928239411728842,-0.00471680268472476,0.),
 .UNSPECIFIED.);
#318=B_SPLINE_CURVE_WITH_KNOTS('',3,(#13636,#13637,#13638,#13639),
 .UNSPECIFIED.,.F.,.F.,(4,4),(10.,11.),.UNSPECIFIED.);
#319=B_SPLINE_CURVE_WITH_KNOTS('',3,(#13641,#13642,#13643,#13644),
 .UNSPECIFIED.,.F.,.F.,(4,4),(-0.0271864862515281,0.),.UNSPECIFIED.);
#320=B_SPLINE_CURVE_WITH_KNOTS('',3,(#13654,#13655,#13656,#13657),
 .UNSPECIFIED.,.F.,.F.,(4,4),(4.,5.),.UNSPECIFIED.);
#321=B_SPLINE_CURVE_WITH_KNOTS('',3,(#13659,#13660,#13661,#13662),
 .UNSPECIFIED.,.F.,.F.,(4,4),(3.,4.),.UNSPECIFIED.);
#322=B_SPLINE_CURVE_WITH_KNOTS('',3,(#13666,#13667,#13668,#13669),
 .UNSPECIFIED.,.F.,.F.,(4,4),(-0.0323666926777736,0.),.UNSPECIFIED.);
#323=B_SPLINE_CURVE_WITH_KNOTS('',3,(#13673,#13674,#13675,#13676,#13677,
#13678),.UNSPECIFIED.,.F.,.F.,(4,2,4),(2.,3.,4.),.UNSPECIFIED.);
#324=B_SPLINE_CURVE_WITH_KNOTS('',3,(#13679,#13680,#13681,#13682,#13683,
#13684,#13685),.UNSPECIFIED.,.F.,.F.,(4,3,4),(0.,1.,2.),.UNSPECIFIED.);
#325=(
BOUNDED_SURFACE()
B_SPLINE_SURFACE(6,2,((#10730,#10731,#10732,#10733,#10734,#10735,#10736,
#10737,#10738),(#10739,#10740,#10741,#10742,#10743,#10744,#10745,#10746,
#10747),(#10748,#10749,#10750,#10751,#10752,#10753,#10754,#10755,#10756),
(#10757,#10758,#10759,#10760,#10761,#10762,#10763,#10764,#10765),(#10766,
#10767,#10768,#10769,#10770,#10771,#10772,#10773,#10774),(#10775,#10776,
#10777,#10778,#10779,#10780,#10781,#10782,#10783),(#10784,#10785,#10786,
#10787,#10788,#10789,#10790,#10791,#10792)),.UNSPECIFIED.,.F.,.T.,.F.)
B_SPLINE_SURFACE_WITH_KNOTS((7,7),(3,2,2,2,3),(0.,1.570796326795),(0.,1.5707963267949,
3.14159265358979,4.71238898038469,6.28318530717959),.UNSPECIFIED.)
GEOMETRIC_REPRESENTATION_ITEM()
RATIONAL_B_SPLINE_SURFACE(((1.,0.707106781186548,1.,0.707106781186548,1.,
0.707106781186548,1.,0.707106781186548,1.),(1.,0.707106781186548,1.,0.707106781186548,
1.,0.707106781186548,1.,0.707106781186548,1.),(1.,0.707106781186548,1.,
0.707106781186548,1.,0.707106781186548,1.,0.707106781186548,1.),(1.,0.707106781186548,
1.,0.707106781186548,1.,0.707106781186548,1.,0.707106781186548,1.),(1.,
0.707106781186548,1.,0.707106781186548,1.,0.707106781186548,1.,0.707106781186548,
1.),(1.,0.707106781186548,1.,0.707106781186548,1.,0.707106781186548,1.,
0.707106781186548,1.),(1.,0.707106781186548,1.,0.707106781186548,1.,0.707106781186548,
1.,0.707106781186548,1.)))
REPRESENTATION_ITEM('')
SURFACE()
);
#326=(
BOUNDED_SURFACE()
B_SPLINE_SURFACE(6,2,((#11595,#11596,#11597,#11598,#11599,#11600,#11601,
#11602,#11603),(#11604,#11605,#11606,#11607,#11608,#11609,#11610,#11611,
#11612),(#11613,#11614,#11615,#11616,#11617,#11618,#11619,#11620,#11621),
(#11622,#11623,#11624,#11625,#11626,#11627,#11628,#11629,#11630),(#11631,
#11632,#11633,#11634,#11635,#11636,#11637,#11638,#11639),(#11640,#11641,
#11642,#11643,#11644,#11645,#11646,#11647,#11648),(#11649,#11650,#11651,
#11652,#11653,#11654,#11655,#11656,#11657)),.UNSPECIFIED.,.F.,.T.,.F.)
B_SPLINE_SURFACE_WITH_KNOTS((7,7),(3,2,2,2,3),(0.,1.570796326795),(0.,1.5707963267949,
3.14159265358979,4.71238898038469,6.28318530717959),.UNSPECIFIED.)
GEOMETRIC_REPRESENTATION_ITEM()
RATIONAL_B_SPLINE_SURFACE(((1.,0.707106781186548,1.,0.707106781186548,1.,
0.707106781186548,1.,0.707106781186548,1.),(1.,0.707106781186548,1.,0.707106781186548,
1.,0.707106781186548,1.,0.707106781186548,1.),(1.,0.707106781186548,1.,
0.707106781186548,1.,0.707106781186548,1.,0.707106781186548,1.),(1.,0.707106781186548,
1.,0.707106781186548,1.,0.707106781186548,1.,0.707106781186548,1.),(1.,
0.707106781186548,1.,0.707106781186548,1.,0.707106781186548,1.,0.707106781186548,
1.),(1.,0.707106781186548,1.,0.707106781186548,1.,0.707106781186548,1.,
0.707106781186548,1.),(1.,0.707106781186548,1.,0.707106781186548,1.,0.707106781186548,
1.,0.707106781186548,1.)))
REPRESENTATION_ITEM('')
SURFACE()
);
#327=ITEM_DEFINED_TRANSFORMATION($,$,#8175,#8260);
#328=ITEM_DEFINED_TRANSFORMATION($,$,#8262,#8629);
#329=ITEM_DEFINED_TRANSFORMATION($,$,#8174,#8709);
#330=ITEM_DEFINED_TRANSFORMATION($,$,#8261,#8710);
#331=(
REPRESENTATION_RELATIONSHIP($,$,#14226,#14225)
REPRESENTATION_RELATIONSHIP_WITH_TRANSFORMATION(#327)
SHAPE_REPRESENTATION_RELATIONSHIP()
);
#332=(
REPRESENTATION_RELATIONSHIP($,$,#14228,#14227)
REPRESENTATION_RELATIONSHIP_WITH_TRANSFORMATION(#328)
SHAPE_REPRESENTATION_RELATIONSHIP()
);
#333=(
REPRESENTATION_RELATIONSHIP($,$,#14225,#14224)
REPRESENTATION_RELATIONSHIP_WITH_TRANSFORMATION(#329)
SHAPE_REPRESENTATION_RELATIONSHIP()
);
#334=(
REPRESENTATION_RELATIONSHIP($,$,#14227,#14224)
REPRESENTATION_RELATIONSHIP_WITH_TRANSFORMATION(#330)
SHAPE_REPRESENTATION_RELATIONSHIP()
);
#335=CONTEXT_DEPENDENT_SHAPE_REPRESENTATION(#331,#14218);
#336=CONTEXT_DEPENDENT_SHAPE_REPRESENTATION(#332,#14221);
#337=CONTEXT_DEPENDENT_SHAPE_REPRESENTATION(#333,#14222);
#338=CONTEXT_DEPENDENT_SHAPE_REPRESENTATION(#334,#14223);
#339=NEXT_ASSEMBLY_USAGE_OCCURRENCE(
'Open CASCADE STEP translator 7.5 1.1.1:1',
'Open CASCADE STEP translator 7.5 1.1.1:1',
'Open CASCADE STEP translator 7.5 1.1.1:1',#14231,#14232,
'Open CASCADE STEP translator 7.5 1.1.1:1');
#340=NEXT_ASSEMBLY_USAGE_OCCURRENCE('9250659680:2','9250659680:2',
'9250659680:2',#14233,#14234,'9250659680:2');
#341=NEXT_ASSEMBLY_USAGE_OCCURRENCE('Board:1','Board:1','Board:1',#14230,
#14231,'Board:1');
#342=NEXT_ASSEMBLY_USAGE_OCCURRENCE('U3:1','U3:1','U3:1',#14230,#14233,
'U3:1');
#343=SHAPE_REPRESENTATION_RELATIONSHIP('SRR','None',#14226,#346);
#344=SHAPE_REPRESENTATION_RELATIONSHIP('SRR','None',#14228,#347);
#345=SHAPE_REPRESENTATION_RELATIONSHIP('SRR','None',#14224,#348);
#346=ADVANCED_BREP_SHAPE_REPRESENTATION('',(#676),#14202);
#347=ADVANCED_BREP_SHAPE_REPRESENTATION('',(#677,#678,#679,#680,#681,#682,
#683,#684,#685,#686,#687,#688,#689,#690),#14204);
#348=ADVANCED_BREP_SHAPE_REPRESENTATION('',(#691),#14200);
#349=STYLED_ITEM('',(#14254),#676);
#350=STYLED_ITEM('',(#14256),#7772);
#351=STYLED_ITEM('',(#14256),#7773);
#352=STYLED_ITEM('',(#14256),#7774);
#353=STYLED_ITEM('',(#14256),#7775);
#354=STYLED_ITEM('',(#14256),#7776);
#355=STYLED_ITEM('',(#14257),#7777);
#356=STYLED_ITEM('',(#14257),#7778);
#357=STYLED_ITEM('',(#14258),#7779);
#358=STYLED_ITEM('',(#14257),#7780);
#359=STYLED_ITEM('',(#14259),#7785);
#360=STYLED_ITEM('',(#14257),#7786);
#361=STYLED_ITEM('',(#14257),#7787);
#362=STYLED_ITEM('',(#14257),#7788);
#363=STYLED_ITEM('',(#14257),#7789);
#364=STYLED_ITEM('',(#14257),#7790);
#365=STYLED_ITEM('',(#14257),#7791);
#366=STYLED_ITEM('',(#14257),#7792);
#367=STYLED_ITEM('',(#14257),#7793);
#368=STYLED_ITEM('',(#14259),#7794);
#369=STYLED_ITEM('',(#14256),#7796);
#370=STYLED_ITEM('',(#14256),#7797);
#371=STYLED_ITEM('',(#14256),#7798);
#372=STYLED_ITEM('',(#14256),#7799);
#373=STYLED_ITEM('',(#14256),#7800);
#374=STYLED_ITEM('',(#14256),#7801);
#375=STYLED_ITEM('',(#14256),#7802);
#376=STYLED_ITEM('',(#14256),#7803);
#377=STYLED_ITEM('',(#14256),#7804);
#378=STYLED_ITEM('',(#14256),#7805);
#379=STYLED_ITEM('',(#14256),#7806);
#380=STYLED_ITEM('',(#14256),#7807);
#381=STYLED_ITEM('',(#14256),#7808);
#382=STYLED_ITEM('',(#14256),#7809);
#383=STYLED_ITEM('',(#14256),#7810);
#384=STYLED_ITEM('',(#14256),#7811);
#385=STYLED_ITEM('',(#14256),#7812);
#386=STYLED_ITEM('',(#14256),#7813);
#387=STYLED_ITEM('',(#14259),#7814);
#388=STYLED_ITEM('',(#14257),#7815);
#389=STYLED_ITEM('',(#14259),#7816);
#390=STYLED_ITEM('',(#14257),#7817);
#391=STYLED_ITEM('',(#14256),#7818);
#392=STYLED_ITEM('',(#14256),#7819);
#393=STYLED_ITEM('',(#14256),#7820);
#394=STYLED_ITEM('',(#14256),#7821);
#395=STYLED_ITEM('',(#14256),#7822);
#396=STYLED_ITEM('',(#14256),#7823);
#397=STYLED_ITEM('',(#14256),#7824);
#398=STYLED_ITEM('',(#14256),#7825);
#399=STYLED_ITEM('',(#14256),#7826);
#400=STYLED_ITEM('',(#14256),#7827);
#401=STYLED_ITEM('',(#14256),#7828);
#402=STYLED_ITEM('',(#14260),#7829);
#403=STYLED_ITEM('',(#14260),#7830);
#404=STYLED_ITEM('',(#14260),#7831);
#405=STYLED_ITEM('',(#14260),#7832);
#406=STYLED_ITEM('',(#14260),#7833);
#407=STYLED_ITEM('',(#14260),#7834);
#408=STYLED_ITEM('',(#14260),#7835);
#409=STYLED_ITEM('',(#14260),#7836);
#410=STYLED_ITEM('',(#14260),#7837);
#411=STYLED_ITEM('',(#14260),#7838);
#412=STYLED_ITEM('',(#14260),#7839);
#413=STYLED_ITEM('',(#14260),#7840);
#414=STYLED_ITEM('',(#14260),#7841);
#415=STYLED_ITEM('',(#14260),#7842);
#416=STYLED_ITEM('',(#14260),#7843);
#417=STYLED_ITEM('',(#14260),#7844);
#418=STYLED_ITEM('',(#14260),#7845);
#419=STYLED_ITEM('',(#14260),#7846);
#420=STYLED_ITEM('',(#14260),#7847);
#421=STYLED_ITEM('',(#14260),#7848);
#422=STYLED_ITEM('',(#14260),#7849);
#423=STYLED_ITEM('',(#14260),#7850);
#424=STYLED_ITEM('',(#14260),#7851);
#425=STYLED_ITEM('',(#14260),#7852);
#426=STYLED_ITEM('',(#14260),#7853);
#427=STYLED_ITEM('',(#14256),#7859);
#428=STYLED_ITEM('',(#14256),#7860);
#429=STYLED_ITEM('',(#14256),#7862);
#430=STYLED_ITEM('',(#14255),#677);
#431=STYLED_ITEM('',(#14261),#7863);
#432=STYLED_ITEM('',(#14261),#7864);
#433=STYLED_ITEM('',(#14261),#7865);
#434=STYLED_ITEM('',(#14261),#7866);
#435=STYLED_ITEM('',(#14261),#7867);
#436=STYLED_ITEM('',(#14261),#7868);
#437=STYLED_ITEM('',(#14261),#7869);
#438=STYLED_ITEM('',(#14261),#7870);
#439=STYLED_ITEM('',(#14255),#678);
#440=STYLED_ITEM('',(#14261),#7871);
#441=STYLED_ITEM('',(#14261),#7872);
#442=STYLED_ITEM('',(#14261),#7873);
#443=STYLED_ITEM('',(#14261),#7874);
#444=STYLED_ITEM('',(#14261),#7875);
#445=STYLED_ITEM('',(#14261),#7876);
#446=STYLED_ITEM('',(#14261),#7877);
#447=STYLED_ITEM('',(#14261),#7878);
#448=STYLED_ITEM('',(#14261),#7879);
#449=STYLED_ITEM('',(#14261),#7880);
#450=STYLED_ITEM('',(#14261),#7881);
#451=STYLED_ITEM('',(#14261),#7882);
#452=STYLED_ITEM('',(#14261),#7883);
#453=STYLED_ITEM('',(#14261),#7884);
#454=STYLED_ITEM('',(#14261),#7885);
#455=STYLED_ITEM('',(#14261),#7886);
#456=STYLED_ITEM('',(#14255),#679);
#457=STYLED_ITEM('',(#14261),#7887);
#458=STYLED_ITEM('',(#14261),#7888);
#459=STYLED_ITEM('',(#14261),#7889);
#460=STYLED_ITEM('',(#14261),#7890);
#461=STYLED_ITEM('',(#14261),#7891);
#462=STYLED_ITEM('',(#14261),#7892);
#463=STYLED_ITEM('',(#14261),#7893);
#464=STYLED_ITEM('',(#14261),#7894);
#465=STYLED_ITEM('',(#14261),#7895);
#466=STYLED_ITEM('',(#14261),#7896);
#467=STYLED_ITEM('',(#14261),#7897);
#468=STYLED_ITEM('',(#14261),#7898);
#469=STYLED_ITEM('',(#14261),#7899);
#470=STYLED_ITEM('',(#14261),#7900);
#471=STYLED_ITEM('',(#14255),#680);
#472=STYLED_ITEM('',(#14261),#7901);
#473=STYLED_ITEM('',(#14261),#7902);
#474=STYLED_ITEM('',(#14261),#7903);
#475=STYLED_ITEM('',(#14261),#7904);
#476=STYLED_ITEM('',(#14261),#7905);
#477=STYLED_ITEM('',(#14261),#7906);
#478=STYLED_ITEM('',(#14261),#7907);
#479=STYLED_ITEM('',(#14261),#7908);
#480=STYLED_ITEM('',(#14261),#7909);
#481=STYLED_ITEM('',(#14261),#7910);
#482=STYLED_ITEM('',(#14261),#7911);
#483=STYLED_ITEM('',(#14261),#7912);
#484=STYLED_ITEM('',(#14261),#7913);
#485=STYLED_ITEM('',(#14261),#7914);
#486=STYLED_ITEM('',(#14261),#7915);
#487=STYLED_ITEM('',(#14261),#7916);
#488=STYLED_ITEM('',(#14255),#681);
#489=STYLED_ITEM('',(#14261),#7917);
#490=STYLED_ITEM('',(#14261),#7918);
#491=STYLED_ITEM('',(#14261),#7919);
#492=STYLED_ITEM('',(#14261),#7920);
#493=STYLED_ITEM('',(#14261),#7921);
#494=STYLED_ITEM('',(#14261),#7922);
#495=STYLED_ITEM('',(#14261),#7923);
#496=STYLED_ITEM('',(#14261),#7924);
#497=STYLED_ITEM('',(#14261),#7925);
#498=STYLED_ITEM('',(#14261),#7926);
#499=STYLED_ITEM('',(#14261),#7927);
#500=STYLED_ITEM('',(#14261),#7928);
#501=STYLED_ITEM('',(#14261),#7929);
#502=STYLED_ITEM('',(#14261),#7930);
#503=STYLED_ITEM('',(#14261),#7931);
#504=STYLED_ITEM('',(#14261),#7932);
#505=STYLED_ITEM('',(#14255),#682);
#506=STYLED_ITEM('',(#14261),#7933);
#507=STYLED_ITEM('',(#14261),#7934);
#508=STYLED_ITEM('',(#14261),#7935);
#509=STYLED_ITEM('',(#14261),#7936);
#510=STYLED_ITEM('',(#14261),#7937);
#511=STYLED_ITEM('',(#14261),#7938);
#512=STYLED_ITEM('',(#14261),#7939);
#513=STYLED_ITEM('',(#14261),#7940);
#514=STYLED_ITEM('',(#14261),#7941);
#515=STYLED_ITEM('',(#14261),#7942);
#516=STYLED_ITEM('',(#14261),#7943);
#517=STYLED_ITEM('',(#14261),#7944);
#518=STYLED_ITEM('',(#14261),#7945);
#519=STYLED_ITEM('',(#14261),#7946);
#520=STYLED_ITEM('',(#14255),#683);
#521=STYLED_ITEM('',(#14261),#7947);
#522=STYLED_ITEM('',(#14261),#7948);
#523=STYLED_ITEM('',(#14261),#7949);
#524=STYLED_ITEM('',(#14261),#7950);
#525=STYLED_ITEM('',(#14261),#7951);
#526=STYLED_ITEM('',(#14261),#7952);
#527=STYLED_ITEM('',(#14261),#7953);
#528=STYLED_ITEM('',(#14261),#7954);
#529=STYLED_ITEM('',(#14261),#7955);
#530=STYLED_ITEM('',(#14261),#7956);
#531=STYLED_ITEM('',(#14261),#7957);
#532=STYLED_ITEM('',(#14261),#7958);
#533=STYLED_ITEM('',(#14261),#7959);
#534=STYLED_ITEM('',(#14261),#7960);
#535=STYLED_ITEM('',(#14261),#7961);
#536=STYLED_ITEM('',(#14261),#7962);
#537=STYLED_ITEM('',(#14261),#7963);
#538=STYLED_ITEM('',(#14261),#7964);
#539=STYLED_ITEM('',(#14261),#7965);
#540=STYLED_ITEM('',(#14261),#7966);
#541=STYLED_ITEM('',(#14261),#7967);
#542=STYLED_ITEM('',(#14261),#7968);
#543=STYLED_ITEM('',(#14261),#7969);
#544=STYLED_ITEM('',(#14261),#7970);
#545=STYLED_ITEM('',(#14255),#684);
#546=STYLED_ITEM('',(#14261),#7971);
#547=STYLED_ITEM('',(#14261),#7972);
#548=STYLED_ITEM('',(#14261),#7973);
#549=STYLED_ITEM('',(#14261),#7974);
#550=STYLED_ITEM('',(#14261),#7975);
#551=STYLED_ITEM('',(#14261),#7976);
#552=STYLED_ITEM('',(#14261),#7977);
#553=STYLED_ITEM('',(#14261),#7978);
#554=STYLED_ITEM('',(#14261),#7979);
#555=STYLED_ITEM('',(#14261),#7980);
#556=STYLED_ITEM('',(#14261),#7981);
#557=STYLED_ITEM('',(#14261),#7982);
#558=STYLED_ITEM('',(#14261),#7983);
#559=STYLED_ITEM('',(#14261),#7984);
#560=STYLED_ITEM('',(#14261),#7985);
#561=STYLED_ITEM('',(#14261),#7986);
#562=STYLED_ITEM('',(#14261),#7987);
#563=STYLED_ITEM('',(#14261),#7988);
#564=STYLED_ITEM('',(#14261),#7989);
#565=STYLED_ITEM('',(#14261),#7990);
#566=STYLED_ITEM('',(#14261),#7991);
#567=STYLED_ITEM('',(#14261),#7992);
#568=STYLED_ITEM('',(#14261),#7993);
#569=STYLED_ITEM('',(#14255),#685);
#570=STYLED_ITEM('',(#14261),#7994);
#571=STYLED_ITEM('',(#14261),#7995);
#572=STYLED_ITEM('',(#14261),#7996);
#573=STYLED_ITEM('',(#14261),#7997);
#574=STYLED_ITEM('',(#14261),#7998);
#575=STYLED_ITEM('',(#14261),#7999);
#576=STYLED_ITEM('',(#14261),#8000);
#577=STYLED_ITEM('',(#14261),#8001);
#578=STYLED_ITEM('',(#14261),#8002);
#579=STYLED_ITEM('',(#14261),#8003);
#580=STYLED_ITEM('',(#14261),#8004);
#581=STYLED_ITEM('',(#14261),#8005);
#582=STYLED_ITEM('',(#14261),#8006);
#583=STYLED_ITEM('',(#14261),#8007);
#584=STYLED_ITEM('',(#14261),#8008);
#585=STYLED_ITEM('',(#14261),#8009);
#586=STYLED_ITEM('',(#14261),#8010);
#587=STYLED_ITEM('',(#14255),#686);
#588=STYLED_ITEM('',(#14261),#8011);
#589=STYLED_ITEM('',(#14261),#8012);
#590=STYLED_ITEM('',(#14261),#8013);
#591=STYLED_ITEM('',(#14261),#8014);
#592=STYLED_ITEM('',(#14261),#8015);
#593=STYLED_ITEM('',(#14261),#8016);
#594=STYLED_ITEM('',(#14261),#8017);
#595=STYLED_ITEM('',(#14261),#8018);
#596=STYLED_ITEM('',(#14261),#8019);
#597=STYLED_ITEM('',(#14261),#8020);
#598=STYLED_ITEM('',(#14261),#8021);
#599=STYLED_ITEM('',(#14261),#8022);
#600=STYLED_ITEM('',(#14261),#8023);
#601=STYLED_ITEM('',(#14261),#8024);
#602=STYLED_ITEM('',(#14255),#687);
#603=STYLED_ITEM('',(#14261),#8025);
#604=STYLED_ITEM('',(#14261),#8026);
#605=STYLED_ITEM('',(#14261),#8027);
#606=STYLED_ITEM('',(#14261),#8028);
#607=STYLED_ITEM('',(#14261),#8029);
#608=STYLED_ITEM('',(#14261),#8030);
#609=STYLED_ITEM('',(#14261),#8031);
#610=STYLED_ITEM('',(#14261),#8032);
#611=STYLED_ITEM('',(#14261),#8033);
#612=STYLED_ITEM('',(#14261),#8034);
#613=STYLED_ITEM('',(#14261),#8035);
#614=STYLED_ITEM('',(#14261),#8036);
#615=STYLED_ITEM('',(#14261),#8037);
#616=STYLED_ITEM('',(#14261),#8038);
#617=STYLED_ITEM('',(#14261),#8039);
#618=STYLED_ITEM('',(#14261),#8040);
#619=STYLED_ITEM('',(#14255),#688);
#620=STYLED_ITEM('',(#14261),#8041);
#621=STYLED_ITEM('',(#14261),#8042);
#622=STYLED_ITEM('',(#14261),#8043);
#623=STYLED_ITEM('',(#14261),#8044);
#624=STYLED_ITEM('',(#14261),#8045);
#625=STYLED_ITEM('',(#14261),#8046);
#626=STYLED_ITEM('',(#14261),#8047);
#627=STYLED_ITEM('',(#14261),#8048);
#628=STYLED_ITEM('',(#14261),#8049);
#629=STYLED_ITEM('',(#14261),#8050);
#630=STYLED_ITEM('',(#14261),#8051);
#631=STYLED_ITEM('',(#14261),#8052);
#632=STYLED_ITEM('',(#14261),#8053);
#633=STYLED_ITEM('',(#14261),#8054);
#634=STYLED_ITEM('',(#14261),#8055);
#635=STYLED_ITEM('',(#14261),#8056);
#636=STYLED_ITEM('',(#14255),#689);
#637=STYLED_ITEM('',(#14261),#8057);
#638=STYLED_ITEM('',(#14261),#8058);
#639=STYLED_ITEM('',(#14261),#8059);
#640=STYLED_ITEM('',(#14261),#8060);
#641=STYLED_ITEM('',(#14261),#8061);
#642=STYLED_ITEM('',(#14261),#8062);
#643=STYLED_ITEM('',(#14261),#8063);
#644=STYLED_ITEM('',(#14261),#8064);
#645=STYLED_ITEM('',(#14261),#8065);
#646=STYLED_ITEM('',(#14261),#8066);
#647=STYLED_ITEM('',(#14261),#8067);
#648=STYLED_ITEM('',(#14261),#8068);
#649=STYLED_ITEM('',(#14261),#8069);
#650=STYLED_ITEM('',(#14261),#8070);
#651=STYLED_ITEM('',(#14261),#8071);
#652=STYLED_ITEM('',(#14261),#8072);
#653=STYLED_ITEM('',(#14261),#8073);
#654=STYLED_ITEM('',(#14261),#8074);
#655=STYLED_ITEM('',(#14261),#8075);
#656=STYLED_ITEM('',(#14261),#8076);
#657=STYLED_ITEM('',(#14261),#8077);
#658=STYLED_ITEM('',(#14261),#8078);
#659=STYLED_ITEM('',(#14261),#8079);
#660=STYLED_ITEM('',(#14261),#8080);
#661=STYLED_ITEM('',(#14261),#8081);
#662=STYLED_ITEM('',(#14261),#8082);
#663=STYLED_ITEM('',(#14261),#8083);
#664=STYLED_ITEM('',(#14261),#8084);
#665=STYLED_ITEM('',(#14261),#8085);
#666=STYLED_ITEM('',(#14261),#8086);
#667=STYLED_ITEM('',(#14261),#8087);
#668=STYLED_ITEM('',(#14261),#8088);
#669=STYLED_ITEM('',(#14261),#8089);
#670=STYLED_ITEM('',(#14261),#8090);
#671=STYLED_ITEM('',(#14261),#8091);
#672=STYLED_ITEM('',(#14261),#8092);
#673=STYLED_ITEM('',(#14261),#8093);
#674=STYLED_ITEM('',(#14255),#690);
#675=STYLED_ITEM('',(#14253),#691);
#676=MANIFOLD_SOLID_BREP('Body1',#8134);
#677=MANIFOLD_SOLID_BREP('Body1',#8135);
#678=MANIFOLD_SOLID_BREP('Body2',#8136);
#679=MANIFOLD_SOLID_BREP('Body3',#8137);
#680=MANIFOLD_SOLID_BREP('Body4',#8138);
#681=MANIFOLD_SOLID_BREP('Body5',#8139);
#682=MANIFOLD_SOLID_BREP('Body6',#8140);
#683=MANIFOLD_SOLID_BREP('Body7',#8141);
#684=MANIFOLD_SOLID_BREP('Body8',#8142);
#685=MANIFOLD_SOLID_BREP('Body9',#8143);
#686=MANIFOLD_SOLID_BREP('Body10',#8144);
#687=MANIFOLD_SOLID_BREP('Body11',#8145);
#688=MANIFOLD_SOLID_BREP('Body12',#8146);
#689=MANIFOLD_SOLID_BREP('Body13',#8147);
#690=MANIFOLD_SOLID_BREP('Body14',#8148);
#691=MANIFOLD_SOLID_BREP('Body1',#8149);
#692=FACE_BOUND('',#1409,.T.);
#693=FACE_BOUND('',#1410,.T.);
#694=FACE_BOUND('',#1411,.T.);
#695=FACE_BOUND('',#1412,.T.);
#696=FACE_BOUND('',#1413,.T.);
#697=FACE_BOUND('',#1414,.T.);
#698=FACE_BOUND('',#1415,.T.);
#699=FACE_BOUND('',#1416,.T.);
#700=FACE_BOUND('',#1417,.T.);
#701=FACE_BOUND('',#1418,.T.);
#702=FACE_BOUND('',#1419,.T.);
#703=FACE_BOUND('',#1420,.T.);
#704=FACE_BOUND('',#1421,.T.);
#705=FACE_BOUND('',#1422,.T.);
#706=FACE_BOUND('',#1423,.T.);
#707=FACE_BOUND('',#1424,.T.);
#708=FACE_BOUND('',#1425,.T.);
#709=FACE_BOUND('',#1426,.T.);
#710=FACE_BOUND('',#1427,.T.);
#711=FACE_BOUND('',#1428,.T.);
#712=FACE_BOUND('',#1429,.T.);
#713=FACE_BOUND('',#1430,.T.);
#714=FACE_BOUND('',#1460,.T.);
#715=FACE_BOUND('',#1461,.T.);
#716=FACE_BOUND('',#1462,.T.);
#717=FACE_BOUND('',#1463,.T.);
#718=FACE_BOUND('',#1464,.T.);
#719=FACE_BOUND('',#1465,.T.);
#720=FACE_BOUND('',#1466,.T.);
#721=FACE_BOUND('',#1467,.T.);
#722=FACE_BOUND('',#1468,.T.);
#723=FACE_BOUND('',#1469,.T.);
#724=FACE_BOUND('',#1470,.T.);
#725=FACE_BOUND('',#1471,.T.);
#726=FACE_BOUND('',#1472,.T.);
#727=FACE_BOUND('',#1473,.T.);
#728=FACE_BOUND('',#1474,.T.);
#729=FACE_BOUND('',#1475,.T.);
#730=FACE_BOUND('',#1476,.T.);
#731=FACE_BOUND('',#1477,.T.);
#732=FACE_BOUND('',#1478,.T.);
#733=FACE_BOUND('',#1479,.T.);
#734=FACE_BOUND('',#1480,.T.);
#735=FACE_BOUND('',#1481,.T.);
#736=FACE_BOUND('',#1488,.T.);
#737=FACE_BOUND('',#1489,.T.);
#738=FACE_BOUND('',#1492,.T.);
#739=FACE_BOUND('',#1493,.T.);
#740=FACE_BOUND('',#1494,.T.);
#741=FACE_BOUND('',#1495,.T.);
#742=FACE_BOUND('',#1496,.T.);
#743=FACE_BOUND('',#1499,.T.);
#744=FACE_BOUND('',#1501,.T.);
#745=FACE_BOUND('',#1578,.T.);
#746=FACE_BOUND('',#1580,.T.);
#747=FACE_BOUND('',#1583,.T.);
#748=FACE_BOUND('',#1624,.T.);
#749=FACE_BOUND('',#1626,.T.);
#750=FACE_BOUND('',#1642,.T.);
#751=FACE_BOUND('',#1644,.T.);
#752=FACE_BOUND('',#1674,.T.);
#753=FACE_BOUND('',#1676,.T.);
#754=FACE_BOUND('',#1754,.T.);
#755=FACE_BOUND('',#1756,.T.);
#756=FACE_BOUND('',#1772,.T.);
#757=FACE_BOUND('',#1774,.T.);
#758=FACE_BOUND('',#1790,.T.);
#759=FACE_BOUND('',#1792,.T.);
#760=FACE_BOUND('',#1835,.T.);
#761=FACE_BOUND('',#1836,.T.);
#762=FACE_BOUND('',#1837,.T.);
#763=FACE_BOUND('',#1838,.T.);
#764=FACE_BOUND('',#1839,.T.);
#765=FACE_BOUND('',#1847,.T.);
#766=FACE_BOUND('',#1848,.T.);
#767=FACE_BOUND('',#1849,.T.);
#768=FACE_BOUND('',#1850,.T.);
#769=FACE_BOUND('',#1851,.T.);
#770=FACE_BOUND('',#1852,.T.);
#771=FACE_BOUND('',#1853,.T.);
#772=FACE_BOUND('',#1854,.T.);
#773=FACE_BOUND('',#1855,.T.);
#774=FACE_BOUND('',#1856,.T.);
#775=FACE_BOUND('',#1858,.T.);
#776=FACE_BOUND('',#1861,.T.);
#777=FACE_BOUND('',#1862,.T.);
#778=FACE_BOUND('',#1863,.T.);
#779=FACE_BOUND('',#1864,.T.);
#780=FACE_BOUND('',#1865,.T.);
#781=FACE_BOUND('',#1871,.T.);
#782=FACE_BOUND('',#1872,.T.);
#783=FACE_BOUND('',#1873,.T.);
#784=FACE_BOUND('',#1874,.T.);
#785=FACE_BOUND('',#1875,.T.);
#786=FACE_BOUND('',#1876,.T.);
#787=FACE_BOUND('',#1877,.T.);
#788=FACE_BOUND('',#1878,.T.);
#789=FACE_BOUND('',#1879,.T.);
#790=FACE_BOUND('',#1880,.T.);
#791=CIRCLE('',#8178,2.031457317161);
#792=CIRCLE('',#8179,2.031457317161);
#793=CIRCLE('',#8181,2.031457317161);
#794=CIRCLE('',#8182,2.031457317161);
#795=CIRCLE('',#8183,2.031457317161);
#796=CIRCLE('',#8184,0.508);
#797=CIRCLE('',#8185,0.508);
#798=CIRCLE('',#8186,0.508);
#799=CIRCLE('',#8187,0.508);
#800=CIRCLE('',#8188,0.508);
#801=CIRCLE('',#8189,0.508);
#802=CIRCLE('',#8190,0.508);
#803=CIRCLE('',#8191,0.3);
#804=CIRCLE('',#8192,1.55);
#805=CIRCLE('',#8193,0.508);
#806=CIRCLE('',#8194,0.3);
#807=CIRCLE('',#8195,0.508);
#808=CIRCLE('',#8196,0.508);
#809=CIRCLE('',#8197,0.508);
#810=CIRCLE('',#8198,0.508);
#811=CIRCLE('',#8199,0.508);
#812=CIRCLE('',#8200,0.508);
#813=CIRCLE('',#8201,0.381);
#814=CIRCLE('',#8202,0.381);
#815=CIRCLE('',#8203,0.381);
#816=CIRCLE('',#8204,0.381);
#817=CIRCLE('',#8205,1.55);
#818=CIRCLE('',#8208,2.031457317161);
#819=CIRCLE('',#8211,2.031457317161);
#820=CIRCLE('',#8214,2.031457317161);
#821=CIRCLE('',#8216,1.55);
#822=CIRCLE('',#8218,0.381);
#823=CIRCLE('',#8220,0.381);
#824=CIRCLE('',#8222,0.381);
#825=CIRCLE('',#8224,0.381);
#826=CIRCLE('',#8226,0.508);
#827=CIRCLE('',#8228,0.508);
#828=CIRCLE('',#8230,0.508);
#829=CIRCLE('',#8232,0.508);
#830=CIRCLE('',#8234,0.508);
#831=CIRCLE('',#8236,0.508);
#832=CIRCLE('',#8238,0.3);
#833=CIRCLE('',#8240,0.508);
#834=CIRCLE('',#8242,1.55);
#835=CIRCLE('',#8244,0.3);
#836=CIRCLE('',#8246,0.508);
#837=CIRCLE('',#8248,0.508);
#838=CIRCLE('',#8250,0.508);
#839=CIRCLE('',#8252,0.508);
#840=CIRCLE('',#8254,0.508);
#841=CIRCLE('',#8256,0.508);
#842=CIRCLE('',#8258,0.508);
#843=CIRCLE('',#8263,0.35);
#844=CIRCLE('',#8264,0.3);
#845=CIRCLE('',#8265,0.05);
#846=CIRCLE('',#8266,0.3);
#847=CIRCLE('',#8268,0.35);
#848=CIRCLE('',#8269,0.35);
#849=CIRCLE('',#8271,0.9);
#850=CIRCLE('',#8272,0.9);
#851=CIRCLE('',#8274,0.85);
#852=CIRCLE('',#8275,0.85);
#853=CIRCLE('',#8277,0.45);
#854=CIRCLE('',#8278,0.45);
#855=CIRCLE('',#8280,0.6);
#856=CIRCLE('',#8281,0.6);
#857=CIRCLE('',#8282,0.3);
#858=CIRCLE('',#8283,0.3);
#859=CIRCLE('',#8284,0.3);
#860=CIRCLE('',#8285,0.3);
#861=CIRCLE('',#8286,0.3);
#862=CIRCLE('',#8287,0.3);
#863=CIRCLE('',#8290,0.6);
#864=CIRCLE('',#8291,0.6);
#865=CIRCLE('',#8309,0.4);
#866=CIRCLE('',#8311,0.4);
#867=CIRCLE('',#8313,0.4);
#868=CIRCLE('',#8315,0.4);
#869=CIRCLE('',#8317,0.4);
#870=CIRCLE('',#8319,0.4);
#871=CIRCLE('',#8321,0.4);
#872=CIRCLE('',#8323,0.4);
#873=CIRCLE('',#8325,0.45);
#874=CIRCLE('',#8327,0.45);
#875=CIRCLE('',#8330,0.4);
#876=CIRCLE('',#8332,0.4);
#877=CIRCLE('',#8334,0.4);
#878=CIRCLE('',#8336,0.4);
#879=CIRCLE('',#8338,0.4);
#880=CIRCLE('',#8340,0.4);
#881=CIRCLE('',#8342,0.4);
#882=CIRCLE('',#8348,0.4);
#883=CIRCLE('',#8366,0.6);
#884=CIRCLE('',#8368,0.3);
#885=CIRCLE('',#8370,0.3);
#886=CIRCLE('',#8371,0.3);
#887=CIRCLE('',#8373,0.3);
#888=CIRCLE('',#8375,0.3);
#889=CIRCLE('',#8377,0.3);
#890=CIRCLE('',#8379,0.3);
#891=CIRCLE('',#8381,0.3);
#892=CIRCLE('',#8383,0.3);
#893=CIRCLE('',#8385,0.3);
#894=CIRCLE('',#8387,0.3);
#895=CIRCLE('',#8389,0.3);
#896=CIRCLE('',#8391,0.3);
#897=CIRCLE('',#8393,0.3);
#898=CIRCLE('',#8395,0.3);
#899=CIRCLE('',#8397,0.3);
#900=CIRCLE('',#8399,0.3);
#901=CIRCLE('',#8401,0.3);
#902=CIRCLE('',#8410,0.05);
#903=CIRCLE('',#8637,3.05);
#904=CIRCLE('',#8638,3.05);
#905=CIRCLE('',#8639,3.05);
#906=CIRCLE('',#8640,3.05);
#907=CIRCLE('',#8641,3.05);
#908=CIRCLE('',#8644,3.05);
#909=CIRCLE('',#8646,3.05);
#910=CIRCLE('',#8648,3.05);
#911=CIRCLE('',#8650,3.05);
#912=CIRCLE('',#8652,3.05);
#913=CIRCLE('',#8654,0.299999999999998);
#914=CIRCLE('',#8655,1.55);
#915=CIRCLE('',#8656,0.299999999999998);
#916=CIRCLE('',#8657,0.381);
#917=CIRCLE('',#8658,0.381);
#918=CIRCLE('',#8659,1.55);
#919=CIRCLE('',#8660,0.381);
#920=CIRCLE('',#8661,0.381);
#921=CIRCLE('',#8662,1.5);
#922=CIRCLE('',#8663,1.49999999999999);
#923=CIRCLE('',#8665,2.03145726882447);
#924=CIRCLE('',#8666,2.03145726882448);
#925=CIRCLE('',#8667,2.03145726882417);
#926=CIRCLE('',#8668,2.0314572688245);
#927=CIRCLE('',#8672,1.49999999999999);
#928=CIRCLE('',#8674,1.5);
#929=CIRCLE('',#8676,2.03145731716143);
#930=CIRCLE('',#8679,2.03145731716143);
#931=CIRCLE('',#8680,2.03145731716142);
#932=CIRCLE('',#8681,2.03145731716143);
#933=CIRCLE('',#8682,2.03145731716144);
#934=CIRCLE('',#8683,0.299999999999998);
#935=CIRCLE('',#8684,1.55);
#936=CIRCLE('',#8685,0.299999999999998);
#937=CIRCLE('',#8686,0.381);
#938=CIRCLE('',#8687,0.381);
#939=CIRCLE('',#8688,1.55);
#940=CIRCLE('',#8689,0.381);
#941=CIRCLE('',#8690,0.381);
#942=CYLINDRICAL_SURFACE('',#8177,2.031457317161);
#943=CYLINDRICAL_SURFACE('',#8207,2.031457317161);
#944=CYLINDRICAL_SURFACE('',#8210,2.031457317161);
#945=CYLINDRICAL_SURFACE('',#8213,2.031457317161);
#946=CYLINDRICAL_SURFACE('',#8215,1.55);
#947=CYLINDRICAL_SURFACE('',#8217,0.381);
#948=CYLINDRICAL_SURFACE('',#8219,0.381);
#949=CYLINDRICAL_SURFACE('',#8221,0.381);
#950=CYLINDRICAL_SURFACE('',#8223,0.381);
#951=CYLINDRICAL_SURFACE('',#8225,0.508);
#952=CYLINDRICAL_SURFACE('',#8227,0.508);
#953=CYLINDRICAL_SURFACE('',#8229,0.508);
#954=CYLINDRICAL_SURFACE('',#8231,0.508);
#955=CYLINDRICAL_SURFACE('',#8233,0.508);
#956=CYLINDRICAL_SURFACE('',#8235,0.508);
#957=CYLINDRICAL_SURFACE('',#8237,0.3);
#958=CYLINDRICAL_SURFACE('',#8239,0.508);
#959=CYLINDRICAL_SURFACE('',#8241,1.55);
#960=CYLINDRICAL_SURFACE('',#8243,0.3);
#961=CYLINDRICAL_SURFACE('',#8245,0.508);
#962=CYLINDRICAL_SURFACE('',#8247,0.508);
#963=CYLINDRICAL_SURFACE('',#8249,0.508);
#964=CYLINDRICAL_SURFACE('',#8251,0.508);
#965=CYLINDRICAL_SURFACE('',#8253,0.508);
#966=CYLINDRICAL_SURFACE('',#8255,0.508);
#967=CYLINDRICAL_SURFACE('',#8257,0.508);
#968=CYLINDRICAL_SURFACE('',#8267,0.35);
#969=CYLINDRICAL_SURFACE('',#8270,0.9);
#970=CYLINDRICAL_SURFACE('',#8273,0.85);
#971=CYLINDRICAL_SURFACE('',#8276,0.45);
#972=CYLINDRICAL_SURFACE('',#8350,0.4);
#973=CYLINDRICAL_SURFACE('',#8351,0.45);
#974=CYLINDRICAL_SURFACE('',#8352,0.4);
#975=CYLINDRICAL_SURFACE('',#8353,0.4);
#976=CYLINDRICAL_SURFACE('',#8354,0.4);
#977=CYLINDRICAL_SURFACE('',#8355,0.4);
#978=CYLINDRICAL_SURFACE('',#8356,0.4);
#979=CYLINDRICAL_SURFACE('',#8357,0.4);
#980=CYLINDRICAL_SURFACE('',#8358,0.4);
#981=CYLINDRICAL_SURFACE('',#8367,0.3);
#982=CYLINDRICAL_SURFACE('',#8369,0.3);
#983=CYLINDRICAL_SURFACE('',#8372,0.3);
#984=CYLINDRICAL_SURFACE('',#8378,0.3);
#985=CYLINDRICAL_SURFACE('',#8380,0.3);
#986=CYLINDRICAL_SURFACE('',#8382,0.3);
#987=CYLINDRICAL_SURFACE('',#8384,0.3);
#988=CYLINDRICAL_SURFACE('',#8390,0.3);
#989=CYLINDRICAL_SURFACE('',#8392,0.3);
#990=CYLINDRICAL_SURFACE('',#8394,0.3);
#991=CYLINDRICAL_SURFACE('',#8396,0.3);
#992=CYLINDRICAL_SURFACE('',#8402,0.3);
#993=CYLINDRICAL_SURFACE('',#8643,3.05);
#994=CYLINDRICAL_SURFACE('',#8645,3.05);
#995=CYLINDRICAL_SURFACE('',#8647,3.05);
#996=CYLINDRICAL_SURFACE('',#8649,3.05);
#997=CYLINDRICAL_SURFACE('',#8651,3.05);
#998=CYLINDRICAL_SURFACE('',#8671,1.49999999999999);
#999=CYLINDRICAL_SURFACE('',#8673,1.5);
#1000=CYLINDRICAL_SURFACE('',#8692,2.0314572688245);
#1001=CYLINDRICAL_SURFACE('',#8694,2.03145726882447);
#1002=CYLINDRICAL_SURFACE('',#8696,2.03145726882417);
#1003=CYLINDRICAL_SURFACE('',#8698,2.03145726882448);
#1004=CYLINDRICAL_SURFACE('',#8701,0.299999999999998);
#1005=CYLINDRICAL_SURFACE('',#8702,1.55);
#1006=CYLINDRICAL_SURFACE('',#8703,0.299999999999998);
#1007=CYLINDRICAL_SURFACE('',#8704,0.381);
#1008=CYLINDRICAL_SURFACE('',#8705,0.381);
#1009=CYLINDRICAL_SURFACE('',#8706,1.55);
#1010=CYLINDRICAL_SURFACE('',#8707,0.381);
#1011=CYLINDRICAL_SURFACE('',#8708,0.381);
#1012=FACE_OUTER_BOUND('',#1406,.T.);
#1013=FACE_OUTER_BOUND('',#1407,.T.);
#1014=FACE_OUTER_BOUND('',#1408,.T.);
#1015=FACE_OUTER_BOUND('',#1431,.T.);
#1016=FACE_OUTER_BOUND('',#1432,.T.);
#1017=FACE_OUTER_BOUND('',#1433,.T.);
#1018=FACE_OUTER_BOUND('',#1434,.T.);
#1019=FACE_OUTER_BOUND('',#1435,.T.);
#1020=FACE_OUTER_BOUND('',#1436,.T.);
#1021=FACE_OUTER_BOUND('',#1437,.T.);
#1022=FACE_OUTER_BOUND('',#1438,.T.);
#1023=FACE_OUTER_BOUND('',#1439,.T.);
#1024=FACE_OUTER_BOUND('',#1440,.T.);
#1025=FACE_OUTER_BOUND('',#1441,.T.);
#1026=FACE_OUTER_BOUND('',#1442,.T.);
#1027=FACE_OUTER_BOUND('',#1443,.T.);
#1028=FACE_OUTER_BOUND('',#1444,.T.);
#1029=FACE_OUTER_BOUND('',#1445,.T.);
#1030=FACE_OUTER_BOUND('',#1446,.T.);
#1031=FACE_OUTER_BOUND('',#1447,.T.);
#1032=FACE_OUTER_BOUND('',#1448,.T.);
#1033=FACE_OUTER_BOUND('',#1449,.T.);
#1034=FACE_OUTER_BOUND('',#1450,.T.);
#1035=FACE_OUTER_BOUND('',#1451,.T.);
#1036=FACE_OUTER_BOUND('',#1452,.T.);
#1037=FACE_OUTER_BOUND('',#1453,.T.);
#1038=FACE_OUTER_BOUND('',#1454,.T.);
#1039=FACE_OUTER_BOUND('',#1455,.T.);
#1040=FACE_OUTER_BOUND('',#1456,.T.);
#1041=FACE_OUTER_BOUND('',#1457,.T.);
#1042=FACE_OUTER_BOUND('',#1458,.T.);
#1043=FACE_OUTER_BOUND('',#1459,.T.);
#1044=FACE_OUTER_BOUND('',#1482,.T.);
#1045=FACE_OUTER_BOUND('',#1483,.T.);
#1046=FACE_OUTER_BOUND('',#1484,.T.);
#1047=FACE_OUTER_BOUND('',#1485,.T.);
#1048=FACE_OUTER_BOUND('',#1486,.T.);
#1049=FACE_OUTER_BOUND('',#1487,.T.);
#1050=FACE_OUTER_BOUND('',#1490,.T.);
#1051=FACE_OUTER_BOUND('',#1491,.T.);
#1052=FACE_OUTER_BOUND('',#1497,.T.);
#1053=FACE_OUTER_BOUND('',#1498,.T.);
#1054=FACE_OUTER_BOUND('',#1500,.T.);
#1055=FACE_OUTER_BOUND('',#1502,.T.);
#1056=FACE_OUTER_BOUND('',#1503,.T.);
#1057=FACE_OUTER_BOUND('',#1504,.T.);
#1058=FACE_OUTER_BOUND('',#1505,.T.);
#1059=FACE_OUTER_BOUND('',#1506,.T.);
#1060=FACE_OUTER_BOUND('',#1507,.T.);
#1061=FACE_OUTER_BOUND('',#1508,.T.);
#1062=FACE_OUTER_BOUND('',#1509,.T.);
#1063=FACE_OUTER_BOUND('',#1510,.T.);
#1064=FACE_OUTER_BOUND('',#1511,.T.);
#1065=FACE_OUTER_BOUND('',#1512,.T.);
#1066=FACE_OUTER_BOUND('',#1513,.T.);
#1067=FACE_OUTER_BOUND('',#1514,.T.);
#1068=FACE_OUTER_BOUND('',#1515,.T.);
#1069=FACE_OUTER_BOUND('',#1516,.T.);
#1070=FACE_OUTER_BOUND('',#1517,.T.);
#1071=FACE_OUTER_BOUND('',#1518,.T.);
#1072=FACE_OUTER_BOUND('',#1519,.T.);
#1073=FACE_OUTER_BOUND('',#1520,.T.);
#1074=FACE_OUTER_BOUND('',#1521,.T.);
#1075=FACE_OUTER_BOUND('',#1522,.T.);
#1076=FACE_OUTER_BOUND('',#1523,.T.);
#1077=FACE_OUTER_BOUND('',#1524,.T.);
#1078=FACE_OUTER_BOUND('',#1525,.T.);
#1079=FACE_OUTER_BOUND('',#1526,.T.);
#1080=FACE_OUTER_BOUND('',#1527,.T.);
#1081=FACE_OUTER_BOUND('',#1528,.T.);
#1082=FACE_OUTER_BOUND('',#1529,.T.);
#1083=FACE_OUTER_BOUND('',#1530,.T.);
#1084=FACE_OUTER_BOUND('',#1531,.T.);
#1085=FACE_OUTER_BOUND('',#1532,.T.);
#1086=FACE_OUTER_BOUND('',#1533,.T.);
#1087=FACE_OUTER_BOUND('',#1534,.T.);
#1088=FACE_OUTER_BOUND('',#1535,.T.);
#1089=FACE_OUTER_BOUND('',#1536,.T.);
#1090=FACE_OUTER_BOUND('',#1537,.T.);
#1091=FACE_OUTER_BOUND('',#1538,.T.);
#1092=FACE_OUTER_BOUND('',#1539,.T.);
#1093=FACE_OUTER_BOUND('',#1540,.T.);
#1094=FACE_OUTER_BOUND('',#1541,.T.);
#1095=FACE_OUTER_BOUND('',#1542,.T.);
#1096=FACE_OUTER_BOUND('',#1543,.T.);
#1097=FACE_OUTER_BOUND('',#1544,.T.);
#1098=FACE_OUTER_BOUND('',#1545,.T.);
#1099=FACE_OUTER_BOUND('',#1546,.T.);
#1100=FACE_OUTER_BOUND('',#1547,.T.);
#1101=FACE_OUTER_BOUND('',#1548,.T.);
#1102=FACE_OUTER_BOUND('',#1549,.T.);
#1103=FACE_OUTER_BOUND('',#1550,.T.);
#1104=FACE_OUTER_BOUND('',#1551,.T.);
#1105=FACE_OUTER_BOUND('',#1552,.T.);
#1106=FACE_OUTER_BOUND('',#1553,.T.);
#1107=FACE_OUTER_BOUND('',#1554,.T.);
#1108=FACE_OUTER_BOUND('',#1555,.T.);
#1109=FACE_OUTER_BOUND('',#1556,.T.);
#1110=FACE_OUTER_BOUND('',#1557,.T.);
#1111=FACE_OUTER_BOUND('',#1558,.T.);
#1112=FACE_OUTER_BOUND('',#1559,.T.);
#1113=FACE_OUTER_BOUND('',#1560,.T.);
#1114=FACE_OUTER_BOUND('',#1561,.T.);
#1115=FACE_OUTER_BOUND('',#1562,.T.);
#1116=FACE_OUTER_BOUND('',#1563,.T.);
#1117=FACE_OUTER_BOUND('',#1564,.T.);
#1118=FACE_OUTER_BOUND('',#1565,.T.);
#1119=FACE_OUTER_BOUND('',#1566,.T.);
#1120=FACE_OUTER_BOUND('',#1567,.T.);
#1121=FACE_OUTER_BOUND('',#1568,.T.);
#1122=FACE_OUTER_BOUND('',#1569,.T.);
#1123=FACE_OUTER_BOUND('',#1570,.T.);
#1124=FACE_OUTER_BOUND('',#1571,.T.);
#1125=FACE_OUTER_BOUND('',#1572,.T.);
#1126=FACE_OUTER_BOUND('',#1573,.T.);
#1127=FACE_OUTER_BOUND('',#1574,.T.);
#1128=FACE_OUTER_BOUND('',#1575,.T.);
#1129=FACE_OUTER_BOUND('',#1576,.T.);
#1130=FACE_OUTER_BOUND('',#1577,.T.);
#1131=FACE_OUTER_BOUND('',#1579,.T.);
#1132=FACE_OUTER_BOUND('',#1581,.T.);
#1133=FACE_OUTER_BOUND('',#1582,.T.);
#1134=FACE_OUTER_BOUND('',#1584,.T.);
#1135=FACE_OUTER_BOUND('',#1585,.T.);
#1136=FACE_OUTER_BOUND('',#1586,.T.);
#1137=FACE_OUTER_BOUND('',#1587,.T.);
#1138=FACE_OUTER_BOUND('',#1588,.T.);
#1139=FACE_OUTER_BOUND('',#1589,.T.);
#1140=FACE_OUTER_BOUND('',#1590,.T.);
#1141=FACE_OUTER_BOUND('',#1591,.T.);
#1142=FACE_OUTER_BOUND('',#1592,.T.);
#1143=FACE_OUTER_BOUND('',#1593,.T.);
#1144=FACE_OUTER_BOUND('',#1594,.T.);
#1145=FACE_OUTER_BOUND('',#1595,.T.);
#1146=FACE_OUTER_BOUND('',#1596,.T.);
#1147=FACE_OUTER_BOUND('',#1597,.T.);
#1148=FACE_OUTER_BOUND('',#1598,.T.);
#1149=FACE_OUTER_BOUND('',#1599,.T.);
#1150=FACE_OUTER_BOUND('',#1600,.T.);
#1151=FACE_OUTER_BOUND('',#1601,.T.);
#1152=FACE_OUTER_BOUND('',#1602,.T.);
#1153=FACE_OUTER_BOUND('',#1603,.T.);
#1154=FACE_OUTER_BOUND('',#1604,.T.);
#1155=FACE_OUTER_BOUND('',#1605,.T.);
#1156=FACE_OUTER_BOUND('',#1606,.T.);
#1157=FACE_OUTER_BOUND('',#1607,.T.);
#1158=FACE_OUTER_BOUND('',#1608,.T.);
#1159=FACE_OUTER_BOUND('',#1609,.T.);
#1160=FACE_OUTER_BOUND('',#1610,.T.);
#1161=FACE_OUTER_BOUND('',#1611,.T.);
#1162=FACE_OUTER_BOUND('',#1612,.T.);
#1163=FACE_OUTER_BOUND('',#1613,.T.);
#1164=FACE_OUTER_BOUND('',#1614,.T.);
#1165=FACE_OUTER_BOUND('',#1615,.T.);
#1166=FACE_OUTER_BOUND('',#1616,.T.);
#1167=FACE_OUTER_BOUND('',#1617,.T.);
#1168=FACE_OUTER_BOUND('',#1618,.T.);
#1169=FACE_OUTER_BOUND('',#1619,.T.);
#1170=FACE_OUTER_BOUND('',#1620,.T.);
#1171=FACE_OUTER_BOUND('',#1621,.T.);
#1172=FACE_OUTER_BOUND('',#1622,.T.);
#1173=FACE_OUTER_BOUND('',#1623,.T.);
#1174=FACE_OUTER_BOUND('',#1625,.T.);
#1175=FACE_OUTER_BOUND('',#1627,.T.);
#1176=FACE_OUTER_BOUND('',#1628,.T.);
#1177=FACE_OUTER_BOUND('',#1629,.T.);
#1178=FACE_OUTER_BOUND('',#1630,.T.);
#1179=FACE_OUTER_BOUND('',#1631,.T.);
#1180=FACE_OUTER_BOUND('',#1632,.T.);
#1181=FACE_OUTER_BOUND('',#1633,.T.);
#1182=FACE_OUTER_BOUND('',#1634,.T.);
#1183=FACE_OUTER_BOUND('',#1635,.T.);
#1184=FACE_OUTER_BOUND('',#1636,.T.);
#1185=FACE_OUTER_BOUND('',#1637,.T.);
#1186=FACE_OUTER_BOUND('',#1638,.T.);
#1187=FACE_OUTER_BOUND('',#1639,.T.);
#1188=FACE_OUTER_BOUND('',#1640,.T.);
#1189=FACE_OUTER_BOUND('',#1641,.T.);
#1190=FACE_OUTER_BOUND('',#1643,.T.);
#1191=FACE_OUTER_BOUND('',#1645,.T.);
#1192=FACE_OUTER_BOUND('',#1646,.T.);
#1193=FACE_OUTER_BOUND('',#1647,.T.);
#1194=FACE_OUTER_BOUND('',#1648,.T.);
#1195=FACE_OUTER_BOUND('',#1649,.T.);
#1196=FACE_OUTER_BOUND('',#1650,.T.);
#1197=FACE_OUTER_BOUND('',#1651,.T.);
#1198=FACE_OUTER_BOUND('',#1652,.T.);
#1199=FACE_OUTER_BOUND('',#1653,.T.);
#1200=FACE_OUTER_BOUND('',#1654,.T.);
#1201=FACE_OUTER_BOUND('',#1655,.T.);
#1202=FACE_OUTER_BOUND('',#1656,.T.);
#1203=FACE_OUTER_BOUND('',#1657,.T.);
#1204=FACE_OUTER_BOUND('',#1658,.T.);
#1205=FACE_OUTER_BOUND('',#1659,.T.);
#1206=FACE_OUTER_BOUND('',#1660,.T.);
#1207=FACE_OUTER_BOUND('',#1661,.T.);
#1208=FACE_OUTER_BOUND('',#1662,.T.);
#1209=FACE_OUTER_BOUND('',#1663,.T.);
#1210=FACE_OUTER_BOUND('',#1664,.T.);
#1211=FACE_OUTER_BOUND('',#1665,.T.);
#1212=FACE_OUTER_BOUND('',#1666,.T.);
#1213=FACE_OUTER_BOUND('',#1667,.T.);
#1214=FACE_OUTER_BOUND('',#1668,.T.);
#1215=FACE_OUTER_BOUND('',#1669,.T.);
#1216=FACE_OUTER_BOUND('',#1670,.T.);
#1217=FACE_OUTER_BOUND('',#1671,.T.);
#1218=FACE_OUTER_BOUND('',#1672,.T.);
#1219=FACE_OUTER_BOUND('',#1673,.T.);
#1220=FACE_OUTER_BOUND('',#1675,.T.);
#1221=FACE_OUTER_BOUND('',#1677,.T.);
#1222=FACE_OUTER_BOUND('',#1678,.T.);
#1223=FACE_OUTER_BOUND('',#1679,.T.);
#1224=FACE_OUTER_BOUND('',#1680,.T.);
#1225=FACE_OUTER_BOUND('',#1681,.T.);
#1226=FACE_OUTER_BOUND('',#1682,.T.);
#1227=FACE_OUTER_BOUND('',#1683,.T.);
#1228=FACE_OUTER_BOUND('',#1684,.T.);
#1229=FACE_OUTER_BOUND('',#1685,.T.);
#1230=FACE_OUTER_BOUND('',#1686,.T.);
#1231=FACE_OUTER_BOUND('',#1687,.T.);
#1232=FACE_OUTER_BOUND('',#1688,.T.);
#1233=FACE_OUTER_BOUND('',#1689,.T.);
#1234=FACE_OUTER_BOUND('',#1690,.T.);
#1235=FACE_OUTER_BOUND('',#1691,.T.);
#1236=FACE_OUTER_BOUND('',#1692,.T.);
#1237=FACE_OUTER_BOUND('',#1693,.T.);
#1238=FACE_OUTER_BOUND('',#1694,.T.);
#1239=FACE_OUTER_BOUND('',#1695,.T.);
#1240=FACE_OUTER_BOUND('',#1696,.T.);
#1241=FACE_OUTER_BOUND('',#1697,.T.);
#1242=FACE_OUTER_BOUND('',#1698,.T.);
#1243=FACE_OUTER_BOUND('',#1699,.T.);
#1244=FACE_OUTER_BOUND('',#1700,.T.);
#1245=FACE_OUTER_BOUND('',#1701,.T.);
#1246=FACE_OUTER_BOUND('',#1702,.T.);
#1247=FACE_OUTER_BOUND('',#1703,.T.);
#1248=FACE_OUTER_BOUND('',#1704,.T.);
#1249=FACE_OUTER_BOUND('',#1705,.T.);
#1250=FACE_OUTER_BOUND('',#1706,.T.);
#1251=FACE_OUTER_BOUND('',#1707,.T.);
#1252=FACE_OUTER_BOUND('',#1708,.T.);
#1253=FACE_OUTER_BOUND('',#1709,.T.);
#1254=FACE_OUTER_BOUND('',#1710,.T.);
#1255=FACE_OUTER_BOUND('',#1711,.T.);
#1256=FACE_OUTER_BOUND('',#1712,.T.);
#1257=FACE_OUTER_BOUND('',#1713,.T.);
#1258=FACE_OUTER_BOUND('',#1714,.T.);
#1259=FACE_OUTER_BOUND('',#1715,.T.);
#1260=FACE_OUTER_BOUND('',#1716,.T.);
#1261=FACE_OUTER_BOUND('',#1717,.T.);
#1262=FACE_OUTER_BOUND('',#1718,.T.);
#1263=FACE_OUTER_BOUND('',#1719,.T.);
#1264=FACE_OUTER_BOUND('',#1720,.T.);
#1265=FACE_OUTER_BOUND('',#1721,.T.);
#1266=FACE_OUTER_BOUND('',#1722,.T.);
#1267=FACE_OUTER_BOUND('',#1723,.T.);
#1268=FACE_OUTER_BOUND('',#1724,.T.);
#1269=FACE_OUTER_BOUND('',#1725,.T.);
#1270=FACE_OUTER_BOUND('',#1726,.T.);
#1271=FACE_OUTER_BOUND('',#1727,.T.);
#1272=FACE_OUTER_BOUND('',#1728,.T.);
#1273=FACE_OUTER_BOUND('',#1729,.T.);
#1274=FACE_OUTER_BOUND('',#1730,.T.);
#1275=FACE_OUTER_BOUND('',#1731,.T.);
#1276=FACE_OUTER_BOUND('',#1732,.T.);
#1277=FACE_OUTER_BOUND('',#1733,.T.);
#1278=FACE_OUTER_BOUND('',#1734,.T.);
#1279=FACE_OUTER_BOUND('',#1735,.T.);
#1280=FACE_OUTER_BOUND('',#1736,.T.);
#1281=FACE_OUTER_BOUND('',#1737,.T.);
#1282=FACE_OUTER_BOUND('',#1738,.T.);
#1283=FACE_OUTER_BOUND('',#1739,.T.);
#1284=FACE_OUTER_BOUND('',#1740,.T.);
#1285=FACE_OUTER_BOUND('',#1741,.T.);
#1286=FACE_OUTER_BOUND('',#1742,.T.);
#1287=FACE_OUTER_BOUND('',#1743,.T.);
#1288=FACE_OUTER_BOUND('',#1744,.T.);
#1289=FACE_OUTER_BOUND('',#1745,.T.);
#1290=FACE_OUTER_BOUND('',#1746,.T.);
#1291=FACE_OUTER_BOUND('',#1747,.T.);
#1292=FACE_OUTER_BOUND('',#1748,.T.);
#1293=FACE_OUTER_BOUND('',#1749,.T.);
#1294=FACE_OUTER_BOUND('',#1750,.T.);
#1295=FACE_OUTER_BOUND('',#1751,.T.);
#1296=FACE_OUTER_BOUND('',#1752,.T.);
#1297=FACE_OUTER_BOUND('',#1753,.T.);
#1298=FACE_OUTER_BOUND('',#1755,.T.);
#1299=FACE_OUTER_BOUND('',#1757,.T.);
#1300=FACE_OUTER_BOUND('',#1758,.T.);
#1301=FACE_OUTER_BOUND('',#1759,.T.);
#1302=FACE_OUTER_BOUND('',#1760,.T.);
#1303=FACE_OUTER_BOUND('',#1761,.T.);
#1304=FACE_OUTER_BOUND('',#1762,.T.);
#1305=FACE_OUTER_BOUND('',#1763,.T.);
#1306=FACE_OUTER_BOUND('',#1764,.T.);
#1307=FACE_OUTER_BOUND('',#1765,.T.);
#1308=FACE_OUTER_BOUND('',#1766,.T.);
#1309=FACE_OUTER_BOUND('',#1767,.T.);
#1310=FACE_OUTER_BOUND('',#1768,.T.);
#1311=FACE_OUTER_BOUND('',#1769,.T.);
#1312=FACE_OUTER_BOUND('',#1770,.T.);
#1313=FACE_OUTER_BOUND('',#1771,.T.);
#1314=FACE_OUTER_BOUND('',#1773,.T.);
#1315=FACE_OUTER_BOUND('',#1775,.T.);
#1316=FACE_OUTER_BOUND('',#1776,.T.);
#1317=FACE_OUTER_BOUND('',#1777,.T.);
#1318=FACE_OUTER_BOUND('',#1778,.T.);
#1319=FACE_OUTER_BOUND('',#1779,.T.);
#1320=FACE_OUTER_BOUND('',#1780,.T.);
#1321=FACE_OUTER_BOUND('',#1781,.T.);
#1322=FACE_OUTER_BOUND('',#1782,.T.);
#1323=FACE_OUTER_BOUND('',#1783,.T.);
#1324=FACE_OUTER_BOUND('',#1784,.T.);
#1325=FACE_OUTER_BOUND('',#1785,.T.);
#1326=FACE_OUTER_BOUND('',#1786,.T.);
#1327=FACE_OUTER_BOUND('',#1787,.T.);
#1328=FACE_OUTER_BOUND('',#1788,.T.);
#1329=FACE_OUTER_BOUND('',#1789,.T.);
#1330=FACE_OUTER_BOUND('',#1791,.T.);
#1331=FACE_OUTER_BOUND('',#1793,.T.);
#1332=FACE_OUTER_BOUND('',#1794,.T.);
#1333=FACE_OUTER_BOUND('',#1795,.T.);
#1334=FACE_OUTER_BOUND('',#1796,.T.);
#1335=FACE_OUTER_BOUND('',#1797,.T.);
#1336=FACE_OUTER_BOUND('',#1798,.T.);
#1337=FACE_OUTER_BOUND('',#1799,.T.);
#1338=FACE_OUTER_BOUND('',#1800,.T.);
#1339=FACE_OUTER_BOUND('',#1801,.T.);
#1340=FACE_OUTER_BOUND('',#1802,.T.);
#1341=FACE_OUTER_BOUND('',#1803,.T.);
#1342=FACE_OUTER_BOUND('',#1804,.T.);
#1343=FACE_OUTER_BOUND('',#1805,.T.);
#1344=FACE_OUTER_BOUND('',#1806,.T.);
#1345=FACE_OUTER_BOUND('',#1807,.T.);
#1346=FACE_OUTER_BOUND('',#1808,.T.);
#1347=FACE_OUTER_BOUND('',#1809,.T.);
#1348=FACE_OUTER_BOUND('',#1810,.T.);
#1349=FACE_OUTER_BOUND('',#1811,.T.);
#1350=FACE_OUTER_BOUND('',#1812,.T.);
#1351=FACE_OUTER_BOUND('',#1813,.T.);
#1352=FACE_OUTER_BOUND('',#1814,.T.);
#1353=FACE_OUTER_BOUND('',#1815,.T.);
#1354=FACE_OUTER_BOUND('',#1816,.T.);
#1355=FACE_OUTER_BOUND('',#1817,.T.);
#1356=FACE_OUTER_BOUND('',#1818,.T.);
#1357=FACE_OUTER_BOUND('',#1819,.T.);
#1358=FACE_OUTER_BOUND('',#1820,.T.);
#1359=FACE_OUTER_BOUND('',#1821,.T.);
#1360=FACE_OUTER_BOUND('',#1822,.T.);
#1361=FACE_OUTER_BOUND('',#1823,.T.);
#1362=FACE_OUTER_BOUND('',#1824,.T.);
#1363=FACE_OUTER_BOUND('',#1825,.T.);
#1364=FACE_OUTER_BOUND('',#1826,.T.);
#1365=FACE_OUTER_BOUND('',#1827,.T.);
#1366=FACE_OUTER_BOUND('',#1828,.T.);
#1367=FACE_OUTER_BOUND('',#1829,.T.);
#1368=FACE_OUTER_BOUND('',#1830,.T.);
#1369=FACE_OUTER_BOUND('',#1831,.T.);
#1370=FACE_OUTER_BOUND('',#1832,.T.);
#1371=FACE_OUTER_BOUND('',#1833,.T.);
#1372=FACE_OUTER_BOUND('',#1834,.T.);
#1373=FACE_OUTER_BOUND('',#1840,.T.);
#1374=FACE_OUTER_BOUND('',#1841,.T.);
#1375=FACE_OUTER_BOUND('',#1842,.T.);
#1376=FACE_OUTER_BOUND('',#1843,.T.);
#1377=FACE_OUTER_BOUND('',#1844,.T.);
#1378=FACE_OUTER_BOUND('',#1845,.T.);
#1379=FACE_OUTER_BOUND('',#1846,.T.);
#1380=FACE_OUTER_BOUND('',#1857,.T.);
#1381=FACE_OUTER_BOUND('',#1859,.T.);
#1382=FACE_OUTER_BOUND('',#1860,.T.);
#1383=FACE_OUTER_BOUND('',#1866,.T.);
#1384=FACE_OUTER_BOUND('',#1867,.T.);
#1385=FACE_OUTER_BOUND('',#1868,.T.);
#1386=FACE_OUTER_BOUND('',#1869,.T.);
#1387=FACE_OUTER_BOUND('',#1870,.T.);
#1388=FACE_OUTER_BOUND('',#1881,.T.);
#1389=FACE_OUTER_BOUND('',#1882,.T.);
#1390=FACE_OUTER_BOUND('',#1883,.T.);
#1391=FACE_OUTER_BOUND('',#1884,.T.);
#1392=FACE_OUTER_BOUND('',#1885,.T.);
#1393=FACE_OUTER_BOUND('',#1886,.T.);
#1394=FACE_OUTER_BOUND('',#1887,.T.);
#1395=FACE_OUTER_BOUND('',#1888,.T.);
#1396=FACE_OUTER_BOUND('',#1889,.T.);
#1397=FACE_OUTER_BOUND('',#1890,.T.);
#1398=FACE_OUTER_BOUND('',#1891,.T.);
#1399=FACE_OUTER_BOUND('',#1892,.T.);
#1400=FACE_OUTER_BOUND('',#1893,.T.);
#1401=FACE_OUTER_BOUND('',#1894,.T.);
#1402=FACE_OUTER_BOUND('',#1895,.T.);
#1403=FACE_OUTER_BOUND('',#1896,.T.);
#1404=FACE_OUTER_BOUND('',#1897,.T.);
#1405=FACE_OUTER_BOUND('',#1898,.T.);
#1406=EDGE_LOOP('',(#5290,#5291,#5292,#5293));
#1407=EDGE_LOOP('',(#5294,#5295,#5296,#5297));
#1408=EDGE_LOOP('',(#5298,#5299,#5300,#5301,#5302,#5303,#5304,#5305));
#1409=EDGE_LOOP('',(#5306));
#1410=EDGE_LOOP('',(#5307));
#1411=EDGE_LOOP('',(#5308));
#1412=EDGE_LOOP('',(#5309));
#1413=EDGE_LOOP('',(#5310));
#1414=EDGE_LOOP('',(#5311));
#1415=EDGE_LOOP('',(#5312));
#1416=EDGE_LOOP('',(#5313));
#1417=EDGE_LOOP('',(#5314));
#1418=EDGE_LOOP('',(#5315));
#1419=EDGE_LOOP('',(#5316));
#1420=EDGE_LOOP('',(#5317));
#1421=EDGE_LOOP('',(#5318));
#1422=EDGE_LOOP('',(#5319));
#1423=EDGE_LOOP('',(#5320));
#1424=EDGE_LOOP('',(#5321));
#1425=EDGE_LOOP('',(#5322));
#1426=EDGE_LOOP('',(#5323));
#1427=EDGE_LOOP('',(#5324));
#1428=EDGE_LOOP('',(#5325));
#1429=EDGE_LOOP('',(#5326));
#1430=EDGE_LOOP('',(#5327));
#1431=EDGE_LOOP('',(#5328,#5329,#5330,#5331));
#1432=EDGE_LOOP('',(#5332,#5333,#5334,#5335));
#1433=EDGE_LOOP('',(#5336,#5337,#5338,#5339));
#1434=EDGE_LOOP('',(#5340,#5341,#5342,#5343));
#1435=EDGE_LOOP('',(#5344,#5345,#5346,#5347));
#1436=EDGE_LOOP('',(#5348,#5349,#5350,#5351));
#1437=EDGE_LOOP('',(#5352,#5353,#5354,#5355));
#1438=EDGE_LOOP('',(#5356,#5357,#5358,#5359));
#1439=EDGE_LOOP('',(#5360,#5361,#5362,#5363));
#1440=EDGE_LOOP('',(#5364,#5365,#5366,#5367));
#1441=EDGE_LOOP('',(#5368,#5369,#5370,#5371));
#1442=EDGE_LOOP('',(#5372,#5373,#5374,#5375));
#1443=EDGE_LOOP('',(#5376,#5377,#5378,#5379));
#1444=EDGE_LOOP('',(#5380,#5381,#5382,#5383));
#1445=EDGE_LOOP('',(#5384,#5385,#5386,#5387));
#1446=EDGE_LOOP('',(#5388,#5389,#5390,#5391));
#1447=EDGE_LOOP('',(#5392,#5393,#5394,#5395));
#1448=EDGE_LOOP('',(#5396,#5397,#5398,#5399));
#1449=EDGE_LOOP('',(#5400,#5401,#5402,#5403));
#1450=EDGE_LOOP('',(#5404,#5405,#5406,#5407));
#1451=EDGE_LOOP('',(#5408,#5409,#5410,#5411));
#1452=EDGE_LOOP('',(#5412,#5413,#5414,#5415));
#1453=EDGE_LOOP('',(#5416,#5417,#5418,#5419));
#1454=EDGE_LOOP('',(#5420,#5421,#5422,#5423));
#1455=EDGE_LOOP('',(#5424,#5425,#5426,#5427));
#1456=EDGE_LOOP('',(#5428,#5429,#5430,#5431));
#1457=EDGE_LOOP('',(#5432,#5433,#5434,#5435));
#1458=EDGE_LOOP('',(#5436,#5437,#5438,#5439));
#1459=EDGE_LOOP('',(#5440,#5441,#5442,#5443,#5444,#5445,#5446,#5447));
#1460=EDGE_LOOP('',(#5448));
#1461=EDGE_LOOP('',(#5449));
#1462=EDGE_LOOP('',(#5450));
#1463=EDGE_LOOP('',(#5451));
#1464=EDGE_LOOP('',(#5452));
#1465=EDGE_LOOP('',(#5453));
#1466=EDGE_LOOP('',(#5454));
#1467=EDGE_LOOP('',(#5455));
#1468=EDGE_LOOP('',(#5456));
#1469=EDGE_LOOP('',(#5457));
#1470=EDGE_LOOP('',(#5458));
#1471=EDGE_LOOP('',(#5459));
#1472=EDGE_LOOP('',(#5460));
#1473=EDGE_LOOP('',(#5461));
#1474=EDGE_LOOP('',(#5462));
#1475=EDGE_LOOP('',(#5463));
#1476=EDGE_LOOP('',(#5464));
#1477=EDGE_LOOP('',(#5465));
#1478=EDGE_LOOP('',(#5466));
#1479=EDGE_LOOP('',(#5467));
#1480=EDGE_LOOP('',(#5468));
#1481=EDGE_LOOP('',(#5469));
#1482=EDGE_LOOP('',(#5470,#5471,#5472,#5473));
#1483=EDGE_LOOP('',(#5474,#5475,#5476,#5477,#5478));
#1484=EDGE_LOOP('',(#5479,#5480,#5481,#5482));
#1485=EDGE_LOOP('',(#5483,#5484,#5485,#5486));
#1486=EDGE_LOOP('',(#5487,#5488,#5489,#5490));
#1487=EDGE_LOOP('',(#5491,#5492,#5493,#5494,#5495,#5496,#5497,#5498,#5499,
#5500,#5501,#5502,#5503,#5504,#5505,#5506,#5507,#5508,#5509,#5510,#5511,
#5512,#5513,#5514,#5515,#5516,#5517,#5518,#5519,#5520,#5521,#5522,#5523,
#5524,#5525,#5526,#5527,#5528,#5529,#5530));
#1488=EDGE_LOOP('',(#5531,#5532,#5533,#5534,#5535,#5536,#5537,#5538,#5539,
#5540,#5541,#5542));
#1489=EDGE_LOOP('',(#5543,#5544,#5545,#5546));
#1490=EDGE_LOOP('',(#5547,#5548,#5549,#5550,#5551,#5552));
#1491=EDGE_LOOP('',(#5553,#5554,#5555,#5556,#5557,#5558,#5559,#5560,#5561,
#5562,#5563,#5564,#5565,#5566,#5567,#5568,#5569,#5570,#5571,#5572,#5573,
#5574,#5575,#5576,#5577,#5578,#5579,#5580,#5581,#5582,#5583,#5584,#5585,
#5586,#5587,#5588,#5589,#5590,#5591,#5592));
#1492=EDGE_LOOP('',(#5593,#5594,#5595,#5596,#5597,#5598));
#1493=EDGE_LOOP('',(#5599,#5600,#5601,#5602,#5603,#5604,#5605,#5606,#5607,
#5608));
#1494=EDGE_LOOP('',(#5609,#5610,#5611,#5612,#5613,#5614,#5615,#5616,#5617,
#5618,#5619,#5620));
#1495=EDGE_LOOP('',(#5621,#5622,#5623,#5624,#5625));
#1496=EDGE_LOOP('',(#5626,#5627,#5628,#5629,#5630,#5631,#5632,#5633));
#1497=EDGE_LOOP('',(#5634,#5635,#5636,#5637,#5638));
#1498=EDGE_LOOP('',(#5639,#5640,#5641,#5642,#5643,#5644,#5645,#5646));
#1499=EDGE_LOOP('',(#5647,#5648,#5649,#5650,#5651,#5652));
#1500=EDGE_LOOP('',(#5653,#5654,#5655,#5656,#5657));
#1501=EDGE_LOOP('',(#5658,#5659,#5660,#5661,#5662));
#1502=EDGE_LOOP('',(#5663,#5664,#5665,#5666,#5667,#5668,#5669,#5670,#5671,
#5672,#5673,#5674));
#1503=EDGE_LOOP('',(#5675,#5676,#5677,#5678,#5679,#5680,#5681,#5682,#5683,
#5684));
#1504=EDGE_LOOP('',(#5685,#5686,#5687,#5688,#5689,#5690));
#1505=EDGE_LOOP('',(#5691,#5692,#5693,#5694,#5695,#5696,#5697,#5698));
#1506=EDGE_LOOP('',(#5699,#5700,#5701,#5702,#5703,#5704,#5705,#5706));
#1507=EDGE_LOOP('',(#5707,#5708,#5709,#5710,#5711,#5712,#5713,#5714));
#1508=EDGE_LOOP('',(#5715,#5716,#5717,#5718,#5719,#5720,#5721,#5722));
#1509=EDGE_LOOP('',(#5723,#5724,#5725,#5726,#5727,#5728,#5729,#5730));
#1510=EDGE_LOOP('',(#5731,#5732,#5733,#5734,#5735,#5736,#5737,#5738));
#1511=EDGE_LOOP('',(#5739,#5740,#5741,#5742,#5743,#5744,#5745,#5746));
#1512=EDGE_LOOP('',(#5747,#5748,#5749,#5750,#5751,#5752));
#1513=EDGE_LOOP('',(#5753,#5754,#5755,#5756,#5757,#5758));
#1514=EDGE_LOOP('',(#5759,#5760,#5761,#5762,#5763,#5764));
#1515=EDGE_LOOP('',(#5765,#5766,#5767,#5768,#5769,#5770));
#1516=EDGE_LOOP('',(#5771,#5772,#5773,#5774,#5775,#5776));
#1517=EDGE_LOOP('',(#5777,#5778,#5779,#5780,#5781,#5782));
#1518=EDGE_LOOP('',(#5783,#5784,#5785,#5786,#5787,#5788));
#1519=EDGE_LOOP('',(#5789,#5790,#5791,#5792,#5793,#5794));
#1520=EDGE_LOOP('',(#5795,#5796,#5797,#5798,#5799,#5800));
#1521=EDGE_LOOP('',(#5801,#5802,#5803,#5804,#5805,#5806));
#1522=EDGE_LOOP('',(#5807,#5808,#5809,#5810,#5811,#5812));
#1523=EDGE_LOOP('',(#5813,#5814,#5815,#5816));
#1524=EDGE_LOOP('',(#5817,#5818,#5819,#5820));
#1525=EDGE_LOOP('',(#5821,#5822,#5823,#5824));
#1526=EDGE_LOOP('',(#5825,#5826,#5827,#5828,#5829,#5830));
#1527=EDGE_LOOP('',(#5831,#5832,#5833,#5834,#5835,#5836));
#1528=EDGE_LOOP('',(#5837,#5838,#5839,#5840,#5841,#5842));
#1529=EDGE_LOOP('',(#5843,#5844,#5845,#5846,#5847,#5848));
#1530=EDGE_LOOP('',(#5849,#5850,#5851,#5852,#5853,#5854));
#1531=EDGE_LOOP('',(#5855,#5856,#5857,#5858,#5859,#5860));
#1532=EDGE_LOOP('',(#5861,#5862,#5863,#5864,#5865,#5866));
#1533=EDGE_LOOP('',(#5867,#5868,#5869,#5870,#5871,#5872));
#1534=EDGE_LOOP('',(#5873,#5874,#5875,#5876,#5877,#5878));
#1535=EDGE_LOOP('',(#5879,#5880,#5881,#5882,#5883,#5884));
#1536=EDGE_LOOP('',(#5885,#5886,#5887,#5888));
#1537=EDGE_LOOP('',(#5889,#5890,#5891,#5892,#5893,#5894));
#1538=EDGE_LOOP('',(#5895,#5896,#5897,#5898));
#1539=EDGE_LOOP('',(#5899,#5900,#5901,#5902));
#1540=EDGE_LOOP('',(#5903,#5904,#5905,#5906));
#1541=EDGE_LOOP('',(#5907,#5908,#5909,#5910));
#1542=EDGE_LOOP('',(#5911,#5912,#5913,#5914));
#1543=EDGE_LOOP('',(#5915,#5916,#5917,#5918));
#1544=EDGE_LOOP('',(#5919,#5920,#5921,#5922));
#1545=EDGE_LOOP('',(#5923,#5924,#5925,#5926));
#1546=EDGE_LOOP('',(#5927,#5928,#5929,#5930));
#1547=EDGE_LOOP('',(#5931,#5932,#5933,#5934));
#1548=EDGE_LOOP('',(#5935,#5936,#5937,#5938));
#1549=EDGE_LOOP('',(#5939,#5940,#5941,#5942));
#1550=EDGE_LOOP('',(#5943,#5944,#5945,#5946));
#1551=EDGE_LOOP('',(#5947,#5948,#5949,#5950));
#1552=EDGE_LOOP('',(#5951,#5952,#5953,#5954));
#1553=EDGE_LOOP('',(#5955,#5956,#5957,#5958));
#1554=EDGE_LOOP('',(#5959,#5960,#5961,#5962,#5963,#5964,#5965));
#1555=EDGE_LOOP('',(#5966,#5967,#5968,#5969));
#1556=EDGE_LOOP('',(#5970,#5971,#5972,#5973));
#1557=EDGE_LOOP('',(#5974,#5975,#5976,#5977));
#1558=EDGE_LOOP('',(#5978,#5979,#5980));
#1559=EDGE_LOOP('',(#5981,#5982,#5983));
#1560=EDGE_LOOP('',(#5984,#5985,#5986,#5987));
#1561=EDGE_LOOP('',(#5988,#5989,#5990,#5991));
#1562=EDGE_LOOP('',(#5992,#5993,#5994,#5995));
#1563=EDGE_LOOP('',(#5996,#5997,#5998,#5999));
#1564=EDGE_LOOP('',(#6000,#6001,#6002,#6003));
#1565=EDGE_LOOP('',(#6004,#6005,#6006));
#1566=EDGE_LOOP('',(#6007,#6008,#6009,#6010));
#1567=EDGE_LOOP('',(#6011,#6012,#6013,#6014));
#1568=EDGE_LOOP('',(#6015,#6016,#6017,#6018));
#1569=EDGE_LOOP('',(#6019,#6020,#6021,#6022));
#1570=EDGE_LOOP('',(#6023,#6024,#6025));
#1571=EDGE_LOOP('',(#6026,#6027,#6028));
#1572=EDGE_LOOP('',(#6029,#6030,#6031,#6032));
#1573=EDGE_LOOP('',(#6033,#6034,#6035,#6036));
#1574=EDGE_LOOP('',(#6037,#6038,#6039,#6040));
#1575=EDGE_LOOP('',(#6041,#6042,#6043,#6044));
#1576=EDGE_LOOP('',(#6045,#6046,#6047,#6048));
#1577=EDGE_LOOP('',(#6049,#6050,#6051,#6052));
#1578=EDGE_LOOP('',(#6053));
#1579=EDGE_LOOP('',(#6054));
#1580=EDGE_LOOP('',(#6055));
#1581=EDGE_LOOP('',(#6056,#6057));
#1582=EDGE_LOOP('',(#6058));
#1583=EDGE_LOOP('',(#6059));
#1584=EDGE_LOOP('',(#6060,#6061,#6062,#6063));
#1585=EDGE_LOOP('',(#6064,#6065,#6066,#6067));
#1586=EDGE_LOOP('',(#6068,#6069,#6070,#6071));
#1587=EDGE_LOOP('',(#6072,#6073,#6074,#6075));
#1588=EDGE_LOOP('',(#6076,#6077,#6078,#6079));
#1589=EDGE_LOOP('',(#6080,#6081,#6082,#6083));
#1590=EDGE_LOOP('',(#6084,#6085,#6086,#6087));
#1591=EDGE_LOOP('',(#6088,#6089,#6090,#6091,#6092,#6093));
#1592=EDGE_LOOP('',(#6094,#6095,#6096,#6097,#6098,#6099));
#1593=EDGE_LOOP('',(#6100,#6101,#6102,#6103));
#1594=EDGE_LOOP('',(#6104,#6105,#6106,#6107));
#1595=EDGE_LOOP('',(#6108,#6109,#6110,#6111));
#1596=EDGE_LOOP('',(#6112,#6113,#6114,#6115));
#1597=EDGE_LOOP('',(#6116,#6117,#6118,#6119));
#1598=EDGE_LOOP('',(#6120,#6121,#6122,#6123));
#1599=EDGE_LOOP('',(#6124,#6125,#6126,#6127));
#1600=EDGE_LOOP('',(#6128,#6129,#6130,#6131));
#1601=EDGE_LOOP('',(#6132,#6133,#6134,#6135));
#1602=EDGE_LOOP('',(#6136,#6137,#6138,#6139));
#1603=EDGE_LOOP('',(#6140,#6141,#6142,#6143));
#1604=EDGE_LOOP('',(#6144,#6145,#6146,#6147));
#1605=EDGE_LOOP('',(#6148,#6149,#6150,#6151));
#1606=EDGE_LOOP('',(#6152,#6153,#6154,#6155));
#1607=EDGE_LOOP('',(#6156,#6157,#6158,#6159,#6160,#6161,#6162,#6163,#6164,
#6165,#6166,#6167,#6168,#6169));
#1608=EDGE_LOOP('',(#6170,#6171,#6172,#6173,#6174,#6175,#6176,#6177,#6178,
#6179,#6180,#6181,#6182,#6183));
#1609=EDGE_LOOP('',(#6184,#6185,#6186,#6187));
#1610=EDGE_LOOP('',(#6188,#6189,#6190,#6191));
#1611=EDGE_LOOP('',(#6192,#6193,#6194,#6195));
#1612=EDGE_LOOP('',(#6196,#6197,#6198,#6199));
#1613=EDGE_LOOP('',(#6200,#6201,#6202,#6203));
#1614=EDGE_LOOP('',(#6204,#6205,#6206,#6207));
#1615=EDGE_LOOP('',(#6208,#6209,#6210,#6211));
#1616=EDGE_LOOP('',(#6212,#6213,#6214,#6215));
#1617=EDGE_LOOP('',(#6216,#6217,#6218,#6219));
#1618=EDGE_LOOP('',(#6220,#6221,#6222,#6223));
#1619=EDGE_LOOP('',(#6224,#6225,#6226,#6227));
#1620=EDGE_LOOP('',(#6228,#6229,#6230,#6231));
#1621=EDGE_LOOP('',(#6232,#6233,#6234,#6235,#6236,#6237,#6238,#6239,#6240,
#6241,#6242,#6243));
#1622=EDGE_LOOP('',(#6244,#6245,#6246,#6247,#6248,#6249,#6250,#6251,#6252,
#6253,#6254,#6255));
#1623=EDGE_LOOP('',(#6256,#6257,#6258,#6259,#6260,#6261,#6262));
#1624=EDGE_LOOP('',(#6263,#6264,#6265,#6266,#6267,#6268,#6269));
#1625=EDGE_LOOP('',(#6270,#6271,#6272,#6273,#6274,#6275,#6276));
#1626=EDGE_LOOP('',(#6277,#6278,#6279,#6280,#6281,#6282,#6283));
#1627=EDGE_LOOP('',(#6284,#6285,#6286,#6287));
#1628=EDGE_LOOP('',(#6288,#6289,#6290,#6291));
#1629=EDGE_LOOP('',(#6292,#6293,#6294,#6295));
#1630=EDGE_LOOP('',(#6296,#6297,#6298,#6299));
#1631=EDGE_LOOP('',(#6300,#6301,#6302,#6303));
#1632=EDGE_LOOP('',(#6304,#6305,#6306,#6307));
#1633=EDGE_LOOP('',(#6308,#6309,#6310,#6311));
#1634=EDGE_LOOP('',(#6312,#6313,#6314,#6315));
#1635=EDGE_LOOP('',(#6316,#6317,#6318,#6319));
#1636=EDGE_LOOP('',(#6320,#6321,#6322,#6323));
#1637=EDGE_LOOP('',(#6324,#6325,#6326,#6327));
#1638=EDGE_LOOP('',(#6328,#6329,#6330,#6331));
#1639=EDGE_LOOP('',(#6332,#6333,#6334,#6335));
#1640=EDGE_LOOP('',(#6336,#6337,#6338,#6339));
#1641=EDGE_LOOP('',(#6340,#6341,#6342,#6343,#6344,#6345,#6346,#6347));
#1642=EDGE_LOOP('',(#6348,#6349,#6350,#6351,#6352,#6353));
#1643=EDGE_LOOP('',(#6354,#6355,#6356,#6357,#6358,#6359,#6360,#6361));
#1644=EDGE_LOOP('',(#6362,#6363,#6364,#6365,#6366,#6367));
#1645=EDGE_LOOP('',(#6368,#6369,#6370,#6371));
#1646=EDGE_LOOP('',(#6372,#6373,#6374,#6375));
#1647=EDGE_LOOP('',(#6376,#6377,#6378,#6379));
#1648=EDGE_LOOP('',(#6380,#6381,#6382,#6383));
#1649=EDGE_LOOP('',(#6384,#6385,#6386,#6387));
#1650=EDGE_LOOP('',(#6388,#6389,#6390,#6391));
#1651=EDGE_LOOP('',(#6392,#6393,#6394,#6395));
#1652=EDGE_LOOP('',(#6396,#6397,#6398,#6399));
#1653=EDGE_LOOP('',(#6400,#6401,#6402,#6403));
#1654=EDGE_LOOP('',(#6404,#6405,#6406,#6407));
#1655=EDGE_LOOP('',(#6408,#6409,#6410,#6411));
#1656=EDGE_LOOP('',(#6412,#6413,#6414,#6415));
#1657=EDGE_LOOP('',(#6416,#6417,#6418,#6419));
#1658=EDGE_LOOP('',(#6420,#6421,#6422,#6423));
#1659=EDGE_LOOP('',(#6424,#6425,#6426,#6427));
#1660=EDGE_LOOP('',(#6428,#6429,#6430,#6431));
#1661=EDGE_LOOP('',(#6432,#6433,#6434,#6435));
#1662=EDGE_LOOP('',(#6436,#6437,#6438,#6439));
#1663=EDGE_LOOP('',(#6440,#6441,#6442,#6443));
#1664=EDGE_LOOP('',(#6444,#6445,#6446,#6447));
#1665=EDGE_LOOP('',(#6448,#6449,#6450,#6451));
#1666=EDGE_LOOP('',(#6452,#6453,#6454,#6455));
#1667=EDGE_LOOP('',(#6456,#6457,#6458,#6459));
#1668=EDGE_LOOP('',(#6460,#6461,#6462,#6463));
#1669=EDGE_LOOP('',(#6464,#6465,#6466,#6467));
#1670=EDGE_LOOP('',(#6468,#6469,#6470,#6471));
#1671=EDGE_LOOP('',(#6472,#6473,#6474,#6475,#6476,#6477,#6478,#6479,#6480,
#6481,#6482,#6483));
#1672=EDGE_LOOP('',(#6484,#6485,#6486,#6487,#6488,#6489,#6490,#6491,#6492,
#6493,#6494,#6495));
#1673=EDGE_LOOP('',(#6496,#6497,#6498,#6499,#6500,#6501,#6502,#6503,#6504,
#6505,#6506,#6507,#6508,#6509));
#1674=EDGE_LOOP('',(#6510,#6511,#6512,#6513,#6514,#6515,#6516,#6517));
#1675=EDGE_LOOP('',(#6518,#6519,#6520,#6521,#6522,#6523,#6524,#6525,#6526,
#6527,#6528,#6529,#6530,#6531));
#1676=EDGE_LOOP('',(#6532,#6533,#6534,#6535,#6536,#6537,#6538,#6539));
#1677=EDGE_LOOP('',(#6540,#6541,#6542,#6543));
#1678=EDGE_LOOP('',(#6544,#6545,#6546,#6547));
#1679=EDGE_LOOP('',(#6548,#6549,#6550,#6551));
#1680=EDGE_LOOP('',(#6552,#6553,#6554,#6555));
#1681=EDGE_LOOP('',(#6556,#6557,#6558,#6559));
#1682=EDGE_LOOP('',(#6560,#6561,#6562,#6563));
#1683=EDGE_LOOP('',(#6564,#6565,#6566,#6567));
#1684=EDGE_LOOP('',(#6568,#6569,#6570,#6571));
#1685=EDGE_LOOP('',(#6572,#6573,#6574,#6575));
#1686=EDGE_LOOP('',(#6576,#6577,#6578,#6579));
#1687=EDGE_LOOP('',(#6580,#6581,#6582,#6583));
#1688=EDGE_LOOP('',(#6584,#6585,#6586,#6587));
#1689=EDGE_LOOP('',(#6588,#6589,#6590,#6591));
#1690=EDGE_LOOP('',(#6592,#6593,#6594,#6595));
#1691=EDGE_LOOP('',(#6596,#6597,#6598,#6599));
#1692=EDGE_LOOP('',(#6600,#6601,#6602,#6603));
#1693=EDGE_LOOP('',(#6604,#6605,#6606,#6607));
#1694=EDGE_LOOP('',(#6608,#6609,#6610,#6611));
#1695=EDGE_LOOP('',(#6612,#6613,#6614,#6615));
#1696=EDGE_LOOP('',(#6616,#6617,#6618,#6619));
#1697=EDGE_LOOP('',(#6620,#6621,#6622,#6623));
#1698=EDGE_LOOP('',(#6624,#6625,#6626,#6627));
#1699=EDGE_LOOP('',(#6628,#6629,#6630,#6631));
#1700=EDGE_LOOP('',(#6632,#6633,#6634,#6635));
#1701=EDGE_LOOP('',(#6636,#6637,#6638,#6639));
#1702=EDGE_LOOP('',(#6640,#6641,#6642,#6643));
#1703=EDGE_LOOP('',(#6644,#6645,#6646,#6647));
#1704=EDGE_LOOP('',(#6648,#6649,#6650,#6651));
#1705=EDGE_LOOP('',(#6652,#6653,#6654,#6655));
#1706=EDGE_LOOP('',(#6656,#6657,#6658,#6659));
#1707=EDGE_LOOP('',(#6660,#6661,#6662,#6663));
#1708=EDGE_LOOP('',(#6664,#6665,#6666,#6667));
#1709=EDGE_LOOP('',(#6668,#6669,#6670,#6671));
#1710=EDGE_LOOP('',(#6672,#6673,#6674,#6675));
#1711=EDGE_LOOP('',(#6676,#6677,#6678,#6679));
#1712=EDGE_LOOP('',(#6680,#6681,#6682,#6683));
#1713=EDGE_LOOP('',(#6684,#6685,#6686,#6687));
#1714=EDGE_LOOP('',(#6688,#6689,#6690,#6691));
#1715=EDGE_LOOP('',(#6692,#6693,#6694,#6695));
#1716=EDGE_LOOP('',(#6696,#6697,#6698,#6699));
#1717=EDGE_LOOP('',(#6700,#6701,#6702,#6703));
#1718=EDGE_LOOP('',(#6704,#6705,#6706,#6707));
#1719=EDGE_LOOP('',(#6708,#6709,#6710,#6711));
#1720=EDGE_LOOP('',(#6712,#6713,#6714,#6715,#6716,#6717,#6718,#6719,#6720,
#6721,#6722,#6723,#6724,#6725,#6726,#6727,#6728,#6729,#6730,#6731,#6732));
#1721=EDGE_LOOP('',(#6733,#6734,#6735,#6736,#6737,#6738,#6739,#6740,#6741,
#6742,#6743,#6744,#6745,#6746,#6747,#6748,#6749,#6750,#6751,#6752,#6753));
#1722=EDGE_LOOP('',(#6754,#6755,#6756,#6757));
#1723=EDGE_LOOP('',(#6758,#6759,#6760,#6761));
#1724=EDGE_LOOP('',(#6762,#6763,#6764,#6765));
#1725=EDGE_LOOP('',(#6766,#6767,#6768,#6769));
#1726=EDGE_LOOP('',(#6770,#6771,#6772,#6773));
#1727=EDGE_LOOP('',(#6774,#6775,#6776,#6777));
#1728=EDGE_LOOP('',(#6778,#6779,#6780,#6781));
#1729=EDGE_LOOP('',(#6782,#6783,#6784,#6785));
#1730=EDGE_LOOP('',(#6786,#6787,#6788,#6789));
#1731=EDGE_LOOP('',(#6790,#6791,#6792,#6793));
#1732=EDGE_LOOP('',(#6794,#6795,#6796,#6797));
#1733=EDGE_LOOP('',(#6798,#6799,#6800,#6801));
#1734=EDGE_LOOP('',(#6802,#6803,#6804,#6805));
#1735=EDGE_LOOP('',(#6806,#6807,#6808,#6809));
#1736=EDGE_LOOP('',(#6810,#6811,#6812,#6813));
#1737=EDGE_LOOP('',(#6814,#6815,#6816,#6817,#6818,#6819,#6820,#6821,#6822,
#6823,#6824,#6825,#6826,#6827,#6828));
#1738=EDGE_LOOP('',(#6829,#6830,#6831,#6832,#6833,#6834,#6835,#6836,#6837,
#6838,#6839,#6840,#6841,#6842,#6843));
#1739=EDGE_LOOP('',(#6844,#6845,#6846,#6847));
#1740=EDGE_LOOP('',(#6848,#6849,#6850,#6851));
#1741=EDGE_LOOP('',(#6852,#6853,#6854,#6855));
#1742=EDGE_LOOP('',(#6856,#6857,#6858,#6859));
#1743=EDGE_LOOP('',(#6860,#6861,#6862,#6863));
#1744=EDGE_LOOP('',(#6864,#6865,#6866,#6867));
#1745=EDGE_LOOP('',(#6868,#6869,#6870,#6871));
#1746=EDGE_LOOP('',(#6872,#6873,#6874,#6875));
#1747=EDGE_LOOP('',(#6876,#6877,#6878,#6879));
#1748=EDGE_LOOP('',(#6880,#6881,#6882,#6883));
#1749=EDGE_LOOP('',(#6884,#6885,#6886,#6887));
#1750=EDGE_LOOP('',(#6888,#6889,#6890,#6891));
#1751=EDGE_LOOP('',(#6892,#6893,#6894,#6895,#6896,#6897,#6898,#6899,#6900,
#6901,#6902,#6903));
#1752=EDGE_LOOP('',(#6904,#6905,#6906,#6907,#6908,#6909,#6910,#6911,#6912,
#6913,#6914,#6915));
#1753=EDGE_LOOP('',(#6916,#6917,#6918,#6919,#6920,#6921,#6922));
#1754=EDGE_LOOP('',(#6923,#6924,#6925,#6926,#6927,#6928,#6929));
#1755=EDGE_LOOP('',(#6930,#6931,#6932,#6933,#6934,#6935,#6936));
#1756=EDGE_LOOP('',(#6937,#6938,#6939,#6940,#6941,#6942,#6943));
#1757=EDGE_LOOP('',(#6944,#6945,#6946,#6947));
#1758=EDGE_LOOP('',(#6948,#6949,#6950,#6951));
#1759=EDGE_LOOP('',(#6952,#6953,#6954,#6955));
#1760=EDGE_LOOP('',(#6956,#6957,#6958,#6959));
#1761=EDGE_LOOP('',(#6960,#6961,#6962,#6963));
#1762=EDGE_LOOP('',(#6964,#6965,#6966,#6967));
#1763=EDGE_LOOP('',(#6968,#6969,#6970,#6971));
#1764=EDGE_LOOP('',(#6972,#6973,#6974,#6975));
#1765=EDGE_LOOP('',(#6976,#6977,#6978,#6979));
#1766=EDGE_LOOP('',(#6980,#6981,#6982,#6983));
#1767=EDGE_LOOP('',(#6984,#6985,#6986,#6987));
#1768=EDGE_LOOP('',(#6988,#6989,#6990,#6991));
#1769=EDGE_LOOP('',(#6992,#6993,#6994,#6995));
#1770=EDGE_LOOP('',(#6996,#6997,#6998,#6999));
#1771=EDGE_LOOP('',(#7000,#7001,#7002,#7003,#7004,#7005,#7006,#7007));
#1772=EDGE_LOOP('',(#7008,#7009,#7010,#7011,#7012,#7013));
#1773=EDGE_LOOP('',(#7014,#7015,#7016,#7017,#7018,#7019,#7020,#7021));
#1774=EDGE_LOOP('',(#7022,#7023,#7024,#7025,#7026,#7027));
#1775=EDGE_LOOP('',(#7028,#7029,#7030,#7031));
#1776=EDGE_LOOP('',(#7032,#7033,#7034,#7035));
#1777=EDGE_LOOP('',(#7036,#7037,#7038,#7039));
#1778=EDGE_LOOP('',(#7040,#7041,#7042,#7043));
#1779=EDGE_LOOP('',(#7044,#7045,#7046,#7047));
#1780=EDGE_LOOP('',(#7048,#7049,#7050,#7051));
#1781=EDGE_LOOP('',(#7052,#7053,#7054,#7055));
#1782=EDGE_LOOP('',(#7056,#7057,#7058,#7059));
#1783=EDGE_LOOP('',(#7060,#7061,#7062,#7063));
#1784=EDGE_LOOP('',(#7064,#7065,#7066,#7067));
#1785=EDGE_LOOP('',(#7068,#7069,#7070,#7071));
#1786=EDGE_LOOP('',(#7072,#7073,#7074,#7075));
#1787=EDGE_LOOP('',(#7076,#7077,#7078,#7079));
#1788=EDGE_LOOP('',(#7080,#7081,#7082,#7083));
#1789=EDGE_LOOP('',(#7084,#7085,#7086,#7087,#7088,#7089,#7090,#7091,#7092,
#7093,#7094,#7095,#7096,#7097,#7098,#7099,#7100,#7101,#7102,#7103,#7104,
#7105,#7106,#7107,#7108,#7109,#7110,#7111,#7112,#7113,#7114,#7115,#7116));
#1790=EDGE_LOOP('',(#7117,#7118));
#1791=EDGE_LOOP('',(#7119,#7120,#7121,#7122,#7123,#7124,#7125,#7126,#7127,
#7128,#7129,#7130,#7131,#7132,#7133,#7134,#7135,#7136,#7137,#7138,#7139,
#7140,#7141,#7142,#7143,#7144,#7145,#7146,#7147,#7148,#7149,#7150,#7151));
#1792=EDGE_LOOP('',(#7152,#7153));
#1793=EDGE_LOOP('',(#7154,#7155,#7156,#7157));
#1794=EDGE_LOOP('',(#7158,#7159,#7160,#7161));
#1795=EDGE_LOOP('',(#7162,#7163,#7164,#7165));
#1796=EDGE_LOOP('',(#7166,#7167,#7168,#7169));
#1797=EDGE_LOOP('',(#7170,#7171,#7172,#7173));
#1798=EDGE_LOOP('',(#7174,#7175,#7176,#7177));
#1799=EDGE_LOOP('',(#7178,#7179,#7180,#7181));
#1800=EDGE_LOOP('',(#7182,#7183,#7184,#7185));
#1801=EDGE_LOOP('',(#7186,#7187,#7188,#7189));
#1802=EDGE_LOOP('',(#7190,#7191,#7192,#7193));
#1803=EDGE_LOOP('',(#7194,#7195,#7196,#7197));
#1804=EDGE_LOOP('',(#7198,#7199,#7200,#7201));
#1805=EDGE_LOOP('',(#7202,#7203,#7204,#7205));
#1806=EDGE_LOOP('',(#7206,#7207,#7208,#7209));
#1807=EDGE_LOOP('',(#7210,#7211,#7212,#7213));
#1808=EDGE_LOOP('',(#7214,#7215,#7216,#7217));
#1809=EDGE_LOOP('',(#7218,#7219,#7220,#7221));
#1810=EDGE_LOOP('',(#7222,#7223,#7224,#7225));
#1811=EDGE_LOOP('',(#7226,#7227,#7228,#7229));
#1812=EDGE_LOOP('',(#7230,#7231,#7232,#7233));
#1813=EDGE_LOOP('',(#7234,#7235,#7236,#7237));
#1814=EDGE_LOOP('',(#7238,#7239,#7240,#7241));
#1815=EDGE_LOOP('',(#7242,#7243,#7244,#7245));
#1816=EDGE_LOOP('',(#7246,#7247,#7248,#7249));
#1817=EDGE_LOOP('',(#7250,#7251,#7252,#7253));
#1818=EDGE_LOOP('',(#7254,#7255,#7256,#7257));
#1819=EDGE_LOOP('',(#7258,#7259,#7260,#7261));
#1820=EDGE_LOOP('',(#7262,#7263,#7264,#7265));
#1821=EDGE_LOOP('',(#7266,#7267,#7268,#7269));
#1822=EDGE_LOOP('',(#7270,#7271,#7272,#7273));
#1823=EDGE_LOOP('',(#7274,#7275,#7276,#7277));
#1824=EDGE_LOOP('',(#7278,#7279,#7280,#7281));
#1825=EDGE_LOOP('',(#7282,#7283,#7284,#7285));
#1826=EDGE_LOOP('',(#7286,#7287,#7288,#7289));
#1827=EDGE_LOOP('',(#7290,#7291,#7292,#7293));
#1828=EDGE_LOOP('',(#7294,#7295,#7296,#7297));
#1829=EDGE_LOOP('',(#7298,#7299,#7300,#7301,#7302,#7303,#7304,#7305));
#1830=EDGE_LOOP('',(#7306,#7307,#7308,#7309));
#1831=EDGE_LOOP('',(#7310,#7311,#7312,#7313));
#1832=EDGE_LOOP('',(#7314,#7315,#7316,#7317,#7318,#7319,#7320));
#1833=EDGE_LOOP('',(#7321,#7322,#7323,#7324,#7325,#7326));
#1834=EDGE_LOOP('',(#7327,#7328,#7329,#7330,#7331,#7332));
#1835=EDGE_LOOP('',(#7333));
#1836=EDGE_LOOP('',(#7334));
#1837=EDGE_LOOP('',(#7335));
#1838=EDGE_LOOP('',(#7336));
#1839=EDGE_LOOP('',(#7337));
#1840=EDGE_LOOP('',(#7338,#7339,#7340,#7341));
#1841=EDGE_LOOP('',(#7342,#7343,#7344,#7345));
#1842=EDGE_LOOP('',(#7346,#7347,#7348,#7349));
#1843=EDGE_LOOP('',(#7350,#7351,#7352,#7353));
#1844=EDGE_LOOP('',(#7354,#7355,#7356,#7357));
#1845=EDGE_LOOP('',(#7358,#7359,#7360,#7361));
#1846=EDGE_LOOP('',(#7362,#7363,#7364,#7365,#7366,#7367,#7368,#7369));
#1847=EDGE_LOOP('',(#7370));
#1848=EDGE_LOOP('',(#7371));
#1849=EDGE_LOOP('',(#7372));
#1850=EDGE_LOOP('',(#7373));
#1851=EDGE_LOOP('',(#7374));
#1852=EDGE_LOOP('',(#7375));
#1853=EDGE_LOOP('',(#7376));
#1854=EDGE_LOOP('',(#7377));
#1855=EDGE_LOOP('',(#7378));
#1856=EDGE_LOOP('',(#7379));
#1857=EDGE_LOOP('',(#7380,#7381,#7382,#7383));
#1858=EDGE_LOOP('',(#7384,#7385,#7386,#7387,#7388,#7389,#7390,#7391,#7392,
#7393));
#1859=EDGE_LOOP('',(#7394,#7395,#7396,#7397));
#1860=EDGE_LOOP('',(#7398,#7399,#7400,#7401));
#1861=EDGE_LOOP('',(#7402));
#1862=EDGE_LOOP('',(#7403));
#1863=EDGE_LOOP('',(#7404));
#1864=EDGE_LOOP('',(#7405));
#1865=EDGE_LOOP('',(#7406));
#1866=EDGE_LOOP('',(#7407,#7408,#7409,#7410));
#1867=EDGE_LOOP('',(#7411,#7412,#7413,#7414));
#1868=EDGE_LOOP('',(#7415,#7416,#7417,#7418));
#1869=EDGE_LOOP('',(#7419,#7420,#7421,#7422));
#1870=EDGE_LOOP('',(#7423,#7424,#7425,#7426,#7427,#7428,#7429,#7430,#7431,
#7432));
#1871=EDGE_LOOP('',(#7433));
#1872=EDGE_LOOP('',(#7434));
#1873=EDGE_LOOP('',(#7435));
#1874=EDGE_LOOP('',(#7436));
#1875=EDGE_LOOP('',(#7437));
#1876=EDGE_LOOP('',(#7438));
#1877=EDGE_LOOP('',(#7439));
#1878=EDGE_LOOP('',(#7440));
#1879=EDGE_LOOP('',(#7441));
#1880=EDGE_LOOP('',(#7442));
#1881=EDGE_LOOP('',(#7443,#7444,#7445,#7446,#7447,#7448,#7449));
#1882=EDGE_LOOP('',(#7450,#7451,#7452,#7453));
#1883=EDGE_LOOP('',(#7454,#7455,#7456,#7457));
#1884=EDGE_LOOP('',(#7458,#7459,#7460,#7461));
#1885=EDGE_LOOP('',(#7462,#7463,#7464,#7465));
#1886=EDGE_LOOP('',(#7466,#7467,#7468,#7469,#7470));
#1887=EDGE_LOOP('',(#7471,#7472,#7473,#7474));
#1888=EDGE_LOOP('',(#7475,#7476,#7477,#7478));
#1889=EDGE_LOOP('',(#7479,#7480,#7481,#7482,#7483,#7484,#7485));
#1890=EDGE_LOOP('',(#7486,#7487,#7488,#7489));
#1891=EDGE_LOOP('',(#7490,#7491,#7492,#7493));
#1892=EDGE_LOOP('',(#7494,#7495,#7496,#7497));
#1893=EDGE_LOOP('',(#7498,#7499,#7500,#7501));
#1894=EDGE_LOOP('',(#7502,#7503,#7504,#7505));
#1895=EDGE_LOOP('',(#7506,#7507,#7508,#7509));
#1896=EDGE_LOOP('',(#7510,#7511,#7512,#7513));
#1897=EDGE_LOOP('',(#7514,#7515,#7516,#7517));
#1898=EDGE_LOOP('',(#7518,#7519,#7520,#7521));
#1899=LINE('',#10548,#2654);
#1900=LINE('',#10550,#2655);
#1901=LINE('',#10552,#2656);
#1902=LINE('',#10553,#2657);
#1903=LINE('',#10558,#2658);
#1904=LINE('',#10564,#2659);
#1905=LINE('',#10568,#2660);
#1906=LINE('',#10571,#2661);
#1907=LINE('',#10618,#2662);
#1908=LINE('',#10619,#2663);
#1909=LINE('',#10623,#2664);
#1910=LINE('',#10626,#2665);
#1911=LINE('',#10627,#2666);
#1912=LINE('',#10631,#2667);
#1913=LINE('',#10634,#2668);
#1914=LINE('',#10635,#2669);
#1915=LINE('',#10641,#2670);
#1916=LINE('',#10645,#2671);
#1917=LINE('',#10649,#2672);
#1918=LINE('',#10653,#2673);
#1919=LINE('',#10657,#2674);
#1920=LINE('',#10661,#2675);
#1921=LINE('',#10665,#2676);
#1922=LINE('',#10669,#2677);
#1923=LINE('',#10673,#2678);
#1924=LINE('',#10677,#2679);
#1925=LINE('',#10681,#2680);
#1926=LINE('',#10685,#2681);
#1927=LINE('',#10689,#2682);
#1928=LINE('',#10693,#2683);
#1929=LINE('',#10697,#2684);
#1930=LINE('',#10701,#2685);
#1931=LINE('',#10705,#2686);
#1932=LINE('',#10709,#2687);
#1933=LINE('',#10713,#2688);
#1934=LINE('',#10717,#2689);
#1935=LINE('',#10721,#2690);
#1936=LINE('',#10725,#2691);
#1937=LINE('',#10804,#2692);
#1938=LINE('',#10810,#2693);
#1939=LINE('',#10816,#2694);
#1940=LINE('',#10821,#2695);
#1941=LINE('',#10825,#2696);
#1942=LINE('',#10830,#2697);
#1943=LINE('',#10834,#2698);
#1944=LINE('',#10836,#2699);
#1945=LINE('',#10838,#2700);
#1946=LINE('',#10842,#2701);
#1947=LINE('',#10844,#2702);
#1948=LINE('',#10846,#2703);
#1949=LINE('',#10848,#2704);
#1950=LINE('',#10850,#2705);
#1951=LINE('',#10852,#2706);
#1952=LINE('',#10854,#2707);
#1953=LINE('',#10856,#2708);
#1954=LINE('',#10858,#2709);
#1955=LINE('',#10860,#2710);
#1956=LINE('',#10862,#2711);
#1957=LINE('',#10864,#2712);
#1958=LINE('',#10866,#2713);
#1959=LINE('',#10868,#2714);
#1960=LINE('',#10870,#2715);
#1961=LINE('',#10872,#2716);
#1962=LINE('',#10874,#2717);
#1963=LINE('',#10876,#2718);
#1964=LINE('',#10878,#2719);
#1965=LINE('',#10880,#2720);
#1966=LINE('',#10882,#2721);
#1967=LINE('',#10884,#2722);
#1968=LINE('',#10886,#2723);
#1969=LINE('',#10888,#2724);
#1970=LINE('',#10890,#2725);
#1971=LINE('',#10892,#2726);
#1972=LINE('',#10894,#2727);
#1973=LINE('',#10896,#2728);
#1974=LINE('',#10898,#2729);
#1975=LINE('',#10900,#2730);
#1976=LINE('',#10902,#2731);
#1977=LINE('',#10904,#2732);
#1978=LINE('',#10906,#2733);
#1979=LINE('',#10907,#2734);
#1980=LINE('',#10910,#2735);
#1981=LINE('',#10914,#2736);
#1982=LINE('',#10918,#2737);
#1983=LINE('',#10922,#2738);
#1984=LINE('',#10926,#2739);
#1985=LINE('',#10930,#2740);
#1986=LINE('',#10934,#2741);
#1987=LINE('',#10936,#2742);
#1988=LINE('',#10938,#2743);
#1989=LINE('',#10939,#2744);
#1990=LINE('',#10943,#2745);
#1991=LINE('',#10945,#2746);
#1992=LINE('',#10947,#2747);
#1993=LINE('',#10957,#2748);
#1994=LINE('',#10968,#2749);
#1995=LINE('',#10970,#2750);
#1996=LINE('',#10972,#2751);
#1997=LINE('',#10976,#2752);
#1998=LINE('',#10978,#2753);
#1999=LINE('',#10980,#2754);
#2000=LINE('',#10984,#2755);
#2001=LINE('',#10986,#2756);
#2002=LINE('',#10988,#2757);
#2003=LINE('',#10990,#2758);
#2004=LINE('',#10992,#2759);
#2005=LINE('',#10994,#2760);
#2006=LINE('',#10996,#2761);
#2007=LINE('',#10998,#2762);
#2008=LINE('',#11000,#2763);
#2009=LINE('',#11002,#2764);
#2010=LINE('',#11004,#2765);
#2011=LINE('',#11006,#2766);
#2012=LINE('',#11008,#2767);
#2013=LINE('',#11010,#2768);
#2014=LINE('',#11012,#2769);
#2015=LINE('',#11014,#2770);
#2016=LINE('',#11016,#2771);
#2017=LINE('',#11018,#2772);
#2018=LINE('',#11020,#2773);
#2019=LINE('',#11022,#2774);
#2020=LINE('',#11024,#2775);
#2021=LINE('',#11026,#2776);
#2022=LINE('',#11028,#2777);
#2023=LINE('',#11030,#2778);
#2024=LINE('',#11032,#2779);
#2025=LINE('',#11034,#2780);
#2026=LINE('',#11036,#2781);
#2027=LINE('',#11038,#2782);
#2028=LINE('',#11040,#2783);
#2029=LINE('',#11042,#2784);
#2030=LINE('',#11044,#2785);
#2031=LINE('',#11045,#2786);
#2032=LINE('',#11048,#2787);
#2033=LINE('',#11050,#2788);
#2034=LINE('',#11052,#2789);
#2035=LINE('',#11054,#2790);
#2036=LINE('',#11056,#2791);
#2037=LINE('',#11057,#2792);
#2038=LINE('',#11072,#2793);
#2039=LINE('',#11138,#2794);
#2040=LINE('',#11192,#2795);
#2041=LINE('',#11194,#2796);
#2042=LINE('',#11196,#2797);
#2043=LINE('',#11198,#2798);
#2044=LINE('',#11200,#2799);
#2045=LINE('',#11202,#2800);
#2046=LINE('',#11204,#2801);
#2047=LINE('',#11206,#2802);
#2048=LINE('',#11208,#2803);
#2049=LINE('',#11210,#2804);
#2050=LINE('',#11212,#2805);
#2051=LINE('',#11213,#2806);
#2052=LINE('',#11236,#2807);
#2053=LINE('',#11238,#2808);
#2054=LINE('',#11240,#2809);
#2055=LINE('',#11262,#2810);
#2056=LINE('',#11264,#2811);
#2057=LINE('',#11266,#2812);
#2058=LINE('',#11268,#2813);
#2059=LINE('',#11270,#2814);
#2060=LINE('',#11272,#2815);
#2061=LINE('',#11274,#2816);
#2062=LINE('',#11275,#2817);
#2063=LINE('',#11299,#2818);
#2064=LINE('',#11301,#2819);
#2065=LINE('',#11303,#2820);
#2066=LINE('',#11328,#2821);
#2067=LINE('',#11329,#2822);
#2068=LINE('',#11330,#2823);
#2069=LINE('',#11333,#2824);
#2070=LINE('',#11335,#2825);
#2071=LINE('',#11336,#2826);
#2072=LINE('',#11338,#2827);
#2073=LINE('',#11340,#2828);
#2074=LINE('',#11341,#2829);
#2075=LINE('',#11344,#2830);
#2076=LINE('',#11346,#2831);
#2077=LINE('',#11347,#2832);
#2078=LINE('',#11349,#2833);
#2079=LINE('',#11351,#2834);
#2080=LINE('',#11352,#2835);
#2081=LINE('',#11355,#2836);
#2082=LINE('',#11357,#2837);
#2083=LINE('',#11358,#2838);
#2084=LINE('',#11360,#2839);
#2085=LINE('',#11362,#2840);
#2086=LINE('',#11363,#2841);
#2087=LINE('',#11366,#2842);
#2088=LINE('',#11368,#2843);
#2089=LINE('',#11369,#2844);
#2090=LINE('',#11371,#2845);
#2091=LINE('',#11373,#2846);
#2092=LINE('',#11374,#2847);
#2093=LINE('',#11377,#2848);
#2094=LINE('',#11379,#2849);
#2095=LINE('',#11380,#2850);
#2096=LINE('',#11382,#2851);
#2097=LINE('',#11384,#2852);
#2098=LINE('',#11385,#2853);
#2099=LINE('',#11388,#2854);
#2100=LINE('',#11390,#2855);
#2101=LINE('',#11391,#2856);
#2102=LINE('',#11393,#2857);
#2103=LINE('',#11395,#2858);
#2104=LINE('',#11396,#2859);
#2105=LINE('',#11399,#2860);
#2106=LINE('',#11401,#2861);
#2107=LINE('',#11402,#2862);
#2108=LINE('',#11404,#2863);
#2109=LINE('',#11406,#2864);
#2110=LINE('',#11407,#2865);
#2111=LINE('',#11410,#2866);
#2112=LINE('',#11412,#2867);
#2113=LINE('',#11413,#2868);
#2114=LINE('',#11414,#2869);
#2115=LINE('',#11417,#2870);
#2116=LINE('',#11419,#2871);
#2117=LINE('',#11420,#2872);
#2118=LINE('',#11421,#2873);
#2119=LINE('',#11439,#2874);
#2120=LINE('',#11443,#2875);
#2121=LINE('',#11448,#2876);
#2122=LINE('',#11450,#2877);
#2123=LINE('',#11454,#2878);
#2124=LINE('',#11468,#2879);
#2125=LINE('',#11470,#2880);
#2126=LINE('',#11472,#2881);
#2127=LINE('',#11473,#2882);
#2128=LINE('',#11490,#2883);
#2129=LINE('',#11491,#2884);
#2130=LINE('',#11492,#2885);
#2131=LINE('',#11496,#2886);
#2132=LINE('',#11497,#2887);
#2133=LINE('',#11498,#2888);
#2134=LINE('',#11501,#2889);
#2135=LINE('',#11503,#2890);
#2136=LINE('',#11504,#2891);
#2137=LINE('',#11507,#2892);
#2138=LINE('',#11509,#2893);
#2139=LINE('',#11510,#2894);
#2140=LINE('',#11513,#2895);
#2141=LINE('',#11515,#2896);
#2142=LINE('',#11516,#2897);
#2143=LINE('',#11519,#2898);
#2144=LINE('',#11521,#2899);
#2145=LINE('',#11522,#2900);
#2146=LINE('',#11528,#2901);
#2147=LINE('',#11530,#2902);
#2148=LINE('',#11532,#2903);
#2149=LINE('',#11534,#2904);
#2150=LINE('',#11536,#2905);
#2151=LINE('',#11537,#2906);
#2152=LINE('',#11576,#2907);
#2153=LINE('',#11578,#2908);
#2154=LINE('',#11579,#2909);
#2155=LINE('',#11582,#2910);
#2156=LINE('',#11583,#2911);
#2157=LINE('',#11586,#2912);
#2158=LINE('',#11587,#2913);
#2159=LINE('',#11589,#2914);
#2160=LINE('',#11661,#2915);
#2161=LINE('',#11663,#2916);
#2162=LINE('',#11665,#2917);
#2163=LINE('',#11666,#2918);
#2164=LINE('',#11669,#2919);
#2165=LINE('',#11671,#2920);
#2166=LINE('',#11672,#2921);
#2167=LINE('',#11675,#2922);
#2168=LINE('',#11677,#2923);
#2169=LINE('',#11678,#2924);
#2170=LINE('',#11681,#2925);
#2171=LINE('',#11683,#2926);
#2172=LINE('',#11684,#2927);
#2173=LINE('',#11687,#2928);
#2174=LINE('',#11689,#2929);
#2175=LINE('',#11690,#2930);
#2176=LINE('',#11692,#2931);
#2177=LINE('',#11693,#2932);
#2178=LINE('',#11706,#2933);
#2179=LINE('',#11713,#2934);
#2180=LINE('',#11720,#2935);
#2181=LINE('',#11722,#2936);
#2182=LINE('',#11723,#2937);
#2183=LINE('',#11735,#2938);
#2184=LINE('',#11748,#2939);
#2185=LINE('',#11764,#2940);
#2186=LINE('',#11783,#2941);
#2187=LINE('',#11802,#2942);
#2188=LINE('',#11821,#2943);
#2189=LINE('',#11828,#2944);
#2190=LINE('',#11830,#2945);
#2191=LINE('',#11831,#2946);
#2192=LINE('',#11843,#2947);
#2193=LINE('',#11859,#2948);
#2194=LINE('',#11878,#2949);
#2195=LINE('',#11894,#2950);
#2196=LINE('',#11917,#2951);
#2197=LINE('',#11919,#2952);
#2198=LINE('',#11921,#2953);
#2199=LINE('',#11922,#2954);
#2200=LINE('',#11925,#2955);
#2201=LINE('',#11927,#2956);
#2202=LINE('',#11928,#2957);
#2203=LINE('',#11931,#2958);
#2204=LINE('',#11933,#2959);
#2205=LINE('',#11934,#2960);
#2206=LINE('',#11937,#2961);
#2207=LINE('',#11939,#2962);
#2208=LINE('',#11940,#2963);
#2209=LINE('',#11943,#2964);
#2210=LINE('',#11945,#2965);
#2211=LINE('',#11946,#2966);
#2212=LINE('',#11949,#2967);
#2213=LINE('',#11951,#2968);
#2214=LINE('',#11952,#2969);
#2215=LINE('',#11955,#2970);
#2216=LINE('',#11957,#2971);
#2217=LINE('',#11958,#2972);
#2218=LINE('',#11961,#2973);
#2219=LINE('',#11963,#2974);
#2220=LINE('',#11964,#2975);
#2221=LINE('',#11967,#2976);
#2222=LINE('',#11969,#2977);
#2223=LINE('',#11970,#2978);
#2224=LINE('',#11973,#2979);
#2225=LINE('',#11975,#2980);
#2226=LINE('',#11976,#2981);
#2227=LINE('',#11979,#2982);
#2228=LINE('',#11981,#2983);
#2229=LINE('',#11982,#2984);
#2230=LINE('',#11984,#2985);
#2231=LINE('',#11985,#2986);
#2232=LINE('',#11991,#2987);
#2233=LINE('',#12007,#2988);
#2234=LINE('',#12008,#2989);
#2235=LINE('',#12011,#2990);
#2236=LINE('',#12013,#2991);
#2237=LINE('',#12022,#2992);
#2238=LINE('',#12026,#2993);
#2239=LINE('',#12028,#2994);
#2240=LINE('',#12030,#2995);
#2241=LINE('',#12046,#2996);
#2242=LINE('',#12048,#2997);
#2243=LINE('',#12050,#2998);
#2244=LINE('',#12059,#2999);
#2245=LINE('',#12060,#3000);
#2246=LINE('',#12069,#3001);
#2247=LINE('',#12078,#3002);
#2248=LINE('',#12087,#3003);
#2249=LINE('',#12096,#3004);
#2250=LINE('',#12098,#3005);
#2251=LINE('',#12101,#3006);
#2252=LINE('',#12102,#3007);
#2253=LINE('',#12104,#3008);
#2254=LINE('',#12106,#3009);
#2255=LINE('',#12115,#3010);
#2256=LINE('',#12124,#3011);
#2257=LINE('',#12133,#3012);
#2258=LINE('',#12145,#3013);
#2259=LINE('',#12147,#3014);
#2260=LINE('',#12149,#3015);
#2261=LINE('',#12151,#3016);
#2262=LINE('',#12153,#3017);
#2263=LINE('',#12155,#3018);
#2264=LINE('',#12157,#3019);
#2265=LINE('',#12158,#3020);
#2266=LINE('',#12161,#3021);
#2267=LINE('',#12163,#3022);
#2268=LINE('',#12170,#3023);
#2269=LINE('',#12176,#3024);
#2270=LINE('',#12180,#3025);
#2271=LINE('',#12182,#3026);
#2272=LINE('',#12184,#3027);
#2273=LINE('',#12186,#3028);
#2274=LINE('',#12188,#3029);
#2275=LINE('',#12190,#3030);
#2276=LINE('',#12192,#3031);
#2277=LINE('',#12193,#3032);
#2278=LINE('',#12196,#3033);
#2279=LINE('',#12198,#3034);
#2280=LINE('',#12200,#3035);
#2281=LINE('',#12207,#3036);
#2282=LINE('',#12213,#3037);
#2283=LINE('',#12214,#3038);
#2284=LINE('',#12216,#3039);
#2285=LINE('',#12218,#3040);
#2286=LINE('',#12220,#3041);
#2287=LINE('',#12222,#3042);
#2288=LINE('',#12224,#3043);
#2289=LINE('',#12226,#3044);
#2290=LINE('',#12229,#3045);
#2291=LINE('',#12230,#3046);
#2292=LINE('',#12232,#3047);
#2293=LINE('',#12241,#3048);
#2294=LINE('',#12243,#3049);
#2295=LINE('',#12252,#3050);
#2296=LINE('',#12257,#3051);
#2297=LINE('',#12259,#3052);
#2298=LINE('',#12261,#3053);
#2299=LINE('',#12262,#3054);
#2300=LINE('',#12265,#3055);
#2301=LINE('',#12267,#3056);
#2302=LINE('',#12268,#3057);
#2303=LINE('',#12271,#3058);
#2304=LINE('',#12273,#3059);
#2305=LINE('',#12274,#3060);
#2306=LINE('',#12277,#3061);
#2307=LINE('',#12279,#3062);
#2308=LINE('',#12280,#3063);
#2309=LINE('',#12283,#3064);
#2310=LINE('',#12285,#3065);
#2311=LINE('',#12286,#3066);
#2312=LINE('',#12289,#3067);
#2313=LINE('',#12291,#3068);
#2314=LINE('',#12292,#3069);
#2315=LINE('',#12295,#3070);
#2316=LINE('',#12297,#3071);
#2317=LINE('',#12298,#3072);
#2318=LINE('',#12301,#3073);
#2319=LINE('',#12303,#3074);
#2320=LINE('',#12304,#3075);
#2321=LINE('',#12307,#3076);
#2322=LINE('',#12309,#3077);
#2323=LINE('',#12310,#3078);
#2324=LINE('',#12313,#3079);
#2325=LINE('',#12315,#3080);
#2326=LINE('',#12316,#3081);
#2327=LINE('',#12319,#3082);
#2328=LINE('',#12321,#3083);
#2329=LINE('',#12322,#3084);
#2330=LINE('',#12324,#3085);
#2331=LINE('',#12325,#3086);
#2332=LINE('',#12336,#3087);
#2333=LINE('',#12345,#3088);
#2334=LINE('',#12361,#3089);
#2335=LINE('',#12363,#3090);
#2336=LINE('',#12365,#3091);
#2337=LINE('',#12367,#3092);
#2338=LINE('',#12381,#3093);
#2339=LINE('',#12383,#3094);
#2340=LINE('',#12410,#3095);
#2341=LINE('',#12412,#3096);
#2342=LINE('',#12414,#3097);
#2343=LINE('',#12416,#3098);
#2344=LINE('',#12432,#3099);
#2345=LINE('',#12440,#3100);
#2346=LINE('',#12464,#3101);
#2347=LINE('',#12465,#3102);
#2348=LINE('',#12474,#3103);
#2349=LINE('',#12475,#3104);
#2350=LINE('',#12477,#3105);
#2351=LINE('',#12486,#3106);
#2352=LINE('',#12495,#3107);
#2353=LINE('',#12497,#3108);
#2354=LINE('',#12506,#3109);
#2355=LINE('',#12515,#3110);
#2356=LINE('',#12524,#3111);
#2357=LINE('',#12533,#3112);
#2358=LINE('',#12535,#3113);
#2359=LINE('',#12537,#3114);
#2360=LINE('',#12539,#3115);
#2361=LINE('',#12541,#3116);
#2362=LINE('',#12558,#3117);
#2363=LINE('',#12559,#3118);
#2364=LINE('',#12568,#3119);
#2365=LINE('',#12577,#3120);
#2366=LINE('',#12586,#3121);
#2367=LINE('',#12595,#3122);
#2368=LINE('',#12604,#3123);
#2369=LINE('',#12606,#3124);
#2370=LINE('',#12618,#3125);
#2371=LINE('',#12625,#3126);
#2372=LINE('',#12632,#3127);
#2373=LINE('',#12634,#3128);
#2374=LINE('',#12635,#3129);
#2375=LINE('',#12647,#3130);
#2376=LINE('',#12660,#3131);
#2377=LINE('',#12673,#3132);
#2378=LINE('',#12686,#3133);
#2379=LINE('',#12699,#3134);
#2380=LINE('',#12712,#3135);
#2381=LINE('',#12728,#3136);
#2382=LINE('',#12744,#3137);
#2383=LINE('',#12760,#3138);
#2384=LINE('',#12779,#3139);
#2385=LINE('',#12786,#3140);
#2386=LINE('',#12788,#3141);
#2387=LINE('',#12789,#3142);
#2388=LINE('',#12804,#3143);
#2389=LINE('',#12823,#3144);
#2390=LINE('',#12842,#3145);
#2391=LINE('',#12858,#3146);
#2392=LINE('',#12871,#3147);
#2393=LINE('',#12884,#3148);
#2394=LINE('',#12900,#3149);
#2395=LINE('',#12920,#3150);
#2396=LINE('',#12922,#3151);
#2397=LINE('',#12924,#3152);
#2398=LINE('',#12925,#3153);
#2399=LINE('',#12928,#3154);
#2400=LINE('',#12930,#3155);
#2401=LINE('',#12931,#3156);
#2402=LINE('',#12946,#3157);
#2403=LINE('',#12953,#3158);
#2404=LINE('',#12955,#3159);
#2405=LINE('',#12956,#3160);
#2406=LINE('',#12959,#3161);
#2407=LINE('',#12961,#3162);
#2408=LINE('',#12962,#3163);
#2409=LINE('',#12965,#3164);
#2410=LINE('',#12967,#3165);
#2411=LINE('',#12968,#3166);
#2412=LINE('',#12971,#3167);
#2413=LINE('',#12973,#3168);
#2414=LINE('',#12974,#3169);
#2415=LINE('',#12977,#3170);
#2416=LINE('',#12979,#3171);
#2417=LINE('',#12980,#3172);
#2418=LINE('',#12983,#3173);
#2419=LINE('',#12985,#3174);
#2420=LINE('',#12986,#3175);
#2421=LINE('',#13001,#3176);
#2422=LINE('',#13020,#3177);
#2423=LINE('',#13027,#3178);
#2424=LINE('',#13029,#3179);
#2425=LINE('',#13030,#3180);
#2426=LINE('',#13042,#3181);
#2427=LINE('',#13058,#3182);
#2428=LINE('',#13064,#3183);
#2429=LINE('',#13065,#3184);
#2430=LINE('',#13071,#3185);
#2431=LINE('',#13073,#3186);
#2432=LINE('',#13075,#3187);
#2433=LINE('',#13076,#3188);
#2434=LINE('',#13079,#3189);
#2435=LINE('',#13081,#3190);
#2436=LINE('',#13082,#3191);
#2437=LINE('',#13085,#3192);
#2438=LINE('',#13087,#3193);
#2439=LINE('',#13088,#3194);
#2440=LINE('',#13091,#3195);
#2441=LINE('',#13093,#3196);
#2442=LINE('',#13094,#3197);
#2443=LINE('',#13097,#3198);
#2444=LINE('',#13099,#3199);
#2445=LINE('',#13100,#3200);
#2446=LINE('',#13103,#3201);
#2447=LINE('',#13105,#3202);
#2448=LINE('',#13106,#3203);
#2449=LINE('',#13109,#3204);
#2450=LINE('',#13111,#3205);
#2451=LINE('',#13112,#3206);
#2452=LINE('',#13115,#3207);
#2453=LINE('',#13117,#3208);
#2454=LINE('',#13118,#3209);
#2455=LINE('',#13121,#3210);
#2456=LINE('',#13123,#3211);
#2457=LINE('',#13124,#3212);
#2458=LINE('',#13127,#3213);
#2459=LINE('',#13129,#3214);
#2460=LINE('',#13130,#3215);
#2461=LINE('',#13133,#3216);
#2462=LINE('',#13135,#3217);
#2463=LINE('',#13136,#3218);
#2464=LINE('',#13138,#3219);
#2465=LINE('',#13139,#3220);
#2466=LINE('',#13145,#3221);
#2467=LINE('',#13161,#3222);
#2468=LINE('',#13162,#3223);
#2469=LINE('',#13165,#3224);
#2470=LINE('',#13167,#3225);
#2471=LINE('',#13176,#3226);
#2472=LINE('',#13180,#3227);
#2473=LINE('',#13182,#3228);
#2474=LINE('',#13184,#3229);
#2475=LINE('',#13200,#3230);
#2476=LINE('',#13202,#3231);
#2477=LINE('',#13204,#3232);
#2478=LINE('',#13213,#3233);
#2479=LINE('',#13214,#3234);
#2480=LINE('',#13223,#3235);
#2481=LINE('',#13232,#3236);
#2482=LINE('',#13241,#3237);
#2483=LINE('',#13250,#3238);
#2484=LINE('',#13252,#3239);
#2485=LINE('',#13255,#3240);
#2486=LINE('',#13256,#3241);
#2487=LINE('',#13258,#3242);
#2488=LINE('',#13260,#3243);
#2489=LINE('',#13269,#3244);
#2490=LINE('',#13278,#3245);
#2491=LINE('',#13287,#3246);
#2492=LINE('',#13299,#3247);
#2493=LINE('',#13301,#3248);
#2494=LINE('',#13303,#3249);
#2495=LINE('',#13305,#3250);
#2496=LINE('',#13307,#3251);
#2497=LINE('',#13309,#3252);
#2498=LINE('',#13311,#3253);
#2499=LINE('',#13312,#3254);
#2500=LINE('',#13315,#3255);
#2501=LINE('',#13317,#3256);
#2502=LINE('',#13324,#3257);
#2503=LINE('',#13330,#3258);
#2504=LINE('',#13334,#3259);
#2505=LINE('',#13336,#3260);
#2506=LINE('',#13338,#3261);
#2507=LINE('',#13340,#3262);
#2508=LINE('',#13342,#3263);
#2509=LINE('',#13344,#3264);
#2510=LINE('',#13346,#3265);
#2511=LINE('',#13347,#3266);
#2512=LINE('',#13350,#3267);
#2513=LINE('',#13352,#3268);
#2514=LINE('',#13354,#3269);
#2515=LINE('',#13361,#3270);
#2516=LINE('',#13367,#3271);
#2517=LINE('',#13368,#3272);
#2518=LINE('',#13370,#3273);
#2519=LINE('',#13372,#3274);
#2520=LINE('',#13374,#3275);
#2521=LINE('',#13376,#3276);
#2522=LINE('',#13378,#3277);
#2523=LINE('',#13380,#3278);
#2524=LINE('',#13383,#3279);
#2525=LINE('',#13384,#3280);
#2526=LINE('',#13386,#3281);
#2527=LINE('',#13395,#3282);
#2528=LINE('',#13397,#3283);
#2529=LINE('',#13406,#3284);
#2530=LINE('',#13453,#3285);
#2531=LINE('',#13455,#3286);
#2532=LINE('',#13457,#3287);
#2533=LINE('',#13459,#3288);
#2534=LINE('',#13496,#3289);
#2535=LINE('',#13508,#3290);
#2536=LINE('',#13525,#3291);
#2537=LINE('',#13556,#3292);
#2538=LINE('',#13573,#3293);
#2539=LINE('',#13585,#3294);
#2540=LINE('',#13628,#3295);
#2541=LINE('',#13630,#3296);
#2542=LINE('',#13632,#3297);
#2543=LINE('',#13634,#3298);
#2544=LINE('',#13694,#3299);
#2545=LINE('',#13695,#3300);
#2546=LINE('',#13704,#3301);
#2547=LINE('',#13713,#3302);
#2548=LINE('',#13722,#3303);
#2549=LINE('',#13731,#3304);
#2550=LINE('',#13740,#3305);
#2551=LINE('',#13749,#3306);
#2552=LINE('',#13758,#3307);
#2553=LINE('',#13767,#3308);
#2554=LINE('',#13776,#3309);
#2555=LINE('',#13785,#3310);
#2556=LINE('',#13794,#3311);
#2557=LINE('',#13796,#3312);
#2558=LINE('',#13798,#3313);
#2559=LINE('',#13800,#3314);
#2560=LINE('',#13802,#3315);
#2561=LINE('',#13811,#3316);
#2562=LINE('',#13820,#3317);
#2563=LINE('',#13829,#3318);
#2564=LINE('',#13838,#3319);
#2565=LINE('',#13847,#3320);
#2566=LINE('',#13856,#3321);
#2567=LINE('',#13865,#3322);
#2568=LINE('',#13867,#3323);
#2569=LINE('',#13876,#3324);
#2570=LINE('',#13885,#3325);
#2571=LINE('',#13887,#3326);
#2572=LINE('',#13896,#3327);
#2573=LINE('',#13905,#3328);
#2574=LINE('',#13914,#3329);
#2575=LINE('',#13916,#3330);
#2576=LINE('',#13925,#3331);
#2577=LINE('',#13948,#3332);
#2578=LINE('',#13949,#3333);
#2579=LINE('',#13966,#3334);
#2580=LINE('',#13968,#3335);
#2581=LINE('',#13970,#3336);
#2582=LINE('',#13971,#3337);
#2583=LINE('',#13974,#3338);
#2584=LINE('',#13976,#3339);
#2585=LINE('',#13978,#3340);
#2586=LINE('',#13980,#3341);
#2587=LINE('',#13982,#3342);
#2588=LINE('',#13984,#3343);
#2589=LINE('',#13985,#3344);
#2590=LINE('',#13988,#3345);
#2591=LINE('',#13989,#3346);
#2592=LINE('',#13993,#3347);
#2593=LINE('',#13995,#3348);
#2594=LINE('',#13997,#3349);
#2595=LINE('',#13998,#3350);
#2596=LINE('',#14001,#3351);
#2597=LINE('',#14003,#3352);
#2598=LINE('',#14005,#3353);
#2599=LINE('',#14007,#3354);
#2600=LINE('',#14009,#3355);
#2601=LINE('',#14010,#3356);
#2602=LINE('',#14012,#3357);
#2603=LINE('',#14014,#3358);
#2604=LINE('',#14016,#3359);
#2605=LINE('',#14017,#3360);
#2606=LINE('',#14020,#3361);
#2607=LINE('',#14022,#3362);
#2608=LINE('',#14023,#3363);
#2609=LINE('',#14036,#3364);
#2610=LINE('',#14037,#3365);
#2611=LINE('',#14041,#3366);
#2612=LINE('',#14045,#3367);
#2613=LINE('',#14049,#3368);
#2614=LINE('',#14053,#3369);
#2615=LINE('',#14057,#3370);
#2616=LINE('',#14060,#3371);
#2617=LINE('',#14062,#3372);
#2618=LINE('',#14063,#3373);
#2619=LINE('',#14064,#3374);
#2620=LINE('',#14088,#3375);
#2621=LINE('',#14090,#3376);
#2622=LINE('',#14092,#3377);
#2623=LINE('',#14093,#3378);
#2624=LINE('',#14096,#3379);
#2625=LINE('',#14100,#3380);
#2626=LINE('',#14104,#3381);
#2627=LINE('',#14107,#3382);
#2628=LINE('',#14111,#3383);
#2629=LINE('',#14112,#3384);
#2630=LINE('',#14114,#3385);
#2631=LINE('',#14115,#3386);
#2632=LINE('',#14118,#3387);
#2633=LINE('',#14122,#3388);
#2634=LINE('',#14127,#3389);
#2635=LINE('',#14132,#3390);
#2636=LINE('',#14136,#3391);
#2637=LINE('',#14140,#3392);
#2638=LINE('',#14159,#3393);
#2639=LINE('',#14161,#3394);
#2640=LINE('',#14163,#3395);
#2641=LINE('',#14165,#3396);
#2642=LINE('',#14167,#3397);
#2643=LINE('',#14169,#3398);
#2644=LINE('',#14171,#3399);
#2645=LINE('',#14174,#3400);
#2646=LINE('',#14177,#3401);
#2647=LINE('',#14179,#3402);
#2648=LINE('',#14181,#3403);
#2649=LINE('',#14183,#3404);
#2650=LINE('',#14185,#3405);
#2651=LINE('',#14187,#3406);
#2652=LINE('',#14189,#3407);
#2653=LINE('',#14191,#3408);
#2654=VECTOR('',#8719,10.);
#2655=VECTOR('',#8720,10.);
#2656=VECTOR('',#8721,10.);
#2657=VECTOR('',#8722,10.);
#2658=VECTOR('',#8727,1.);
#2659=VECTOR('',#8734,1.);
#2660=VECTOR('',#8737,1.);
#2661=VECTOR('',#8740,1.);
#2662=VECTOR('',#8787,1.);
#2663=VECTOR('',#8788,1.);
#2664=VECTOR('',#8793,1.);
#2665=VECTOR('',#8796,1.);
#2666=VECTOR('',#8797,1.);
#2667=VECTOR('',#8802,1.);
#2668=VECTOR('',#8805,1.);
#2669=VECTOR('',#8806,1.);
#2670=VECTOR('',#8815,1.55);
#2671=VECTOR('',#8820,0.381);
#2672=VECTOR('',#8825,0.381);
#2673=VECTOR('',#8830,0.381);
#2674=VECTOR('',#8835,0.381);
#2675=VECTOR('',#8840,0.508);
#2676=VECTOR('',#8845,0.508);
#2677=VECTOR('',#8850,0.508);
#2678=VECTOR('',#8855,0.508);
#2679=VECTOR('',#8860,0.508);
#2680=VECTOR('',#8865,0.508);
#2681=VECTOR('',#8870,0.3);
#2682=VECTOR('',#8875,0.508);
#2683=VECTOR('',#8880,1.55);
#2684=VECTOR('',#8885,0.3);
#2685=VECTOR('',#8890,0.508);
#2686=VECTOR('',#8895,0.508);
#2687=VECTOR('',#8900,0.508);
#2688=VECTOR('',#8905,0.508);
#2689=VECTOR('',#8910,0.508);
#2690=VECTOR('',#8915,0.508);
#2691=VECTOR('',#8920,0.508);
#2692=VECTOR('',#8941,0.35);
#2693=VECTOR('',#8948,0.9);
#2694=VECTOR('',#8955,0.85);
#2695=VECTOR('',#8960,1.);
#2696=VECTOR('',#8963,1.);
#2697=VECTOR('',#8968,1.);
#2698=VECTOR('',#8971,1.);
#2699=VECTOR('',#8972,1.);
#2700=VECTOR('',#8973,1.);
#2701=VECTOR('',#8976,1.);
#2702=VECTOR('',#8977,1.);
#2703=VECTOR('',#8978,1.);
#2704=VECTOR('',#8979,1.);
#2705=VECTOR('',#8980,1.);
#2706=VECTOR('',#8981,1.);
#2707=VECTOR('',#8982,1.);
#2708=VECTOR('',#8983,1.);
#2709=VECTOR('',#8984,1.);
#2710=VECTOR('',#8985,1.);
#2711=VECTOR('',#8986,1.);
#2712=VECTOR('',#8987,1.);
#2713=VECTOR('',#8988,1.);
#2714=VECTOR('',#8989,1.);
#2715=VECTOR('',#8990,1.);
#2716=VECTOR('',#8991,1.);
#2717=VECTOR('',#8992,1.);
#2718=VECTOR('',#8993,1.);
#2719=VECTOR('',#8994,1.);
#2720=VECTOR('',#8995,1.);
#2721=VECTOR('',#8996,1.);
#2722=VECTOR('',#8997,1.);
#2723=VECTOR('',#8998,1.);
#2724=VECTOR('',#8999,1.);
#2725=VECTOR('',#9000,1.);
#2726=VECTOR('',#9001,1.);
#2727=VECTOR('',#9002,1.);
#2728=VECTOR('',#9003,1.);
#2729=VECTOR('',#9004,1.);
#2730=VECTOR('',#9005,1.);
#2731=VECTOR('',#9006,1.);
#2732=VECTOR('',#9007,1.);
#2733=VECTOR('',#9008,1.);
#2734=VECTOR('',#9009,1.);
#2735=VECTOR('',#9010,1.);
#2736=VECTOR('',#9013,1.);
#2737=VECTOR('',#9016,1.);
#2738=VECTOR('',#9019,1.);
#2739=VECTOR('',#9022,1.);
#2740=VECTOR('',#9025,1.);
#2741=VECTOR('',#9028,1.);
#2742=VECTOR('',#9029,1.);
#2743=VECTOR('',#9030,1.);
#2744=VECTOR('',#9031,1.);
#2745=VECTOR('',#9034,0.999999999999714);
#2746=VECTOR('',#9035,1.);
#2747=VECTOR('',#9036,0.999999999999876);
#2748=VECTOR('',#9037,1.);
#2749=VECTOR('',#9040,1.);
#2750=VECTOR('',#9041,1.);
#2751=VECTOR('',#9042,1.);
#2752=VECTOR('',#9045,1.);
#2753=VECTOR('',#9046,1.);
#2754=VECTOR('',#9047,1.);
#2755=VECTOR('',#9050,1.);
#2756=VECTOR('',#9051,1.);
#2757=VECTOR('',#9052,1.);
#2758=VECTOR('',#9053,1.);
#2759=VECTOR('',#9054,1.);
#2760=VECTOR('',#9055,1.);
#2761=VECTOR('',#9056,1.);
#2762=VECTOR('',#9057,1.);
#2763=VECTOR('',#9058,1.);
#2764=VECTOR('',#9059,1.);
#2765=VECTOR('',#9060,1.);
#2766=VECTOR('',#9061,1.);
#2767=VECTOR('',#9062,1.);
#2768=VECTOR('',#9063,1.);
#2769=VECTOR('',#9064,1.);
#2770=VECTOR('',#9065,1.);
#2771=VECTOR('',#9066,1.);
#2772=VECTOR('',#9067,1.);
#2773=VECTOR('',#9068,1.);
#2774=VECTOR('',#9069,1.);
#2775=VECTOR('',#9070,1.);
#2776=VECTOR('',#9071,1.);
#2777=VECTOR('',#9072,1.);
#2778=VECTOR('',#9073,1.);
#2779=VECTOR('',#9074,1.);
#2780=VECTOR('',#9075,1.);
#2781=VECTOR('',#9076,1.);
#2782=VECTOR('',#9077,1.);
#2783=VECTOR('',#9078,1.);
#2784=VECTOR('',#9079,1.);
#2785=VECTOR('',#9080,1.);
#2786=VECTOR('',#9081,1.);
#2787=VECTOR('',#9082,1.);
#2788=VECTOR('',#9083,1.);
#2789=VECTOR('',#9084,1.);
#2790=VECTOR('',#9085,1.);
#2791=VECTOR('',#9086,1.);
#2792=VECTOR('',#9087,1.);
#2793=VECTOR('',#9088,1.);
#2794=VECTOR('',#9089,1.);
#2795=VECTOR('',#9090,1.);
#2796=VECTOR('',#9091,1.);
#2797=VECTOR('',#9092,1.);
#2798=VECTOR('',#9093,1.);
#2799=VECTOR('',#9094,1.);
#2800=VECTOR('',#9095,1.);
#2801=VECTOR('',#9096,1.);
#2802=VECTOR('',#9097,1.);
#2803=VECTOR('',#9098,1.);
#2804=VECTOR('',#9099,1.);
#2805=VECTOR('',#9100,1.);
#2806=VECTOR('',#9101,1.);
#2807=VECTOR('',#9102,1.);
#2808=VECTOR('',#9103,1.);
#2809=VECTOR('',#9104,1.);
#2810=VECTOR('',#9105,1.);
#2811=VECTOR('',#9106,1.00000000000005);
#2812=VECTOR('',#9107,1.);
#2813=VECTOR('',#9108,1.00000000000047);
#2814=VECTOR('',#9109,1.);
#2815=VECTOR('',#9110,0.999999999999724);
#2816=VECTOR('',#9111,1.);
#2817=VECTOR('',#9112,0.999999999999846);
#2818=VECTOR('',#9115,1.);
#2819=VECTOR('',#9116,1.);
#2820=VECTOR('',#9117,1.);
#2821=VECTOR('',#9128,1.);
#2822=VECTOR('',#9129,1.);
#2823=VECTOR('',#9130,1.);
#2824=VECTOR('',#9133,1.);
#2825=VECTOR('',#9134,1.);
#2826=VECTOR('',#9135,1.);
#2827=VECTOR('',#9136,1.);
#2828=VECTOR('',#9137,1.);
#2829=VECTOR('',#9138,1.);
#2830=VECTOR('',#9141,1.);
#2831=VECTOR('',#9142,1.);
#2832=VECTOR('',#9143,1.);
#2833=VECTOR('',#9144,1.);
#2834=VECTOR('',#9145,1.);
#2835=VECTOR('',#9146,1.);
#2836=VECTOR('',#9149,1.);
#2837=VECTOR('',#9150,1.);
#2838=VECTOR('',#9151,1.);
#2839=VECTOR('',#9152,1.);
#2840=VECTOR('',#9153,1.);
#2841=VECTOR('',#9154,1.);
#2842=VECTOR('',#9157,1.);
#2843=VECTOR('',#9158,1.);
#2844=VECTOR('',#9159,1.);
#2845=VECTOR('',#9160,1.);
#2846=VECTOR('',#9161,1.);
#2847=VECTOR('',#9162,1.);
#2848=VECTOR('',#9165,1.);
#2849=VECTOR('',#9166,1.);
#2850=VECTOR('',#9167,1.);
#2851=VECTOR('',#9168,1.);
#2852=VECTOR('',#9169,1.);
#2853=VECTOR('',#9170,1.);
#2854=VECTOR('',#9173,1.);
#2855=VECTOR('',#9174,1.);
#2856=VECTOR('',#9175,1.);
#2857=VECTOR('',#9176,1.);
#2858=VECTOR('',#9177,1.);
#2859=VECTOR('',#9178,1.);
#2860=VECTOR('',#9181,1.);
#2861=VECTOR('',#9182,1.);
#2862=VECTOR('',#9183,1.);
#2863=VECTOR('',#9184,1.);
#2864=VECTOR('',#9185,1.);
#2865=VECTOR('',#9186,1.);
#2866=VECTOR('',#9189,1.);
#2867=VECTOR('',#9190,1.);
#2868=VECTOR('',#9191,1.);
#2869=VECTOR('',#9192,1.);
#2870=VECTOR('',#9195,1.);
#2871=VECTOR('',#9196,1.);
#2872=VECTOR('',#9197,1.);
#2873=VECTOR('',#9198,1.);
#2874=VECTOR('',#9231,1.);
#2875=VECTOR('',#9236,1.);
#2876=VECTOR('',#9243,1.);
#2877=VECTOR('',#9246,1.);
#2878=VECTOR('',#9251,1.);
#2879=VECTOR('',#9278,1.);
#2880=VECTOR('',#9281,1.);
#2881=VECTOR('',#9284,1.);
#2882=VECTOR('',#9285,1.);
#2883=VECTOR('',#9314,1.);
#2884=VECTOR('',#9315,1.);
#2885=VECTOR('',#9316,1.);
#2886=VECTOR('',#9319,1.);
#2887=VECTOR('',#9320,1.);
#2888=VECTOR('',#9321,1.);
#2889=VECTOR('',#9324,1.);
#2890=VECTOR('',#9325,1.);
#2891=VECTOR('',#9326,1.);
#2892=VECTOR('',#9329,1.);
#2893=VECTOR('',#9330,1.);
#2894=VECTOR('',#9331,1.);
#2895=VECTOR('',#9334,1.);
#2896=VECTOR('',#9335,1.);
#2897=VECTOR('',#9336,1.);
#2898=VECTOR('',#9339,1.);
#2899=VECTOR('',#9340,1.);
#2900=VECTOR('',#9341,1.);
#2901=VECTOR('',#9346,1.);
#2902=VECTOR('',#9347,1.);
#2903=VECTOR('',#9348,1.);
#2904=VECTOR('',#9349,1.);
#2905=VECTOR('',#9350,1.);
#2906=VECTOR('',#9351,1.);
#2907=VECTOR('',#9426,1.);
#2908=VECTOR('',#9427,1.);
#2909=VECTOR('',#9428,1.);
#2910=VECTOR('',#9431,1.);
#2911=VECTOR('',#9432,1.);
#2912=VECTOR('',#9435,1.);
#2913=VECTOR('',#9436,1.);
#2914=VECTOR('',#9439,1.);
#2915=VECTOR('',#9452,1.);
#2916=VECTOR('',#9453,1.);
#2917=VECTOR('',#9454,1.);
#2918=VECTOR('',#9455,1.);
#2919=VECTOR('',#9458,1.);
#2920=VECTOR('',#9459,1.);
#2921=VECTOR('',#9460,1.);
#2922=VECTOR('',#9463,1.);
#2923=VECTOR('',#9464,1.);
#2924=VECTOR('',#9465,1.);
#2925=VECTOR('',#9468,1.);
#2926=VECTOR('',#9469,1.);
#2927=VECTOR('',#9470,1.);
#2928=VECTOR('',#9473,1.);
#2929=VECTOR('',#9474,1.);
#2930=VECTOR('',#9475,1.);
#2931=VECTOR('',#9478,1.);
#2932=VECTOR('',#9479,1.);
#2933=VECTOR('',#9484,1.);
#2934=VECTOR('',#9485,1.);
#2935=VECTOR('',#9488,1.);
#2936=VECTOR('',#9489,1.);
#2937=VECTOR('',#9490,1.);
#2938=VECTOR('',#9493,1.);
#2939=VECTOR('',#9498,1.);
#2940=VECTOR('',#9501,1.);
#2941=VECTOR('',#9502,1.);
#2942=VECTOR('',#9503,1.);
#2943=VECTOR('',#9504,1.);
#2944=VECTOR('',#9507,1.);
#2945=VECTOR('',#9508,1.);
#2946=VECTOR('',#9509,1.);
#2947=VECTOR('',#9512,1.);
#2948=VECTOR('',#9515,1.);
#2949=VECTOR('',#9516,1.);
#2950=VECTOR('',#9519,1.);
#2951=VECTOR('',#9528,1.);
#2952=VECTOR('',#9529,1.);
#2953=VECTOR('',#9530,1.);
#2954=VECTOR('',#9531,1.);
#2955=VECTOR('',#9534,1.);
#2956=VECTOR('',#9535,1.);
#2957=VECTOR('',#9536,1.);
#2958=VECTOR('',#9539,1.);
#2959=VECTOR('',#9540,1.);
#2960=VECTOR('',#9541,1.);
#2961=VECTOR('',#9544,1.);
#2962=VECTOR('',#9545,1.);
#2963=VECTOR('',#9546,1.);
#2964=VECTOR('',#9549,1.);
#2965=VECTOR('',#9550,1.);
#2966=VECTOR('',#9551,1.);
#2967=VECTOR('',#9554,1.);
#2968=VECTOR('',#9555,1.);
#2969=VECTOR('',#9556,1.);
#2970=VECTOR('',#9559,1.);
#2971=VECTOR('',#9560,1.);
#2972=VECTOR('',#9561,1.);
#2973=VECTOR('',#9564,1.);
#2974=VECTOR('',#9565,1.);
#2975=VECTOR('',#9566,1.);
#2976=VECTOR('',#9569,1.);
#2977=VECTOR('',#9570,1.);
#2978=VECTOR('',#9571,1.);
#2979=VECTOR('',#9574,1.);
#2980=VECTOR('',#9575,1.);
#2981=VECTOR('',#9576,1.);
#2982=VECTOR('',#9579,1.);
#2983=VECTOR('',#9580,1.);
#2984=VECTOR('',#9581,1.);
#2985=VECTOR('',#9584,1.);
#2986=VECTOR('',#9585,1.);
#2987=VECTOR('',#9592,1.);
#2988=VECTOR('',#9597,1.);
#2989=VECTOR('',#9598,1.);
#2990=VECTOR('',#9599,1.);
#2991=VECTOR('',#9600,1.);
#2992=VECTOR('',#9609,1.);
#2993=VECTOR('',#9612,1.);
#2994=VECTOR('',#9613,1.);
#2995=VECTOR('',#9614,1.);
#2996=VECTOR('',#9619,1.);
#2997=VECTOR('',#9620,1.);
#2998=VECTOR('',#9621,1.);
#2999=VECTOR('',#9632,1.);
#3000=VECTOR('',#9633,1.);
#3001=VECTOR('',#9634,1.);
#3002=VECTOR('',#9635,1.);
#3003=VECTOR('',#9636,1.);
#3004=VECTOR('',#9637,1.);
#3005=VECTOR('',#9640,1.);
#3006=VECTOR('',#9645,1.);
#3007=VECTOR('',#9646,1.);
#3008=VECTOR('',#9649,1.);
#3009=VECTOR('',#9652,1.);
#3010=VECTOR('',#9653,1.);
#3011=VECTOR('',#9654,1.);
#3012=VECTOR('',#9655,1.);
#3013=VECTOR('',#9658,1.00000000000028);
#3014=VECTOR('',#9659,1.);
#3015=VECTOR('',#9660,1.00000000000001);
#3016=VECTOR('',#9661,1.);
#3017=VECTOR('',#9662,0.999999999999401);
#3018=VECTOR('',#9663,1.);
#3019=VECTOR('',#9664,0.999999999999495);
#3020=VECTOR('',#9665,1.);
#3021=VECTOR('',#9666,1.);
#3022=VECTOR('',#9667,0.999999999999896);
#3023=VECTOR('',#9668,1.);
#3024=VECTOR('',#9669,1.00000000000017);
#3025=VECTOR('',#9672,1.00000000000028);
#3026=VECTOR('',#9673,1.);
#3027=VECTOR('',#9674,0.999999999999495);
#3028=VECTOR('',#9675,1.);
#3029=VECTOR('',#9676,0.999999999999401);
#3030=VECTOR('',#9677,1.);
#3031=VECTOR('',#9678,1.00000000000001);
#3032=VECTOR('',#9679,1.);
#3033=VECTOR('',#9680,0.999999999999896);
#3034=VECTOR('',#9681,1.);
#3035=VECTOR('',#9682,1.00000000000017);
#3036=VECTOR('',#9683,1.);
#3037=VECTOR('',#9686,1.);
#3038=VECTOR('',#9687,1.);
#3039=VECTOR('',#9690,1.);
#3040=VECTOR('',#9693,1.);
#3041=VECTOR('',#9696,1.);
#3042=VECTOR('',#9699,1.);
#3043=VECTOR('',#9702,1.);
#3044=VECTOR('',#9705,1.);
#3045=VECTOR('',#9710,1.);
#3046=VECTOR('',#9711,1.);
#3047=VECTOR('',#9714,1.);
#3048=VECTOR('',#9715,1.);
#3049=VECTOR('',#9718,1.);
#3050=VECTOR('',#9719,1.);
#3051=VECTOR('',#9724,1.);
#3052=VECTOR('',#9725,1.);
#3053=VECTOR('',#9726,1.);
#3054=VECTOR('',#9727,1.);
#3055=VECTOR('',#9730,1.);
#3056=VECTOR('',#9731,1.);
#3057=VECTOR('',#9732,1.);
#3058=VECTOR('',#9735,1.);
#3059=VECTOR('',#9736,1.);
#3060=VECTOR('',#9737,1.);
#3061=VECTOR('',#9740,1.);
#3062=VECTOR('',#9741,1.);
#3063=VECTOR('',#9742,1.);
#3064=VECTOR('',#9745,1.);
#3065=VECTOR('',#9746,1.);
#3066=VECTOR('',#9747,1.);
#3067=VECTOR('',#9750,1.);
#3068=VECTOR('',#9751,1.);
#3069=VECTOR('',#9752,1.);
#3070=VECTOR('',#9755,1.);
#3071=VECTOR('',#9756,1.);
#3072=VECTOR('',#9757,1.);
#3073=VECTOR('',#9760,1.);
#3074=VECTOR('',#9761,1.);
#3075=VECTOR('',#9762,1.);
#3076=VECTOR('',#9765,1.);
#3077=VECTOR('',#9766,1.);
#3078=VECTOR('',#9767,1.);
#3079=VECTOR('',#9770,1.);
#3080=VECTOR('',#9771,1.);
#3081=VECTOR('',#9772,1.);
#3082=VECTOR('',#9775,1.);
#3083=VECTOR('',#9776,1.);
#3084=VECTOR('',#9777,1.);
#3085=VECTOR('',#9780,1.);
#3086=VECTOR('',#9781,1.);
#3087=VECTOR('',#9788,1.);
#3088=VECTOR('',#9791,0.999999999999829);
#3089=VECTOR('',#9796,1.);
#3090=VECTOR('',#9797,1.);
#3091=VECTOR('',#9798,1.);
#3092=VECTOR('',#9799,1.);
#3093=VECTOR('',#9802,1.00000000000024);
#3094=VECTOR('',#9803,1.);
#3095=VECTOR('',#9810,1.);
#3096=VECTOR('',#9811,1.);
#3097=VECTOR('',#9812,1.);
#3098=VECTOR('',#9813,1.);
#3099=VECTOR('',#9818,0.999999999999829);
#3100=VECTOR('',#9821,1.);
#3101=VECTOR('',#9828,1.);
#3102=VECTOR('',#9829,1.00000000000024);
#3103=VECTOR('',#9830,1.);
#3104=VECTOR('',#9831,1.);
#3105=VECTOR('',#9834,1.);
#3106=VECTOR('',#9835,1.);
#3107=VECTOR('',#9836,1.);
#3108=VECTOR('',#9839,1.);
#3109=VECTOR('',#9840,1.);
#3110=VECTOR('',#9841,1.);
#3111=VECTOR('',#9842,1.);
#3112=VECTOR('',#9843,1.);
#3113=VECTOR('',#9846,1.);
#3114=VECTOR('',#9849,1.);
#3115=VECTOR('',#9852,1.);
#3116=VECTOR('',#9855,1.);
#3117=VECTOR('',#9856,1.);
#3118=VECTOR('',#9857,1.);
#3119=VECTOR('',#9858,1.);
#3120=VECTOR('',#9859,1.);
#3121=VECTOR('',#9860,1.);
#3122=VECTOR('',#9861,1.);
#3123=VECTOR('',#9862,1.);
#3124=VECTOR('',#9865,1.);
#3125=VECTOR('',#9868,1.);
#3126=VECTOR('',#9869,1.);
#3127=VECTOR('',#9872,1.);
#3128=VECTOR('',#9873,1.);
#3129=VECTOR('',#9874,1.);
#3130=VECTOR('',#9877,1.);
#3131=VECTOR('',#9882,1.);
#3132=VECTOR('',#9887,1.);
#3133=VECTOR('',#9892,1.);
#3134=VECTOR('',#9897,1.);
#3135=VECTOR('',#9902,1.);
#3136=VECTOR('',#9905,1.);
#3137=VECTOR('',#9908,1.);
#3138=VECTOR('',#9911,1.);
#3139=VECTOR('',#9912,1.);
#3140=VECTOR('',#9915,1.);
#3141=VECTOR('',#9916,1.);
#3142=VECTOR('',#9917,1.);
#3143=VECTOR('',#9918,1.);
#3144=VECTOR('',#9919,1.);
#3145=VECTOR('',#9920,1.);
#3146=VECTOR('',#9923,1.);
#3147=VECTOR('',#9928,1.);
#3148=VECTOR('',#9933,1.);
#3149=VECTOR('',#9936,1.);
#3150=VECTOR('',#9947,1.);
#3151=VECTOR('',#9948,1.);
#3152=VECTOR('',#9949,1.);
#3153=VECTOR('',#9950,1.);
#3154=VECTOR('',#9953,1.00000000000018);
#3155=VECTOR('',#9954,1.);
#3156=VECTOR('',#9955,1.00000000000018);
#3157=VECTOR('',#9956,1.);
#3158=VECTOR('',#9959,1.);
#3159=VECTOR('',#9960,1.);
#3160=VECTOR('',#9961,1.);
#3161=VECTOR('',#9964,0.999999999999856);
#3162=VECTOR('',#9965,1.);
#3163=VECTOR('',#9966,0.999999999999856);
#3164=VECTOR('',#9969,0.999999999999744);
#3165=VECTOR('',#9970,1.);
#3166=VECTOR('',#9971,0.999999999999744);
#3167=VECTOR('',#9974,1.);
#3168=VECTOR('',#9975,1.);
#3169=VECTOR('',#9976,1.);
#3170=VECTOR('',#9979,1.0000000000001);
#3171=VECTOR('',#9980,1.);
#3172=VECTOR('',#9981,1.0000000000001);
#3173=VECTOR('',#9984,0.999999999999567);
#3174=VECTOR('',#9985,1.);
#3175=VECTOR('',#9986,0.999999999999567);
#3176=VECTOR('',#9987,1.);
#3177=VECTOR('',#9988,1.);
#3178=VECTOR('',#9991,1.);
#3179=VECTOR('',#9992,1.);
#3180=VECTOR('',#9993,1.);
#3181=VECTOR('',#9996,1.);
#3182=VECTOR('',#9999,1.);
#3183=VECTOR('',#10002,0.999999999999857);
#3184=VECTOR('',#10003,0.999999999999857);
#3185=VECTOR('',#10010,1.);
#3186=VECTOR('',#10011,1.);
#3187=VECTOR('',#10012,1.);
#3188=VECTOR('',#10013,1.);
#3189=VECTOR('',#10016,1.);
#3190=VECTOR('',#10017,1.);
#3191=VECTOR('',#10018,1.);
#3192=VECTOR('',#10021,1.);
#3193=VECTOR('',#10022,1.);
#3194=VECTOR('',#10023,1.);
#3195=VECTOR('',#10026,1.);
#3196=VECTOR('',#10027,1.);
#3197=VECTOR('',#10028,1.);
#3198=VECTOR('',#10031,1.);
#3199=VECTOR('',#10032,1.);
#3200=VECTOR('',#10033,1.);
#3201=VECTOR('',#10036,1.);
#3202=VECTOR('',#10037,1.);
#3203=VECTOR('',#10038,1.);
#3204=VECTOR('',#10041,1.);
#3205=VECTOR('',#10042,1.);
#3206=VECTOR('',#10043,1.);
#3207=VECTOR('',#10046,1.);
#3208=VECTOR('',#10047,1.);
#3209=VECTOR('',#10048,1.);
#3210=VECTOR('',#10051,1.);
#3211=VECTOR('',#10052,1.);
#3212=VECTOR('',#10053,1.);
#3213=VECTOR('',#10056,1.);
#3214=VECTOR('',#10057,1.);
#3215=VECTOR('',#10058,1.);
#3216=VECTOR('',#10061,1.);
#3217=VECTOR('',#10062,1.);
#3218=VECTOR('',#10063,1.);
#3219=VECTOR('',#10066,1.);
#3220=VECTOR('',#10067,1.);
#3221=VECTOR('',#10074,1.);
#3222=VECTOR('',#10079,1.);
#3223=VECTOR('',#10080,1.);
#3224=VECTOR('',#10081,1.);
#3225=VECTOR('',#10082,1.);
#3226=VECTOR('',#10091,1.);
#3227=VECTOR('',#10094,1.);
#3228=VECTOR('',#10095,1.);
#3229=VECTOR('',#10096,1.);
#3230=VECTOR('',#10101,1.);
#3231=VECTOR('',#10102,1.);
#3232=VECTOR('',#10103,1.);
#3233=VECTOR('',#10114,1.);
#3234=VECTOR('',#10115,1.);
#3235=VECTOR('',#10116,1.);
#3236=VECTOR('',#10117,1.);
#3237=VECTOR('',#10118,1.);
#3238=VECTOR('',#10119,1.);
#3239=VECTOR('',#10122,1.);
#3240=VECTOR('',#10127,1.);
#3241=VECTOR('',#10128,1.);
#3242=VECTOR('',#10131,1.);
#3243=VECTOR('',#10134,1.);
#3244=VECTOR('',#10135,1.);
#3245=VECTOR('',#10136,1.);
#3246=VECTOR('',#10137,1.);
#3247=VECTOR('',#10140,1.00000000000001);
#3248=VECTOR('',#10141,1.);
#3249=VECTOR('',#10142,1.00000000000028);
#3250=VECTOR('',#10143,1.);
#3251=VECTOR('',#10144,1.00000000000017);
#3252=VECTOR('',#10145,1.);
#3253=VECTOR('',#10146,0.999999999999909);
#3254=VECTOR('',#10147,1.);
#3255=VECTOR('',#10148,1.);
#3256=VECTOR('',#10149,1.00000000000039);
#3257=VECTOR('',#10150,1.);
#3258=VECTOR('',#10151,1.00000000000009);
#3259=VECTOR('',#10154,1.00000000000001);
#3260=VECTOR('',#10155,1.);
#3261=VECTOR('',#10156,0.999999999999909);
#3262=VECTOR('',#10157,1.);
#3263=VECTOR('',#10158,1.00000000000017);
#3264=VECTOR('',#10159,1.);
#3265=VECTOR('',#10160,1.00000000000028);
#3266=VECTOR('',#10161,1.);
#3267=VECTOR('',#10162,1.00000000000039);
#3268=VECTOR('',#10163,1.);
#3269=VECTOR('',#10164,1.00000000000009);
#3270=VECTOR('',#10165,1.);
#3271=VECTOR('',#10168,1.);
#3272=VECTOR('',#10169,1.);
#3273=VECTOR('',#10172,1.);
#3274=VECTOR('',#10175,1.);
#3275=VECTOR('',#10178,1.);
#3276=VECTOR('',#10181,1.);
#3277=VECTOR('',#10184,1.);
#3278=VECTOR('',#10187,1.);
#3279=VECTOR('',#10192,1.);
#3280=VECTOR('',#10193,1.);
#3281=VECTOR('',#10196,1.);
#3282=VECTOR('',#10197,1.);
#3283=VECTOR('',#10200,1.);
#3284=VECTOR('',#10201,1.);
#3285=VECTOR('',#10218,10.);
#3286=VECTOR('',#10219,1.00000000000031);
#3287=VECTOR('',#10220,0.999999999999852);
#3288=VECTOR('',#10221,1.00000000000026);
#3289=VECTOR('',#10222,10.);
#3290=VECTOR('',#10223,1.);
#3291=VECTOR('',#10224,1.);
#3292=VECTOR('',#10235,1.);
#3293=VECTOR('',#10236,1.);
#3294=VECTOR('',#10237,10.);
#3295=VECTOR('',#10238,1.00000000000026);
#3296=VECTOR('',#10239,0.999999999999852);
#3297=VECTOR('',#10240,1.00000000000031);
#3298=VECTOR('',#10241,10.);
#3299=VECTOR('',#10254,1.);
#3300=VECTOR('',#10255,1.);
#3301=VECTOR('',#10256,1.);
#3302=VECTOR('',#10257,1.);
#3303=VECTOR('',#10258,1.);
#3304=VECTOR('',#10259,1.);
#3305=VECTOR('',#10260,1.);
#3306=VECTOR('',#10261,1.);
#3307=VECTOR('',#10262,1.);
#3308=VECTOR('',#10263,1.);
#3309=VECTOR('',#10264,1.);
#3310=VECTOR('',#10265,1.);
#3311=VECTOR('',#10266,1.);
#3312=VECTOR('',#10269,1.);
#3313=VECTOR('',#10272,1.);
#3314=VECTOR('',#10275,1.);
#3315=VECTOR('',#10278,1.);
#3316=VECTOR('',#10279,1.);
#3317=VECTOR('',#10280,1.);
#3318=VECTOR('',#10281,1.);
#3319=VECTOR('',#10282,1.);
#3320=VECTOR('',#10283,1.);
#3321=VECTOR('',#10284,1.);
#3322=VECTOR('',#10285,1.);
#3323=VECTOR('',#10288,1.);
#3324=VECTOR('',#10289,1.);
#3325=VECTOR('',#10290,1.);
#3326=VECTOR('',#10293,1.);
#3327=VECTOR('',#10294,1.);
#3328=VECTOR('',#10295,1.);
#3329=VECTOR('',#10296,1.);
#3330=VECTOR('',#10299,1.);
#3331=VECTOR('',#10300,1.);
#3332=VECTOR('',#10301,1.);
#3333=VECTOR('',#10302,1.);
#3334=VECTOR('',#10307,10.);
#3335=VECTOR('',#10308,10.);
#3336=VECTOR('',#10309,10.);
#3337=VECTOR('',#10310,10.);
#3338=VECTOR('',#10313,10.);
#3339=VECTOR('',#10314,10.);
#3340=VECTOR('',#10315,10.);
#3341=VECTOR('',#10316,10.);
#3342=VECTOR('',#10317,10.);
#3343=VECTOR('',#10318,10.);
#3344=VECTOR('',#10319,10.);
#3345=VECTOR('',#10322,10.);
#3346=VECTOR('',#10323,10.);
#3347=VECTOR('',#10326,10.);
#3348=VECTOR('',#10327,10.);
#3349=VECTOR('',#10328,10.);
#3350=VECTOR('',#10329,10.);
#3351=VECTOR('',#10332,10.);
#3352=VECTOR('',#10333,10.);
#3353=VECTOR('',#10334,10.);
#3354=VECTOR('',#10335,10.);
#3355=VECTOR('',#10336,10.);
#3356=VECTOR('',#10337,10.);
#3357=VECTOR('',#10340,10.);
#3358=VECTOR('',#10341,10.);
#3359=VECTOR('',#10342,10.);
#3360=VECTOR('',#10343,10.);
#3361=VECTOR('',#10346,10.);
#3362=VECTOR('',#10347,10.);
#3363=VECTOR('',#10348,10.);
#3364=VECTOR('',#10361,10.);
#3365=VECTOR('',#10362,10.);
#3366=VECTOR('',#10367,3.05);
#3367=VECTOR('',#10372,3.05);
#3368=VECTOR('',#10377,3.05);
#3369=VECTOR('',#10382,3.05);
#3370=VECTOR('',#10387,3.05);
#3371=VECTOR('',#10390,10.);
#3372=VECTOR('',#10391,10.);
#3373=VECTOR('',#10392,10.);
#3374=VECTOR('',#10393,10.);
#3375=VECTOR('',#10416,10.);
#3376=VECTOR('',#10417,10.);
#3377=VECTOR('',#10418,10.);
#3378=VECTOR('',#10419,10.);
#3379=VECTOR('',#10420,10.);
#3380=VECTOR('',#10423,10.);
#3381=VECTOR('',#10426,10.);
#3382=VECTOR('',#10429,10.);
#3383=VECTOR('',#10434,10.);
#3384=VECTOR('',#10435,10.);
#3385=VECTOR('',#10438,10.);
#3386=VECTOR('',#10439,10.);
#3387=VECTOR('',#10442,1.49999999999999);
#3388=VECTOR('',#10447,1.5);
#3389=VECTOR('',#10456,10.);
#3390=VECTOR('',#10461,10.);
#3391=VECTOR('',#10464,10.);
#3392=VECTOR('',#10467,10.);
#3393=VECTOR('',#10488,10.);
#3394=VECTOR('',#10491,10.);
#3395=VECTOR('',#10494,10.);
#3396=VECTOR('',#10497,10.);
#3397=VECTOR('',#10500,10.);
#3398=VECTOR('',#10503,10.);
#3399=VECTOR('',#10506,10.);
#3400=VECTOR('',#10511,10.);
#3401=VECTOR('',#10516,0.299999999999998);
#3402=VECTOR('',#10519,1.55);
#3403=VECTOR('',#10522,0.299999999999998);
#3404=VECTOR('',#10525,0.381);
#3405=VECTOR('',#10528,0.381);
#3406=VECTOR('',#10531,1.55);
#3407=VECTOR('',#10534,0.381);
#3408=VECTOR('',#10537,0.381);
#3409=VERTEX_POINT('',#10546);
#3410=VERTEX_POINT('',#10547);
#3411=VERTEX_POINT('',#10549);
#3412=VERTEX_POINT('',#10551);
#3413=VERTEX_POINT('',#10555);
#3414=VERTEX_POINT('',#10557);
#3415=VERTEX_POINT('',#10561);
#3416=VERTEX_POINT('',#10563);
#3417=VERTEX_POINT('',#10565);
#3418=VERTEX_POINT('',#10567);
#3419=VERTEX_POINT('',#10569);
#3420=VERTEX_POINT('',#10572);
#3421=VERTEX_POINT('',#10574);
#3422=VERTEX_POINT('',#10576);
#3423=VERTEX_POINT('',#10578);
#3424=VERTEX_POINT('',#10580);
#3425=VERTEX_POINT('',#10582);
#3426=VERTEX_POINT('',#10584);
#3427=VERTEX_POINT('',#10586);
#3428=VERTEX_POINT('',#10588);
#3429=VERTEX_POINT('',#10590);
#3430=VERTEX_POINT('',#10592);
#3431=VERTEX_POINT('',#10594);
#3432=VERTEX_POINT('',#10596);
#3433=VERTEX_POINT('',#10598);
#3434=VERTEX_POINT('',#10600);
#3435=VERTEX_POINT('',#10602);
#3436=VERTEX_POINT('',#10604);
#3437=VERTEX_POINT('',#10606);
#3438=VERTEX_POINT('',#10608);
#3439=VERTEX_POINT('',#10610);
#3440=VERTEX_POINT('',#10612);
#3441=VERTEX_POINT('',#10614);
#3442=VERTEX_POINT('',#10617);
#3443=VERTEX_POINT('',#10621);
#3444=VERTEX_POINT('',#10625);
#3445=VERTEX_POINT('',#10629);
#3446=VERTEX_POINT('',#10633);
#3447=VERTEX_POINT('',#10639);
#3448=VERTEX_POINT('',#10643);
#3449=VERTEX_POINT('',#10647);
#3450=VERTEX_POINT('',#10651);
#3451=VERTEX_POINT('',#10655);
#3452=VERTEX_POINT('',#10659);
#3453=VERTEX_POINT('',#10663);
#3454=VERTEX_POINT('',#10667);
#3455=VERTEX_POINT('',#10671);
#3456=VERTEX_POINT('',#10675);
#3457=VERTEX_POINT('',#10679);
#3458=VERTEX_POINT('',#10683);
#3459=VERTEX_POINT('',#10687);
#3460=VERTEX_POINT('',#10691);
#3461=VERTEX_POINT('',#10695);
#3462=VERTEX_POINT('',#10699);
#3463=VERTEX_POINT('',#10703);
#3464=VERTEX_POINT('',#10707);
#3465=VERTEX_POINT('',#10711);
#3466=VERTEX_POINT('',#10715);
#3467=VERTEX_POINT('',#10719);
#3468=VERTEX_POINT('',#10723);
#3469=VERTEX_POINT('',#10793);
#3470=VERTEX_POINT('',#10794);
#3471=VERTEX_POINT('',#10796);
#3472=VERTEX_POINT('',#10798);
#3473=VERTEX_POINT('',#10802);
#3474=VERTEX_POINT('',#10807);
#3475=VERTEX_POINT('',#10809);
#3476=VERTEX_POINT('',#10813);
#3477=VERTEX_POINT('',#10815);
#3478=VERTEX_POINT('',#10819);
#3479=VERTEX_POINT('',#10820);
#3480=VERTEX_POINT('',#10822);
#3481=VERTEX_POINT('',#10824);
#3482=VERTEX_POINT('',#10828);
#3483=VERTEX_POINT('',#10829);
#3484=VERTEX_POINT('',#10831);
#3485=VERTEX_POINT('',#10833);
#3486=VERTEX_POINT('',#10835);
#3487=VERTEX_POINT('',#10837);
#3488=VERTEX_POINT('',#10839);
#3489=VERTEX_POINT('',#10841);
#3490=VERTEX_POINT('',#10843);
#3491=VERTEX_POINT('',#10845);
#3492=VERTEX_POINT('',#10847);
#3493=VERTEX_POINT('',#10849);
#3494=VERTEX_POINT('',#10851);
#3495=VERTEX_POINT('',#10853);
#3496=VERTEX_POINT('',#10855);
#3497=VERTEX_POINT('',#10857);
#3498=VERTEX_POINT('',#10859);
#3499=VERTEX_POINT('',#10861);
#3500=VERTEX_POINT('',#10863);
#3501=VERTEX_POINT('',#10865);
#3502=VERTEX_POINT('',#10867);
#3503=VERTEX_POINT('',#10869);
#3504=VERTEX_POINT('',#10871);
#3505=VERTEX_POINT('',#10873);
#3506=VERTEX_POINT('',#10875);
#3507=VERTEX_POINT('',#10877);
#3508=VERTEX_POINT('',#10879);
#3509=VERTEX_POINT('',#10881);
#3510=VERTEX_POINT('',#10883);
#3511=VERTEX_POINT('',#10885);
#3512=VERTEX_POINT('',#10887);
#3513=VERTEX_POINT('',#10889);
#3514=VERTEX_POINT('',#10891);
#3515=VERTEX_POINT('',#10893);
#3516=VERTEX_POINT('',#10895);
#3517=VERTEX_POINT('',#10897);
#3518=VERTEX_POINT('',#10899);
#3519=VERTEX_POINT('',#10901);
#3520=VERTEX_POINT('',#10903);
#3521=VERTEX_POINT('',#10905);
#3522=VERTEX_POINT('',#10908);
#3523=VERTEX_POINT('',#10909);
#3524=VERTEX_POINT('',#10911);
#3525=VERTEX_POINT('',#10913);
#3526=VERTEX_POINT('',#10915);
#3527=VERTEX_POINT('',#10917);
#3528=VERTEX_POINT('',#10919);
#3529=VERTEX_POINT('',#10921);
#3530=VERTEX_POINT('',#10923);
#3531=VERTEX_POINT('',#10925);
#3532=VERTEX_POINT('',#10927);
#3533=VERTEX_POINT('',#10929);
#3534=VERTEX_POINT('',#10932);
#3535=VERTEX_POINT('',#10933);
#3536=VERTEX_POINT('',#10935);
#3537=VERTEX_POINT('',#10937);
#3538=VERTEX_POINT('',#10941);
#3539=VERTEX_POINT('',#10942);
#3540=VERTEX_POINT('',#10944);
#3541=VERTEX_POINT('',#10946);
#3542=VERTEX_POINT('',#10948);
#3543=VERTEX_POINT('',#10956);
#3544=VERTEX_POINT('',#10966);
#3545=VERTEX_POINT('',#10967);
#3546=VERTEX_POINT('',#10969);
#3547=VERTEX_POINT('',#10971);
#3548=VERTEX_POINT('',#10973);
#3549=VERTEX_POINT('',#10975);
#3550=VERTEX_POINT('',#10977);
#3551=VERTEX_POINT('',#10979);
#3552=VERTEX_POINT('',#10981);
#3553=VERTEX_POINT('',#10983);
#3554=VERTEX_POINT('',#10985);
#3555=VERTEX_POINT('',#10987);
#3556=VERTEX_POINT('',#10989);
#3557=VERTEX_POINT('',#10991);
#3558=VERTEX_POINT('',#10993);
#3559=VERTEX_POINT('',#10995);
#3560=VERTEX_POINT('',#10997);
#3561=VERTEX_POINT('',#10999);
#3562=VERTEX_POINT('',#11001);
#3563=VERTEX_POINT('',#11003);
#3564=VERTEX_POINT('',#11005);
#3565=VERTEX_POINT('',#11007);
#3566=VERTEX_POINT('',#11009);
#3567=VERTEX_POINT('',#11011);
#3568=VERTEX_POINT('',#11013);
#3569=VERTEX_POINT('',#11015);
#3570=VERTEX_POINT('',#11017);
#3571=VERTEX_POINT('',#11019);
#3572=VERTEX_POINT('',#11021);
#3573=VERTEX_POINT('',#11023);
#3574=VERTEX_POINT('',#11025);
#3575=VERTEX_POINT('',#11027);
#3576=VERTEX_POINT('',#11029);
#3577=VERTEX_POINT('',#11031);
#3578=VERTEX_POINT('',#11033);
#3579=VERTEX_POINT('',#11035);
#3580=VERTEX_POINT('',#11037);
#3581=VERTEX_POINT('',#11039);
#3582=VERTEX_POINT('',#11041);
#3583=VERTEX_POINT('',#11043);
#3584=VERTEX_POINT('',#11046);
#3585=VERTEX_POINT('',#11047);
#3586=VERTEX_POINT('',#11049);
#3587=VERTEX_POINT('',#11051);
#3588=VERTEX_POINT('',#11053);
#3589=VERTEX_POINT('',#11055);
#3590=VERTEX_POINT('',#11058);
#3591=VERTEX_POINT('',#11059);
#3592=VERTEX_POINT('',#11071);
#3593=VERTEX_POINT('',#11073);
#3594=VERTEX_POINT('',#11085);
#3595=VERTEX_POINT('',#11105);
#3596=VERTEX_POINT('',#11125);
#3597=VERTEX_POINT('',#11137);
#3598=VERTEX_POINT('',#11139);
#3599=VERTEX_POINT('',#11151);
#3600=VERTEX_POINT('',#11190);
#3601=VERTEX_POINT('',#11191);
#3602=VERTEX_POINT('',#11193);
#3603=VERTEX_POINT('',#11195);
#3604=VERTEX_POINT('',#11197);
#3605=VERTEX_POINT('',#11199);
#3606=VERTEX_POINT('',#11201);
#3607=VERTEX_POINT('',#11203);
#3608=VERTEX_POINT('',#11205);
#3609=VERTEX_POINT('',#11207);
#3610=VERTEX_POINT('',#11209);
#3611=VERTEX_POINT('',#11211);
#3612=VERTEX_POINT('',#11214);
#3613=VERTEX_POINT('',#11215);
#3614=VERTEX_POINT('',#11235);
#3615=VERTEX_POINT('',#11237);
#3616=VERTEX_POINT('',#11239);
#3617=VERTEX_POINT('',#11260);
#3618=VERTEX_POINT('',#11261);
#3619=VERTEX_POINT('',#11263);
#3620=VERTEX_POINT('',#11265);
#3621=VERTEX_POINT('',#11267);
#3622=VERTEX_POINT('',#11269);
#3623=VERTEX_POINT('',#11271);
#3624=VERTEX_POINT('',#11273);
#3625=VERTEX_POINT('',#11277);
#3626=VERTEX_POINT('',#11278);
#3627=VERTEX_POINT('',#11298);
#3628=VERTEX_POINT('',#11300);
#3629=VERTEX_POINT('',#11302);
#3630=VERTEX_POINT('',#11332);
#3631=VERTEX_POINT('',#11334);
#3632=VERTEX_POINT('',#11337);
#3633=VERTEX_POINT('',#11339);
#3634=VERTEX_POINT('',#11343);
#3635=VERTEX_POINT('',#11345);
#3636=VERTEX_POINT('',#11348);
#3637=VERTEX_POINT('',#11350);
#3638=VERTEX_POINT('',#11354);
#3639=VERTEX_POINT('',#11356);
#3640=VERTEX_POINT('',#11359);
#3641=VERTEX_POINT('',#11361);
#3642=VERTEX_POINT('',#11365);
#3643=VERTEX_POINT('',#11367);
#3644=VERTEX_POINT('',#11370);
#3645=VERTEX_POINT('',#11372);
#3646=VERTEX_POINT('',#11376);
#3647=VERTEX_POINT('',#11378);
#3648=VERTEX_POINT('',#11381);
#3649=VERTEX_POINT('',#11383);
#3650=VERTEX_POINT('',#11387);
#3651=VERTEX_POINT('',#11389);
#3652=VERTEX_POINT('',#11392);
#3653=VERTEX_POINT('',#11394);
#3654=VERTEX_POINT('',#11398);
#3655=VERTEX_POINT('',#11400);
#3656=VERTEX_POINT('',#11403);
#3657=VERTEX_POINT('',#11405);
#3658=VERTEX_POINT('',#11409);
#3659=VERTEX_POINT('',#11411);
#3660=VERTEX_POINT('',#11416);
#3661=VERTEX_POINT('',#11418);
#3662=VERTEX_POINT('',#11438);
#3663=VERTEX_POINT('',#11442);
#3664=VERTEX_POINT('',#11446);
#3665=VERTEX_POINT('',#11452);
#3666=VERTEX_POINT('',#11488);
#3667=VERTEX_POINT('',#11489);
#3668=VERTEX_POINT('',#11494);
#3669=VERTEX_POINT('',#11495);
#3670=VERTEX_POINT('',#11500);
#3671=VERTEX_POINT('',#11502);
#3672=VERTEX_POINT('',#11506);
#3673=VERTEX_POINT('',#11508);
#3674=VERTEX_POINT('',#11512);
#3675=VERTEX_POINT('',#11514);
#3676=VERTEX_POINT('',#11518);
#3677=VERTEX_POINT('',#11520);
#3678=VERTEX_POINT('',#11524);
#3679=VERTEX_POINT('',#11525);
#3680=VERTEX_POINT('',#11527);
#3681=VERTEX_POINT('',#11529);
#3682=VERTEX_POINT('',#11531);
#3683=VERTEX_POINT('',#11533);
#3684=VERTEX_POINT('',#11535);
#3685=VERTEX_POINT('',#11575);
#3686=VERTEX_POINT('',#11577);
#3687=VERTEX_POINT('',#11581);
#3688=VERTEX_POINT('',#11585);
#3689=VERTEX_POINT('',#11659);
#3690=VERTEX_POINT('',#11660);
#3691=VERTEX_POINT('',#11662);
#3692=VERTEX_POINT('',#11664);
#3693=VERTEX_POINT('',#11668);
#3694=VERTEX_POINT('',#11670);
#3695=VERTEX_POINT('',#11674);
#3696=VERTEX_POINT('',#11676);
#3697=VERTEX_POINT('',#11680);
#3698=VERTEX_POINT('',#11682);
#3699=VERTEX_POINT('',#11686);
#3700=VERTEX_POINT('',#11688);
#3701=VERTEX_POINT('',#11704);
#3702=VERTEX_POINT('',#11705);
#3703=VERTEX_POINT('',#11707);
#3704=VERTEX_POINT('',#11712);
#3705=VERTEX_POINT('',#11719);
#3706=VERTEX_POINT('',#11721);
#3707=VERTEX_POINT('',#11732);
#3708=VERTEX_POINT('',#11734);
#3709=VERTEX_POINT('',#11745);
#3710=VERTEX_POINT('',#11747);
#3711=VERTEX_POINT('',#11758);
#3712=VERTEX_POINT('',#11763);
#3713=VERTEX_POINT('',#11777);
#3714=VERTEX_POINT('',#11782);
#3715=VERTEX_POINT('',#11796);
#3716=VERTEX_POINT('',#11801);
#3717=VERTEX_POINT('',#11815);
#3718=VERTEX_POINT('',#11820);
#3719=VERTEX_POINT('',#11827);
#3720=VERTEX_POINT('',#11829);
#3721=VERTEX_POINT('',#11840);
#3722=VERTEX_POINT('',#11842);
#3723=VERTEX_POINT('',#11853);
#3724=VERTEX_POINT('',#11858);
#3725=VERTEX_POINT('',#11872);
#3726=VERTEX_POINT('',#11877);
#3727=VERTEX_POINT('',#11891);
#3728=VERTEX_POINT('',#11893);
#3729=VERTEX_POINT('',#11915);
#3730=VERTEX_POINT('',#11916);
#3731=VERTEX_POINT('',#11918);
#3732=VERTEX_POINT('',#11920);
#3733=VERTEX_POINT('',#11924);
#3734=VERTEX_POINT('',#11926);
#3735=VERTEX_POINT('',#11930);
#3736=VERTEX_POINT('',#11932);
#3737=VERTEX_POINT('',#11936);
#3738=VERTEX_POINT('',#11938);
#3739=VERTEX_POINT('',#11942);
#3740=VERTEX_POINT('',#11944);
#3741=VERTEX_POINT('',#11948);
#3742=VERTEX_POINT('',#11950);
#3743=VERTEX_POINT('',#11954);
#3744=VERTEX_POINT('',#11956);
#3745=VERTEX_POINT('',#11960);
#3746=VERTEX_POINT('',#11962);
#3747=VERTEX_POINT('',#11966);
#3748=VERTEX_POINT('',#11968);
#3749=VERTEX_POINT('',#11972);
#3750=VERTEX_POINT('',#11974);
#3751=VERTEX_POINT('',#11978);
#3752=VERTEX_POINT('',#11980);
#3753=VERTEX_POINT('',#11989);
#3754=VERTEX_POINT('',#11990);
#3755=VERTEX_POINT('',#11992);
#3756=VERTEX_POINT('',#11994);
#3757=VERTEX_POINT('',#11996);
#3758=VERTEX_POINT('',#12001);
#3759=VERTEX_POINT('',#12006);
#3760=VERTEX_POINT('',#12009);
#3761=VERTEX_POINT('',#12010);
#3762=VERTEX_POINT('',#12012);
#3763=VERTEX_POINT('',#12014);
#3764=VERTEX_POINT('',#12016);
#3765=VERTEX_POINT('',#12018);
#3766=VERTEX_POINT('',#12020);
#3767=VERTEX_POINT('',#12024);
#3768=VERTEX_POINT('',#12025);
#3769=VERTEX_POINT('',#12027);
#3770=VERTEX_POINT('',#12029);
#3771=VERTEX_POINT('',#12031);
#3772=VERTEX_POINT('',#12036);
#3773=VERTEX_POINT('',#12041);
#3774=VERTEX_POINT('',#12044);
#3775=VERTEX_POINT('',#12045);
#3776=VERTEX_POINT('',#12047);
#3777=VERTEX_POINT('',#12049);
#3778=VERTEX_POINT('',#12051);
#3779=VERTEX_POINT('',#12053);
#3780=VERTEX_POINT('',#12055);
#3781=VERTEX_POINT('',#12143);
#3782=VERTEX_POINT('',#12144);
#3783=VERTEX_POINT('',#12146);
#3784=VERTEX_POINT('',#12148);
#3785=VERTEX_POINT('',#12150);
#3786=VERTEX_POINT('',#12152);
#3787=VERTEX_POINT('',#12154);
#3788=VERTEX_POINT('',#12156);
#3789=VERTEX_POINT('',#12159);
#3790=VERTEX_POINT('',#12160);
#3791=VERTEX_POINT('',#12162);
#3792=VERTEX_POINT('',#12164);
#3793=VERTEX_POINT('',#12169);
#3794=VERTEX_POINT('',#12171);
#3795=VERTEX_POINT('',#12178);
#3796=VERTEX_POINT('',#12179);
#3797=VERTEX_POINT('',#12181);
#3798=VERTEX_POINT('',#12183);
#3799=VERTEX_POINT('',#12185);
#3800=VERTEX_POINT('',#12187);
#3801=VERTEX_POINT('',#12189);
#3802=VERTEX_POINT('',#12191);
#3803=VERTEX_POINT('',#12194);
#3804=VERTEX_POINT('',#12195);
#3805=VERTEX_POINT('',#12197);
#3806=VERTEX_POINT('',#12199);
#3807=VERTEX_POINT('',#12201);
#3808=VERTEX_POINT('',#12206);
#3809=VERTEX_POINT('',#12255);
#3810=VERTEX_POINT('',#12256);
#3811=VERTEX_POINT('',#12258);
#3812=VERTEX_POINT('',#12260);
#3813=VERTEX_POINT('',#12264);
#3814=VERTEX_POINT('',#12266);
#3815=VERTEX_POINT('',#12270);
#3816=VERTEX_POINT('',#12272);
#3817=VERTEX_POINT('',#12276);
#3818=VERTEX_POINT('',#12278);
#3819=VERTEX_POINT('',#12282);
#3820=VERTEX_POINT('',#12284);
#3821=VERTEX_POINT('',#12288);
#3822=VERTEX_POINT('',#12290);
#3823=VERTEX_POINT('',#12294);
#3824=VERTEX_POINT('',#12296);
#3825=VERTEX_POINT('',#12300);
#3826=VERTEX_POINT('',#12302);
#3827=VERTEX_POINT('',#12306);
#3828=VERTEX_POINT('',#12308);
#3829=VERTEX_POINT('',#12312);
#3830=VERTEX_POINT('',#12314);
#3831=VERTEX_POINT('',#12318);
#3832=VERTEX_POINT('',#12320);
#3833=VERTEX_POINT('',#12329);
#3834=VERTEX_POINT('',#12330);
#3835=VERTEX_POINT('',#12335);
#3836=VERTEX_POINT('',#12337);
#3837=VERTEX_POINT('',#12342);
#3838=VERTEX_POINT('',#12344);
#3839=VERTEX_POINT('',#12346);
#3840=VERTEX_POINT('',#12351);
#3841=VERTEX_POINT('',#12356);
#3842=VERTEX_POINT('',#12358);
#3843=VERTEX_POINT('',#12360);
#3844=VERTEX_POINT('',#12362);
#3845=VERTEX_POINT('',#12364);
#3846=VERTEX_POINT('',#12366);
#3847=VERTEX_POINT('',#12372);
#3848=VERTEX_POINT('',#12373);
#3849=VERTEX_POINT('',#12375);
#3850=VERTEX_POINT('',#12380);
#3851=VERTEX_POINT('',#12382);
#3852=VERTEX_POINT('',#12384);
#3853=VERTEX_POINT('',#12389);
#3854=VERTEX_POINT('',#12391);
#3855=VERTEX_POINT('',#12398);
#3856=VERTEX_POINT('',#12399);
#3857=VERTEX_POINT('',#12404);
#3858=VERTEX_POINT('',#12409);
#3859=VERTEX_POINT('',#12411);
#3860=VERTEX_POINT('',#12413);
#3861=VERTEX_POINT('',#12415);
#3862=VERTEX_POINT('',#12417);
#3863=VERTEX_POINT('',#12419);
#3864=VERTEX_POINT('',#12421);
#3865=VERTEX_POINT('',#12426);
#3866=VERTEX_POINT('',#12431);
#3867=VERTEX_POINT('',#12433);
#3868=VERTEX_POINT('',#12435);
#3869=VERTEX_POINT('',#12441);
#3870=VERTEX_POINT('',#12442);
#3871=VERTEX_POINT('',#12447);
#3872=VERTEX_POINT('',#12449);
#3873=VERTEX_POINT('',#12454);
#3874=VERTEX_POINT('',#12456);
#3875=VERTEX_POINT('',#12458);
#3876=VERTEX_POINT('',#12463);
#3877=VERTEX_POINT('',#12616);
#3878=VERTEX_POINT('',#12617);
#3879=VERTEX_POINT('',#12619);
#3880=VERTEX_POINT('',#12624);
#3881=VERTEX_POINT('',#12631);
#3882=VERTEX_POINT('',#12633);
#3883=VERTEX_POINT('',#12644);
#3884=VERTEX_POINT('',#12646);
#3885=VERTEX_POINT('',#12657);
#3886=VERTEX_POINT('',#12659);
#3887=VERTEX_POINT('',#12670);
#3888=VERTEX_POINT('',#12672);
#3889=VERTEX_POINT('',#12683);
#3890=VERTEX_POINT('',#12685);
#3891=VERTEX_POINT('',#12696);
#3892=VERTEX_POINT('',#12698);
#3893=VERTEX_POINT('',#12709);
#3894=VERTEX_POINT('',#12711);
#3895=VERTEX_POINT('',#12722);
#3896=VERTEX_POINT('',#12727);
#3897=VERTEX_POINT('',#12741);
#3898=VERTEX_POINT('',#12743);
#3899=VERTEX_POINT('',#12754);
#3900=VERTEX_POINT('',#12759);
#3901=VERTEX_POINT('',#12773);
#3902=VERTEX_POINT('',#12778);
#3903=VERTEX_POINT('',#12785);
#3904=VERTEX_POINT('',#12787);
#3905=VERTEX_POINT('',#12798);
#3906=VERTEX_POINT('',#12803);
#3907=VERTEX_POINT('',#12817);
#3908=VERTEX_POINT('',#12822);
#3909=VERTEX_POINT('',#12836);
#3910=VERTEX_POINT('',#12841);
#3911=VERTEX_POINT('',#12855);
#3912=VERTEX_POINT('',#12857);
#3913=VERTEX_POINT('',#12868);
#3914=VERTEX_POINT('',#12870);
#3915=VERTEX_POINT('',#12881);
#3916=VERTEX_POINT('',#12883);
#3917=VERTEX_POINT('',#12894);
#3918=VERTEX_POINT('',#12899);
#3919=VERTEX_POINT('',#12918);
#3920=VERTEX_POINT('',#12919);
#3921=VERTEX_POINT('',#12921);
#3922=VERTEX_POINT('',#12923);
#3923=VERTEX_POINT('',#12927);
#3924=VERTEX_POINT('',#12929);
#3925=VERTEX_POINT('',#12940);
#3926=VERTEX_POINT('',#12945);
#3927=VERTEX_POINT('',#12952);
#3928=VERTEX_POINT('',#12954);
#3929=VERTEX_POINT('',#12958);
#3930=VERTEX_POINT('',#12960);
#3931=VERTEX_POINT('',#12964);
#3932=VERTEX_POINT('',#12966);
#3933=VERTEX_POINT('',#12970);
#3934=VERTEX_POINT('',#12972);
#3935=VERTEX_POINT('',#12976);
#3936=VERTEX_POINT('',#12978);
#3937=VERTEX_POINT('',#12982);
#3938=VERTEX_POINT('',#12984);
#3939=VERTEX_POINT('',#12995);
#3940=VERTEX_POINT('',#13000);
#3941=VERTEX_POINT('',#13014);
#3942=VERTEX_POINT('',#13019);
#3943=VERTEX_POINT('',#13026);
#3944=VERTEX_POINT('',#13028);
#3945=VERTEX_POINT('',#13039);
#3946=VERTEX_POINT('',#13041);
#3947=VERTEX_POINT('',#13052);
#3948=VERTEX_POINT('',#13057);
#3949=VERTEX_POINT('',#13069);
#3950=VERTEX_POINT('',#13070);
#3951=VERTEX_POINT('',#13072);
#3952=VERTEX_POINT('',#13074);
#3953=VERTEX_POINT('',#13078);
#3954=VERTEX_POINT('',#13080);
#3955=VERTEX_POINT('',#13084);
#3956=VERTEX_POINT('',#13086);
#3957=VERTEX_POINT('',#13090);
#3958=VERTEX_POINT('',#13092);
#3959=VERTEX_POINT('',#13096);
#3960=VERTEX_POINT('',#13098);
#3961=VERTEX_POINT('',#13102);
#3962=VERTEX_POINT('',#13104);
#3963=VERTEX_POINT('',#13108);
#3964=VERTEX_POINT('',#13110);
#3965=VERTEX_POINT('',#13114);
#3966=VERTEX_POINT('',#13116);
#3967=VERTEX_POINT('',#13120);
#3968=VERTEX_POINT('',#13122);
#3969=VERTEX_POINT('',#13126);
#3970=VERTEX_POINT('',#13128);
#3971=VERTEX_POINT('',#13132);
#3972=VERTEX_POINT('',#13134);
#3973=VERTEX_POINT('',#13143);
#3974=VERTEX_POINT('',#13144);
#3975=VERTEX_POINT('',#13146);
#3976=VERTEX_POINT('',#13148);
#3977=VERTEX_POINT('',#13150);
#3978=VERTEX_POINT('',#13155);
#3979=VERTEX_POINT('',#13160);
#3980=VERTEX_POINT('',#13163);
#3981=VERTEX_POINT('',#13164);
#3982=VERTEX_POINT('',#13166);
#3983=VERTEX_POINT('',#13168);
#3984=VERTEX_POINT('',#13170);
#3985=VERTEX_POINT('',#13172);
#3986=VERTEX_POINT('',#13174);
#3987=VERTEX_POINT('',#13178);
#3988=VERTEX_POINT('',#13179);
#3989=VERTEX_POINT('',#13181);
#3990=VERTEX_POINT('',#13183);
#3991=VERTEX_POINT('',#13185);
#3992=VERTEX_POINT('',#13190);
#3993=VERTEX_POINT('',#13195);
#3994=VERTEX_POINT('',#13198);
#3995=VERTEX_POINT('',#13199);
#3996=VERTEX_POINT('',#13201);
#3997=VERTEX_POINT('',#13203);
#3998=VERTEX_POINT('',#13205);
#3999=VERTEX_POINT('',#13207);
#4000=VERTEX_POINT('',#13209);
#4001=VERTEX_POINT('',#13297);
#4002=VERTEX_POINT('',#13298);
#4003=VERTEX_POINT('',#13300);
#4004=VERTEX_POINT('',#13302);
#4005=VERTEX_POINT('',#13304);
#4006=VERTEX_POINT('',#13306);
#4007=VERTEX_POINT('',#13308);
#4008=VERTEX_POINT('',#13310);
#4009=VERTEX_POINT('',#13313);
#4010=VERTEX_POINT('',#13314);
#4011=VERTEX_POINT('',#13316);
#4012=VERTEX_POINT('',#13318);
#4013=VERTEX_POINT('',#13323);
#4014=VERTEX_POINT('',#13325);
#4015=VERTEX_POINT('',#13332);
#4016=VERTEX_POINT('',#13333);
#4017=VERTEX_POINT('',#13335);
#4018=VERTEX_POINT('',#13337);
#4019=VERTEX_POINT('',#13339);
#4020=VERTEX_POINT('',#13341);
#4021=VERTEX_POINT('',#13343);
#4022=VERTEX_POINT('',#13345);
#4023=VERTEX_POINT('',#13348);
#4024=VERTEX_POINT('',#13349);
#4025=VERTEX_POINT('',#13351);
#4026=VERTEX_POINT('',#13353);
#4027=VERTEX_POINT('',#13355);
#4028=VERTEX_POINT('',#13360);
#4029=VERTEX_POINT('',#13409);
#4030=VERTEX_POINT('',#13410);
#4031=VERTEX_POINT('',#13415);
#4032=VERTEX_POINT('',#13417);
#4033=VERTEX_POINT('',#13422);
#4034=VERTEX_POINT('',#13424);
#4035=VERTEX_POINT('',#13429);
#4036=VERTEX_POINT('',#13434);
#4037=VERTEX_POINT('',#13436);
#4038=VERTEX_POINT('',#13438);
#4039=VERTEX_POINT('',#13440);
#4040=VERTEX_POINT('',#13442);
#4041=VERTEX_POINT('',#13447);
#4042=VERTEX_POINT('',#13452);
#4043=VERTEX_POINT('',#13454);
#4044=VERTEX_POINT('',#13456);
#4045=VERTEX_POINT('',#13458);
#4046=VERTEX_POINT('',#13460);
#4047=VERTEX_POINT('',#13465);
#4048=VERTEX_POINT('',#13470);
#4049=VERTEX_POINT('',#13475);
#4050=VERTEX_POINT('',#13480);
#4051=VERTEX_POINT('',#13485);
#4052=VERTEX_POINT('',#13490);
#4053=VERTEX_POINT('',#13495);
#4054=VERTEX_POINT('',#13497);
#4055=VERTEX_POINT('',#13502);
#4056=VERTEX_POINT('',#13507);
#4057=VERTEX_POINT('',#13509);
#4058=VERTEX_POINT('',#13514);
#4059=VERTEX_POINT('',#13519);
#4060=VERTEX_POINT('',#13524);
#4061=VERTEX_POINT('',#13526);
#4062=VERTEX_POINT('',#13529);
#4063=VERTEX_POINT('',#13530);
#4064=VERTEX_POINT('',#13545);
#4065=VERTEX_POINT('',#13546);
#4066=VERTEX_POINT('',#13551);
#4067=VERTEX_POINT('',#13553);
#4068=VERTEX_POINT('',#13555);
#4069=VERTEX_POINT('',#13557);
#4070=VERTEX_POINT('',#13562);
#4071=VERTEX_POINT('',#13567);
#4072=VERTEX_POINT('',#13572);
#4073=VERTEX_POINT('',#13574);
#4074=VERTEX_POINT('',#13579);
#4075=VERTEX_POINT('',#13584);
#4076=VERTEX_POINT('',#13586);
#4077=VERTEX_POINT('',#13591);
#4078=VERTEX_POINT('',#13596);
#4079=VERTEX_POINT('',#13601);
#4080=VERTEX_POINT('',#13606);
#4081=VERTEX_POINT('',#13611);
#4082=VERTEX_POINT('',#13616);
#4083=VERTEX_POINT('',#13627);
#4084=VERTEX_POINT('',#13629);
#4085=VERTEX_POINT('',#13631);
#4086=VERTEX_POINT('',#13633);
#4087=VERTEX_POINT('',#13635);
#4088=VERTEX_POINT('',#13640);
#4089=VERTEX_POINT('',#13645);
#4090=VERTEX_POINT('',#13647);
#4091=VERTEX_POINT('',#13649);
#4092=VERTEX_POINT('',#13651);
#4093=VERTEX_POINT('',#13653);
#4094=VERTEX_POINT('',#13658);
#4095=VERTEX_POINT('',#13663);
#4096=VERTEX_POINT('',#13665);
#4097=VERTEX_POINT('',#13671);
#4098=VERTEX_POINT('',#13672);
#4099=VERTEX_POINT('',#13964);
#4100=VERTEX_POINT('',#13965);
#4101=VERTEX_POINT('',#13967);
#4102=VERTEX_POINT('',#13969);
#4103=VERTEX_POINT('',#13973);
#4104=VERTEX_POINT('',#13975);
#4105=VERTEX_POINT('',#13977);
#4106=VERTEX_POINT('',#13979);
#4107=VERTEX_POINT('',#13981);
#4108=VERTEX_POINT('',#13983);
#4109=VERTEX_POINT('',#13987);
#4110=VERTEX_POINT('',#13991);
#4111=VERTEX_POINT('',#13992);
#4112=VERTEX_POINT('',#13994);
#4113=VERTEX_POINT('',#13996);
#4114=VERTEX_POINT('',#14000);
#4115=VERTEX_POINT('',#14002);
#4116=VERTEX_POINT('',#14004);
#4117=VERTEX_POINT('',#14006);
#4118=VERTEX_POINT('',#14008);
#4119=VERTEX_POINT('',#14013);
#4120=VERTEX_POINT('',#14015);
#4121=VERTEX_POINT('',#14019);
#4122=VERTEX_POINT('',#14021);
#4123=VERTEX_POINT('',#14024);
#4124=VERTEX_POINT('',#14026);
#4125=VERTEX_POINT('',#14028);
#4126=VERTEX_POINT('',#14030);
#4127=VERTEX_POINT('',#14032);
#4128=VERTEX_POINT('',#14035);
#4129=VERTEX_POINT('',#14039);
#4130=VERTEX_POINT('',#14043);
#4131=VERTEX_POINT('',#14047);
#4132=VERTEX_POINT('',#14051);
#4133=VERTEX_POINT('',#14055);
#4134=VERTEX_POINT('',#14059);
#4135=VERTEX_POINT('',#14061);
#4136=VERTEX_POINT('',#14065);
#4137=VERTEX_POINT('',#14067);
#4138=VERTEX_POINT('',#14069);
#4139=VERTEX_POINT('',#14071);
#4140=VERTEX_POINT('',#14073);
#4141=VERTEX_POINT('',#14075);
#4142=VERTEX_POINT('',#14077);
#4143=VERTEX_POINT('',#14079);
#4144=VERTEX_POINT('',#14081);
#4145=VERTEX_POINT('',#14083);
#4146=VERTEX_POINT('',#14086);
#4147=VERTEX_POINT('',#14087);
#4148=VERTEX_POINT('',#14089);
#4149=VERTEX_POINT('',#14091);
#4150=VERTEX_POINT('',#14094);
#4151=VERTEX_POINT('',#14095);
#4152=VERTEX_POINT('',#14097);
#4153=VERTEX_POINT('',#14099);
#4154=VERTEX_POINT('',#14101);
#4155=VERTEX_POINT('',#14103);
#4156=VERTEX_POINT('',#14105);
#4157=VERTEX_POINT('',#14110);
#4158=VERTEX_POINT('',#14117);
#4159=VERTEX_POINT('',#14121);
#4160=VERTEX_POINT('',#14129);
#4161=VERTEX_POINT('',#14131);
#4162=VERTEX_POINT('',#14133);
#4163=VERTEX_POINT('',#14135);
#4164=VERTEX_POINT('',#14137);
#4165=VERTEX_POINT('',#14139);
#4166=VERTEX_POINT('',#14142);
#4167=VERTEX_POINT('',#14144);
#4168=VERTEX_POINT('',#14146);
#4169=VERTEX_POINT('',#14148);
#4170=VERTEX_POINT('',#14150);
#4171=VERTEX_POINT('',#14152);
#4172=VERTEX_POINT('',#14154);
#4173=VERTEX_POINT('',#14156);
#4174=EDGE_CURVE('',#3409,#3410,#1899,.T.);
#4175=EDGE_CURVE('',#3411,#3409,#1900,.T.);
#4176=EDGE_CURVE('',#3412,#3411,#1901,.T.);
#4177=EDGE_CURVE('',#3410,#3412,#1902,.T.);
#4178=EDGE_CURVE('',#3413,#3412,#791,.T.);
#4179=EDGE_CURVE('',#3413,#3414,#1903,.T.);
#4180=EDGE_CURVE('',#3414,#3410,#792,.T.);
#4181=EDGE_CURVE('',#3411,#3415,#793,.T.);
#4182=EDGE_CURVE('',#3415,#3416,#1904,.T.);
#4183=EDGE_CURVE('',#3416,#3417,#794,.T.);
#4184=EDGE_CURVE('',#3417,#3418,#1905,.T.);
#4185=EDGE_CURVE('',#3418,#3419,#795,.T.);
#4186=EDGE_CURVE('',#3419,#3413,#1906,.T.);
#4187=EDGE_CURVE('',#3420,#3420,#796,.T.);
#4188=EDGE_CURVE('',#3421,#3421,#797,.T.);
#4189=EDGE_CURVE('',#3422,#3422,#798,.T.);
#4190=EDGE_CURVE('',#3423,#3423,#799,.T.);
#4191=EDGE_CURVE('',#3424,#3424,#800,.T.);
#4192=EDGE_CURVE('',#3425,#3425,#801,.T.);
#4193=EDGE_CURVE('',#3426,#3426,#802,.T.);
#4194=EDGE_CURVE('',#3427,#3427,#803,.T.);
#4195=EDGE_CURVE('',#3428,#3428,#804,.T.);
#4196=EDGE_CURVE('',#3429,#3429,#805,.T.);
#4197=EDGE_CURVE('',#3430,#3430,#806,.T.);
#4198=EDGE_CURVE('',#3431,#3431,#807,.T.);
#4199=EDGE_CURVE('',#3432,#3432,#808,.T.);
#4200=EDGE_CURVE('',#3433,#3433,#809,.T.);
#4201=EDGE_CURVE('',#3434,#3434,#810,.T.);
#4202=EDGE_CURVE('',#3435,#3435,#811,.T.);
#4203=EDGE_CURVE('',#3436,#3436,#812,.T.);
#4204=EDGE_CURVE('',#3437,#3437,#813,.T.);
#4205=EDGE_CURVE('',#3438,#3438,#814,.T.);
#4206=EDGE_CURVE('',#3439,#3439,#815,.T.);
#4207=EDGE_CURVE('',#3440,#3440,#816,.T.);
#4208=EDGE_CURVE('',#3441,#3441,#817,.T.);
#4209=EDGE_CURVE('',#3419,#3442,#1907,.T.);
#4210=EDGE_CURVE('',#3442,#3414,#1908,.T.);
#4211=EDGE_CURVE('',#3409,#3443,#818,.T.);
#4212=EDGE_CURVE('',#3415,#3443,#1909,.T.);
#4213=EDGE_CURVE('',#3443,#3444,#1910,.T.);
#4214=EDGE_CURVE('',#3416,#3444,#1911,.T.);
#4215=EDGE_CURVE('',#3444,#3445,#819,.T.);
#4216=EDGE_CURVE('',#3417,#3445,#1912,.T.);
#4217=EDGE_CURVE('',#3445,#3446,#1913,.T.);
#4218=EDGE_CURVE('',#3418,#3446,#1914,.T.);
#4219=EDGE_CURVE('',#3446,#3442,#820,.T.);
#4220=EDGE_CURVE('',#3447,#3447,#821,.T.);
#4221=EDGE_CURVE('',#3447,#3441,#1915,.T.);
#4222=EDGE_CURVE('',#3448,#3448,#822,.T.);
#4223=EDGE_CURVE('',#3448,#3440,#1916,.T.);
#4224=EDGE_CURVE('',#3449,#3449,#823,.T.);
#4225=EDGE_CURVE('',#3449,#3439,#1917,.T.);
#4226=EDGE_CURVE('',#3450,#3450,#824,.T.);
#4227=EDGE_CURVE('',#3450,#3438,#1918,.T.);
#4228=EDGE_CURVE('',#3451,#3451,#825,.T.);
#4229=EDGE_CURVE('',#3451,#3437,#1919,.T.);
#4230=EDGE_CURVE('',#3452,#3452,#826,.T.);
#4231=EDGE_CURVE('',#3452,#3436,#1920,.T.);
#4232=EDGE_CURVE('',#3453,#3453,#827,.T.);
#4233=EDGE_CURVE('',#3453,#3435,#1921,.T.);
#4234=EDGE_CURVE('',#3454,#3454,#828,.T.);
#4235=EDGE_CURVE('',#3454,#3434,#1922,.T.);
#4236=EDGE_CURVE('',#3455,#3455,#829,.T.);
#4237=EDGE_CURVE('',#3455,#3433,#1923,.T.);
#4238=EDGE_CURVE('',#3456,#3456,#830,.T.);
#4239=EDGE_CURVE('',#3456,#3432,#1924,.T.);
#4240=EDGE_CURVE('',#3457,#3457,#831,.T.);
#4241=EDGE_CURVE('',#3457,#3431,#1925,.T.);
#4242=EDGE_CURVE('',#3458,#3458,#832,.T.);
#4243=EDGE_CURVE('',#3458,#3430,#1926,.T.);
#4244=EDGE_CURVE('',#3459,#3459,#833,.T.);
#4245=EDGE_CURVE('',#3459,#3429,#1927,.T.);
#4246=EDGE_CURVE('',#3460,#3460,#834,.T.);
#4247=EDGE_CURVE('',#3460,#3428,#1928,.T.);
#4248=EDGE_CURVE('',#3461,#3461,#835,.T.);
#4249=EDGE_CURVE('',#3461,#3427,#1929,.T.);
#4250=EDGE_CURVE('',#3462,#3462,#836,.T.);
#4251=EDGE_CURVE('',#3462,#3426,#1930,.T.);
#4252=EDGE_CURVE('',#3463,#3463,#837,.T.);
#4253=EDGE_CURVE('',#3463,#3425,#1931,.T.);
#4254=EDGE_CURVE('',#3464,#3464,#838,.T.);
#4255=EDGE_CURVE('',#3464,#3424,#1932,.T.);
#4256=EDGE_CURVE('',#3465,#3465,#839,.T.);
#4257=EDGE_CURVE('',#3465,#3423,#1933,.T.);
#4258=EDGE_CURVE('',#3466,#3466,#840,.T.);
#4259=EDGE_CURVE('',#3466,#3422,#1934,.T.);
#4260=EDGE_CURVE('',#3467,#3467,#841,.T.);
#4261=EDGE_CURVE('',#3467,#3421,#1935,.T.);
#4262=EDGE_CURVE('',#3468,#3468,#842,.T.);
#4263=EDGE_CURVE('',#3468,#3420,#1936,.T.);
#4264=EDGE_CURVE('',#3469,#3470,#843,.T.);
#4265=EDGE_CURVE('',#3469,#3471,#844,.T.);
#4266=EDGE_CURVE('',#3472,#3471,#845,.T.);
#4267=EDGE_CURVE('',#3470,#3472,#846,.T.);
#4268=EDGE_CURVE('',#3473,#3473,#847,.T.);
#4269=EDGE_CURVE('',#3473,#3470,#1937,.T.);
#4270=EDGE_CURVE('',#3470,#3469,#848,.T.);
#4271=EDGE_CURVE('',#3474,#3474,#849,.T.);
#4272=EDGE_CURVE('',#3474,#3475,#1938,.T.);
#4273=EDGE_CURVE('',#3475,#3475,#850,.T.);
#4274=EDGE_CURVE('',#3476,#3476,#851,.T.);
#4275=EDGE_CURVE('',#3476,#3477,#1939,.T.);
#4276=EDGE_CURVE('',#3477,#3477,#852,.T.);
#4277=EDGE_CURVE('',#3478,#3479,#1940,.T.);
#4278=EDGE_CURVE('',#3480,#3478,#853,.T.);
#4279=EDGE_CURVE('',#3481,#3480,#1941,.T.);
#4280=EDGE_CURVE('',#3481,#3479,#854,.T.);
#4281=EDGE_CURVE('',#3482,#3483,#1942,.T.);
#4282=EDGE_CURVE('',#3483,#3484,#855,.T.);
#4283=EDGE_CURVE('',#3484,#3485,#1943,.T.);
#4284=EDGE_CURVE('',#3485,#3486,#1944,.T.);
#4285=EDGE_CURVE('',#3486,#3487,#1945,.T.);
#4286=EDGE_CURVE('',#3487,#3488,#856,.T.);
#4287=EDGE_CURVE('',#3488,#3489,#1946,.T.);
#4288=EDGE_CURVE('',#3489,#3490,#1947,.T.);
#4289=EDGE_CURVE('',#3490,#3491,#1948,.T.);
#4290=EDGE_CURVE('',#3491,#3492,#1949,.T.);
#4291=EDGE_CURVE('',#3492,#3493,#1950,.T.);
#4292=EDGE_CURVE('',#3493,#3494,#1951,.T.);
#4293=EDGE_CURVE('',#3494,#3495,#1952,.T.);
#4294=EDGE_CURVE('',#3495,#3496,#1953,.T.);
#4295=EDGE_CURVE('',#3496,#3497,#1954,.T.);
#4296=EDGE_CURVE('',#3497,#3498,#1955,.T.);
#4297=EDGE_CURVE('',#3498,#3499,#1956,.T.);
#4298=EDGE_CURVE('',#3499,#3500,#1957,.T.);
#4299=EDGE_CURVE('',#3500,#3501,#1958,.T.);
#4300=EDGE_CURVE('',#3501,#3502,#1959,.T.);
#4301=EDGE_CURVE('',#3502,#3503,#1960,.T.);
#4302=EDGE_CURVE('',#3503,#3504,#1961,.T.);
#4303=EDGE_CURVE('',#3504,#3505,#1962,.T.);
#4304=EDGE_CURVE('',#3505,#3506,#1963,.T.);
#4305=EDGE_CURVE('',#3506,#3507,#1964,.T.);
#4306=EDGE_CURVE('',#3507,#3508,#1965,.T.);
#4307=EDGE_CURVE('',#3508,#3509,#1966,.T.);
#4308=EDGE_CURVE('',#3509,#3510,#1967,.T.);
#4309=EDGE_CURVE('',#3510,#3511,#1968,.T.);
#4310=EDGE_CURVE('',#3511,#3512,#1969,.T.);
#4311=EDGE_CURVE('',#3512,#3513,#1970,.T.);
#4312=EDGE_CURVE('',#3513,#3514,#1971,.T.);
#4313=EDGE_CURVE('',#3514,#3515,#1972,.T.);
#4314=EDGE_CURVE('',#3515,#3516,#1973,.T.);
#4315=EDGE_CURVE('',#3516,#3517,#1974,.T.);
#4316=EDGE_CURVE('',#3517,#3518,#1975,.T.);
#4317=EDGE_CURVE('',#3518,#3519,#1976,.T.);
#4318=EDGE_CURVE('',#3519,#3520,#1977,.T.);
#4319=EDGE_CURVE('',#3520,#3521,#1978,.T.);
#4320=EDGE_CURVE('',#3521,#3482,#1979,.T.);
#4321=EDGE_CURVE('',#3522,#3523,#1980,.T.);
#4322=EDGE_CURVE('',#3522,#3524,#857,.T.);
#4323=EDGE_CURVE('',#3525,#3524,#1981,.T.);
#4324=EDGE_CURVE('',#3525,#3526,#858,.T.);
#4325=EDGE_CURVE('',#3527,#3526,#1982,.T.);
#4326=EDGE_CURVE('',#3527,#3528,#859,.T.);
#4327=EDGE_CURVE('',#3529,#3528,#1983,.T.);
#4328=EDGE_CURVE('',#3529,#3530,#860,.T.);
#4329=EDGE_CURVE('',#3531,#3530,#1984,.T.);
#4330=EDGE_CURVE('',#3531,#3532,#861,.T.);
#4331=EDGE_CURVE('',#3533,#3532,#1985,.T.);
#4332=EDGE_CURVE('',#3533,#3523,#862,.T.);
#4333=EDGE_CURVE('',#3534,#3535,#1986,.T.);
#4334=EDGE_CURVE('',#3536,#3534,#1987,.T.);
#4335=EDGE_CURVE('',#3537,#3536,#1988,.T.);
#4336=EDGE_CURVE('',#3535,#3537,#1989,.T.);
#4337=EDGE_CURVE('',#3538,#3539,#1990,.T.);
#4338=EDGE_CURVE('',#3539,#3540,#1991,.T.);
#4339=EDGE_CURVE('',#3540,#3541,#1992,.T.);
#4340=EDGE_CURVE('',#3541,#3542,#199,.T.);
#4341=EDGE_CURVE('',#3542,#3543,#1993,.T.);
#4342=EDGE_CURVE('',#3543,#3538,#200,.T.);
#4343=EDGE_CURVE('',#3544,#3545,#1994,.T.);
#4344=EDGE_CURVE('',#3546,#3544,#1995,.T.);
#4345=EDGE_CURVE('',#3547,#3546,#1996,.T.);
#4346=EDGE_CURVE('',#3548,#3547,#863,.T.);
#4347=EDGE_CURVE('',#3549,#3548,#1997,.T.);
#4348=EDGE_CURVE('',#3550,#3549,#1998,.T.);
#4349=EDGE_CURVE('',#3551,#3550,#1999,.T.);
#4350=EDGE_CURVE('',#3552,#3551,#864,.T.);
#4351=EDGE_CURVE('',#3553,#3552,#2000,.T.);
#4352=EDGE_CURVE('',#3554,#3553,#2001,.T.);
#4353=EDGE_CURVE('',#3555,#3554,#2002,.T.);
#4354=EDGE_CURVE('',#3556,#3555,#2003,.T.);
#4355=EDGE_CURVE('',#3557,#3556,#2004,.T.);
#4356=EDGE_CURVE('',#3558,#3557,#2005,.T.);
#4357=EDGE_CURVE('',#3559,#3558,#2006,.T.);
#4358=EDGE_CURVE('',#3560,#3559,#2007,.T.);
#4359=EDGE_CURVE('',#3561,#3560,#2008,.T.);
#4360=EDGE_CURVE('',#3562,#3561,#2009,.T.);
#4361=EDGE_CURVE('',#3563,#3562,#2010,.T.);
#4362=EDGE_CURVE('',#3564,#3563,#2011,.T.);
#4363=EDGE_CURVE('',#3565,#3564,#2012,.T.);
#4364=EDGE_CURVE('',#3566,#3565,#2013,.T.);
#4365=EDGE_CURVE('',#3567,#3566,#2014,.T.);
#4366=EDGE_CURVE('',#3568,#3567,#2015,.T.);
#4367=EDGE_CURVE('',#3569,#3568,#2016,.T.);
#4368=EDGE_CURVE('',#3570,#3569,#2017,.T.);
#4369=EDGE_CURVE('',#3571,#3570,#2018,.T.);
#4370=EDGE_CURVE('',#3572,#3571,#2019,.T.);
#4371=EDGE_CURVE('',#3573,#3572,#2020,.T.);
#4372=EDGE_CURVE('',#3574,#3573,#2021,.T.);
#4373=EDGE_CURVE('',#3575,#3574,#2022,.T.);
#4374=EDGE_CURVE('',#3576,#3575,#2023,.T.);
#4375=EDGE_CURVE('',#3577,#3576,#2024,.T.);
#4376=EDGE_CURVE('',#3578,#3577,#2025,.T.);
#4377=EDGE_CURVE('',#3579,#3578,#2026,.T.);
#4378=EDGE_CURVE('',#3580,#3579,#2027,.T.);
#4379=EDGE_CURVE('',#3581,#3580,#2028,.T.);
#4380=EDGE_CURVE('',#3582,#3581,#2029,.T.);
#4381=EDGE_CURVE('',#3583,#3582,#2030,.T.);
#4382=EDGE_CURVE('',#3545,#3583,#2031,.T.);
#4383=EDGE_CURVE('',#3584,#3585,#2032,.T.);
#4384=EDGE_CURVE('',#3585,#3586,#2033,.T.);
#4385=EDGE_CURVE('',#3586,#3587,#2034,.T.);
#4386=EDGE_CURVE('',#3587,#3588,#2035,.T.);
#4387=EDGE_CURVE('',#3588,#3589,#2036,.T.);
#4388=EDGE_CURVE('',#3589,#3584,#2037,.T.);
#4389=EDGE_CURVE('',#3590,#3591,#201,.T.);
#4390=EDGE_CURVE('',#3591,#3592,#2038,.T.);
#4391=EDGE_CURVE('',#3592,#3593,#202,.T.);
#4392=EDGE_CURVE('',#3593,#3594,#203,.T.);
#4393=EDGE_CURVE('',#3594,#3595,#204,.T.);
#4394=EDGE_CURVE('',#3595,#3596,#205,.T.);
#4395=EDGE_CURVE('',#3596,#3597,#2039,.T.);
#4396=EDGE_CURVE('',#3597,#3598,#206,.T.);
#4397=EDGE_CURVE('',#3598,#3599,#207,.T.);
#4398=EDGE_CURVE('',#3599,#3590,#208,.T.);
#4399=EDGE_CURVE('',#3600,#3601,#2040,.T.);
#4400=EDGE_CURVE('',#3601,#3602,#2041,.T.);
#4401=EDGE_CURVE('',#3602,#3603,#2042,.T.);
#4402=EDGE_CURVE('',#3603,#3604,#2043,.T.);
#4403=EDGE_CURVE('',#3604,#3605,#2044,.T.);
#4404=EDGE_CURVE('',#3605,#3606,#2045,.T.);
#4405=EDGE_CURVE('',#3606,#3607,#2046,.T.);
#4406=EDGE_CURVE('',#3607,#3608,#2047,.T.);
#4407=EDGE_CURVE('',#3608,#3609,#2048,.T.);
#4408=EDGE_CURVE('',#3609,#3610,#2049,.T.);
#4409=EDGE_CURVE('',#3610,#3611,#2050,.T.);
#4410=EDGE_CURVE('',#3611,#3600,#2051,.T.);
#4411=EDGE_CURVE('',#3612,#3613,#209,.T.);
#4412=EDGE_CURVE('',#3613,#3614,#2052,.T.);
#4413=EDGE_CURVE('',#3614,#3615,#2053,.T.);
#4414=EDGE_CURVE('',#3615,#3616,#2054,.T.);
#4415=EDGE_CURVE('',#3616,#3612,#210,.T.);
#4416=EDGE_CURVE('',#3617,#3618,#2055,.T.);
#4417=EDGE_CURVE('',#3618,#3619,#2056,.T.);
#4418=EDGE_CURVE('',#3619,#3620,#2057,.T.);
#4419=EDGE_CURVE('',#3620,#3621,#2058,.T.);
#4420=EDGE_CURVE('',#3621,#3622,#2059,.T.);
#4421=EDGE_CURVE('',#3622,#3623,#2060,.T.);
#4422=EDGE_CURVE('',#3623,#3624,#2061,.T.);
#4423=EDGE_CURVE('',#3624,#3617,#2062,.T.);
#4424=EDGE_CURVE('',#3625,#3626,#211,.T.);
#4425=EDGE_CURVE('',#3626,#3627,#2063,.T.);
#4426=EDGE_CURVE('',#3627,#3628,#2064,.T.);
#4427=EDGE_CURVE('',#3628,#3629,#2065,.T.);
#4428=EDGE_CURVE('',#3629,#3625,#212,.T.);
#4429=EDGE_CURVE('',#3548,#3478,#2066,.T.);
#4430=EDGE_CURVE('',#3487,#3479,#2067,.T.);
#4431=EDGE_CURVE('',#3486,#3549,#2068,.T.);
#4432=EDGE_CURVE('',#3557,#3630,#2069,.T.);
#4433=EDGE_CURVE('',#3630,#3631,#2070,.T.);
#4434=EDGE_CURVE('',#3518,#3631,#2071,.T.);
#4435=EDGE_CURVE('',#3632,#3517,#2072,.T.);
#4436=EDGE_CURVE('',#3632,#3633,#2073,.T.);
#4437=EDGE_CURVE('',#3633,#3558,#2074,.T.);
#4438=EDGE_CURVE('',#3561,#3634,#2075,.T.);
#4439=EDGE_CURVE('',#3634,#3635,#2076,.T.);
#4440=EDGE_CURVE('',#3514,#3635,#2077,.T.);
#4441=EDGE_CURVE('',#3636,#3513,#2078,.T.);
#4442=EDGE_CURVE('',#3636,#3637,#2079,.T.);
#4443=EDGE_CURVE('',#3637,#3562,#2080,.T.);
#4444=EDGE_CURVE('',#3565,#3638,#2081,.T.);
#4445=EDGE_CURVE('',#3638,#3639,#2082,.T.);
#4446=EDGE_CURVE('',#3510,#3639,#2083,.T.);
#4447=EDGE_CURVE('',#3640,#3509,#2084,.T.);
#4448=EDGE_CURVE('',#3640,#3641,#2085,.T.);
#4449=EDGE_CURVE('',#3641,#3566,#2086,.T.);
#4450=EDGE_CURVE('',#3569,#3642,#2087,.T.);
#4451=EDGE_CURVE('',#3642,#3643,#2088,.T.);
#4452=EDGE_CURVE('',#3506,#3643,#2089,.T.);
#4453=EDGE_CURVE('',#3644,#3505,#2090,.T.);
#4454=EDGE_CURVE('',#3644,#3645,#2091,.T.);
#4455=EDGE_CURVE('',#3645,#3570,#2092,.T.);
#4456=EDGE_CURVE('',#3573,#3646,#2093,.T.);
#4457=EDGE_CURVE('',#3646,#3647,#2094,.T.);
#4458=EDGE_CURVE('',#3502,#3647,#2095,.T.);
#4459=EDGE_CURVE('',#3648,#3501,#2096,.T.);
#4460=EDGE_CURVE('',#3648,#3649,#2097,.T.);
#4461=EDGE_CURVE('',#3649,#3574,#2098,.T.);
#4462=EDGE_CURVE('',#3577,#3650,#2099,.T.);
#4463=EDGE_CURVE('',#3650,#3651,#2100,.T.);
#4464=EDGE_CURVE('',#3498,#3651,#2101,.T.);
#4465=EDGE_CURVE('',#3652,#3497,#2102,.T.);
#4466=EDGE_CURVE('',#3652,#3653,#2103,.T.);
#4467=EDGE_CURVE('',#3653,#3578,#2104,.T.);
#4468=EDGE_CURVE('',#3581,#3654,#2105,.T.);
#4469=EDGE_CURVE('',#3654,#3655,#2106,.T.);
#4470=EDGE_CURVE('',#3494,#3655,#2107,.T.);
#4471=EDGE_CURVE('',#3656,#3493,#2108,.T.);
#4472=EDGE_CURVE('',#3656,#3657,#2109,.T.);
#4473=EDGE_CURVE('',#3657,#3582,#2110,.T.);
#4474=EDGE_CURVE('',#3544,#3658,#2111,.T.);
#4475=EDGE_CURVE('',#3658,#3659,#2112,.T.);
#4476=EDGE_CURVE('',#3490,#3659,#2113,.T.);
#4477=EDGE_CURVE('',#3489,#3546,#2114,.T.);
#4478=EDGE_CURVE('',#3552,#3660,#2115,.T.);
#4479=EDGE_CURVE('',#3660,#3661,#2116,.T.);
#4480=EDGE_CURVE('',#3483,#3661,#2117,.T.);
#4481=EDGE_CURVE('',#3482,#3553,#2118,.T.);
#4482=EDGE_CURVE('',#3657,#3658,#865,.T.);
#4483=EDGE_CURVE('',#3653,#3654,#866,.T.);
#4484=EDGE_CURVE('',#3649,#3650,#867,.T.);
#4485=EDGE_CURVE('',#3645,#3646,#868,.T.);
#4486=EDGE_CURVE('',#3641,#3642,#869,.T.);
#4487=EDGE_CURVE('',#3637,#3638,#870,.T.);
#4488=EDGE_CURVE('',#3633,#3634,#871,.T.);
#4489=EDGE_CURVE('',#3662,#3554,#2119,.T.);
#4490=EDGE_CURVE('',#3662,#3630,#872,.T.);
#4491=EDGE_CURVE('',#3663,#3551,#2120,.T.);
#4492=EDGE_CURVE('',#3663,#3660,#873,.T.);
#4493=EDGE_CURVE('',#3664,#3661,#874,.T.);
#4494=EDGE_CURVE('',#3664,#3484,#2121,.T.);
#4495=EDGE_CURVE('',#3481,#3488,#2122,.T.);
#4496=EDGE_CURVE('',#3665,#3631,#875,.T.);
#4497=EDGE_CURVE('',#3665,#3521,#2123,.T.);
#4498=EDGE_CURVE('',#3632,#3635,#876,.T.);
#4499=EDGE_CURVE('',#3636,#3639,#877,.T.);
#4500=EDGE_CURVE('',#3640,#3643,#878,.T.);
#4501=EDGE_CURVE('',#3644,#3647,#879,.T.);
#4502=EDGE_CURVE('',#3648,#3651,#880,.T.);
#4503=EDGE_CURVE('',#3652,#3655,#881,.T.);
#4504=EDGE_CURVE('',#3480,#3547,#2124,.T.);
#4505=EDGE_CURVE('',#3665,#3662,#2125,.T.);
#4506=EDGE_CURVE('',#3664,#3663,#2126,.T.);
#4507=EDGE_CURVE('',#3485,#3550,#2127,.T.);
#4508=EDGE_CURVE('',#3656,#3659,#882,.T.);
#4509=EDGE_CURVE('',#3666,#3667,#2128,.T.);
#4510=EDGE_CURVE('',#3667,#3531,#2129,.T.);
#4511=EDGE_CURVE('',#3530,#3666,#2130,.T.);
#4512=EDGE_CURVE('',#3668,#3669,#2131,.T.);
#4513=EDGE_CURVE('',#3669,#3529,#2132,.T.);
#4514=EDGE_CURVE('',#3528,#3668,#2133,.T.);
#4515=EDGE_CURVE('',#3526,#3670,#2134,.T.);
#4516=EDGE_CURVE('',#3670,#3671,#2135,.T.);
#4517=EDGE_CURVE('',#3671,#3527,#2136,.T.);
#4518=EDGE_CURVE('',#3524,#3672,#2137,.T.);
#4519=EDGE_CURVE('',#3672,#3673,#2138,.T.);
#4520=EDGE_CURVE('',#3673,#3525,#2139,.T.);
#4521=EDGE_CURVE('',#3523,#3674,#2140,.T.);
#4522=EDGE_CURVE('',#3674,#3675,#2141,.T.);
#4523=EDGE_CURVE('',#3675,#3522,#2142,.T.);
#4524=EDGE_CURVE('',#3532,#3676,#2143,.T.);
#4525=EDGE_CURVE('',#3676,#3677,#2144,.T.);
#4526=EDGE_CURVE('',#3677,#3533,#2145,.T.);
#4527=EDGE_CURVE('',#3678,#3679,#883,.T.);
#4528=EDGE_CURVE('',#3678,#3680,#2146,.T.);
#4529=EDGE_CURVE('',#3680,#3681,#2147,.T.);
#4530=EDGE_CURVE('',#3681,#3682,#2148,.T.);
#4531=EDGE_CURVE('',#3682,#3683,#2149,.T.);
#4532=EDGE_CURVE('',#3683,#3684,#2150,.T.);
#4533=EDGE_CURVE('',#3684,#3679,#2151,.T.);
#4534=EDGE_CURVE('',#3670,#3673,#884,.T.);
#4535=EDGE_CURVE('',#3671,#3683,#885,.T.);
#4536=EDGE_CURVE('',#3684,#3670,#886,.T.);
#4537=EDGE_CURVE('',#3668,#3671,#887,.T.);
#4538=EDGE_CURVE('',#3684,#3673,#888,.T.);
#4539=EDGE_CURVE('',#3668,#3683,#889,.T.);
#4540=EDGE_CURVE('',#3672,#3675,#890,.T.);
#4541=EDGE_CURVE('',#3679,#3672,#891,.T.);
#4542=EDGE_CURVE('',#3669,#3682,#892,.T.);
#4543=EDGE_CURVE('',#3666,#3669,#893,.T.);
#4544=EDGE_CURVE('',#3678,#3675,#894,.T.);
#4545=EDGE_CURVE('',#3666,#3682,#895,.T.);
#4546=EDGE_CURVE('',#3674,#3677,#896,.T.);
#4547=EDGE_CURVE('',#3680,#3674,#897,.T.);
#4548=EDGE_CURVE('',#3667,#3681,#898,.T.);
#4549=EDGE_CURVE('',#3676,#3667,#899,.T.);
#4550=EDGE_CURVE('',#3680,#3677,#900,.T.);
#4551=EDGE_CURVE('',#3676,#3681,#901,.T.);
#4552=EDGE_CURVE('',#3685,#3534,#2152,.T.);
#4553=EDGE_CURVE('',#3686,#3685,#2153,.T.);
#4554=EDGE_CURVE('',#3686,#3536,#2154,.T.);
#4555=EDGE_CURVE('',#3687,#3535,#2155,.T.);
#4556=EDGE_CURVE('',#3685,#3687,#2156,.T.);
#4557=EDGE_CURVE('',#3688,#3537,#2157,.T.);
#4558=EDGE_CURVE('',#3687,#3688,#2158,.T.);
#4559=EDGE_CURVE('',#3688,#3686,#2159,.T.);
#4560=EDGE_CURVE('',#3471,#3472,#902,.T.);
#4561=EDGE_CURVE('',#3689,#3690,#2160,.T.);
#4562=EDGE_CURVE('',#3691,#3690,#2161,.T.);
#4563=EDGE_CURVE('',#3692,#3691,#2162,.T.);
#4564=EDGE_CURVE('',#3692,#3689,#2163,.T.);
#4565=EDGE_CURVE('',#3690,#3693,#2164,.T.);
#4566=EDGE_CURVE('',#3694,#3693,#2165,.T.);
#4567=EDGE_CURVE('',#3691,#3694,#2166,.T.);
#4568=EDGE_CURVE('',#3693,#3695,#2167,.T.);
#4569=EDGE_CURVE('',#3696,#3695,#2168,.T.);
#4570=EDGE_CURVE('',#3694,#3696,#2169,.T.);
#4571=EDGE_CURVE('',#3695,#3697,#2170,.T.);
#4572=EDGE_CURVE('',#3698,#3697,#2171,.T.);
#4573=EDGE_CURVE('',#3696,#3698,#2172,.T.);
#4574=EDGE_CURVE('',#3697,#3699,#2173,.T.);
#4575=EDGE_CURVE('',#3700,#3699,#2174,.T.);
#4576=EDGE_CURVE('',#3698,#3700,#2175,.T.);
#4577=EDGE_CURVE('',#3699,#3689,#2176,.T.);
#4578=EDGE_CURVE('',#3700,#3692,#2177,.T.);
#4579=EDGE_CURVE('',#3701,#3702,#2178,.T.);
#4580=EDGE_CURVE('',#3702,#3703,#213,.T.);
#4581=EDGE_CURVE('',#3704,#3703,#2179,.T.);
#4582=EDGE_CURVE('',#3701,#3704,#214,.T.);
#4583=EDGE_CURVE('',#3703,#3705,#2180,.T.);
#4584=EDGE_CURVE('',#3706,#3705,#2181,.T.);
#4585=EDGE_CURVE('',#3704,#3706,#2182,.T.);
#4586=EDGE_CURVE('',#3705,#3707,#11,.T.);
#4587=EDGE_CURVE('',#3708,#3707,#2183,.T.);
#4588=EDGE_CURVE('',#3706,#3708,#12,.T.);
#4589=EDGE_CURVE('',#3707,#3709,#13,.T.);
#4590=EDGE_CURVE('',#3710,#3709,#2184,.T.);
#4591=EDGE_CURVE('',#3708,#3710,#14,.T.);
#4592=EDGE_CURVE('',#3709,#3711,#215,.T.);
#4593=EDGE_CURVE('',#3712,#3711,#2185,.T.);
#4594=EDGE_CURVE('',#3710,#3712,#216,.T.);
#4595=EDGE_CURVE('',#3711,#3713,#217,.T.);
#4596=EDGE_CURVE('',#3714,#3713,#2186,.T.);
#4597=EDGE_CURVE('',#3712,#3714,#218,.T.);
#4598=EDGE_CURVE('',#3713,#3715,#219,.T.);
#4599=EDGE_CURVE('',#3716,#3715,#2187,.T.);
#4600=EDGE_CURVE('',#3714,#3716,#220,.T.);
#4601=EDGE_CURVE('',#3715,#3717,#221,.T.);
#4602=EDGE_CURVE('',#3718,#3717,#2188,.T.);
#4603=EDGE_CURVE('',#3716,#3718,#222,.T.);
#4604=EDGE_CURVE('',#3717,#3719,#2189,.T.);
#4605=EDGE_CURVE('',#3720,#3719,#2190,.T.);
#4606=EDGE_CURVE('',#3718,#3720,#2191,.T.);
#4607=EDGE_CURVE('',#3719,#3721,#15,.T.);
#4608=EDGE_CURVE('',#3722,#3721,#2192,.T.);
#4609=EDGE_CURVE('',#3720,#3722,#16,.T.);
#4610=EDGE_CURVE('',#3721,#3723,#223,.T.);
#4611=EDGE_CURVE('',#3724,#3723,#2193,.T.);
#4612=EDGE_CURVE('',#3722,#3724,#224,.T.);
#4613=EDGE_CURVE('',#3723,#3725,#225,.T.);
#4614=EDGE_CURVE('',#3726,#3725,#2194,.T.);
#4615=EDGE_CURVE('',#3724,#3726,#226,.T.);
#4616=EDGE_CURVE('',#3725,#3727,#17,.T.);
#4617=EDGE_CURVE('',#3728,#3727,#2195,.T.);
#4618=EDGE_CURVE('',#3726,#3728,#18,.T.);
#4619=EDGE_CURVE('',#3727,#3702,#227,.T.);
#4620=EDGE_CURVE('',#3728,#3701,#228,.T.);
#4621=EDGE_CURVE('',#3729,#3730,#2196,.T.);
#4622=EDGE_CURVE('',#3731,#3730,#2197,.T.);
#4623=EDGE_CURVE('',#3732,#3731,#2198,.T.);
#4624=EDGE_CURVE('',#3732,#3729,#2199,.T.);
#4625=EDGE_CURVE('',#3730,#3733,#2200,.T.);
#4626=EDGE_CURVE('',#3734,#3733,#2201,.T.);
#4627=EDGE_CURVE('',#3731,#3734,#2202,.T.);
#4628=EDGE_CURVE('',#3733,#3735,#2203,.T.);
#4629=EDGE_CURVE('',#3736,#3735,#2204,.T.);
#4630=EDGE_CURVE('',#3734,#3736,#2205,.T.);
#4631=EDGE_CURVE('',#3735,#3737,#2206,.T.);
#4632=EDGE_CURVE('',#3738,#3737,#2207,.T.);
#4633=EDGE_CURVE('',#3736,#3738,#2208,.T.);
#4634=EDGE_CURVE('',#3737,#3739,#2209,.T.);
#4635=EDGE_CURVE('',#3740,#3739,#2210,.T.);
#4636=EDGE_CURVE('',#3738,#3740,#2211,.T.);
#4637=EDGE_CURVE('',#3739,#3741,#2212,.T.);
#4638=EDGE_CURVE('',#3742,#3741,#2213,.T.);
#4639=EDGE_CURVE('',#3740,#3742,#2214,.T.);
#4640=EDGE_CURVE('',#3741,#3743,#2215,.T.);
#4641=EDGE_CURVE('',#3744,#3743,#2216,.T.);
#4642=EDGE_CURVE('',#3742,#3744,#2217,.T.);
#4643=EDGE_CURVE('',#3743,#3745,#2218,.T.);
#4644=EDGE_CURVE('',#3746,#3745,#2219,.T.);
#4645=EDGE_CURVE('',#3744,#3746,#2220,.T.);
#4646=EDGE_CURVE('',#3745,#3747,#2221,.T.);
#4647=EDGE_CURVE('',#3748,#3747,#2222,.T.);
#4648=EDGE_CURVE('',#3746,#3748,#2223,.T.);
#4649=EDGE_CURVE('',#3747,#3749,#2224,.T.);
#4650=EDGE_CURVE('',#3750,#3749,#2225,.T.);
#4651=EDGE_CURVE('',#3748,#3750,#2226,.T.);
#4652=EDGE_CURVE('',#3749,#3751,#2227,.T.);
#4653=EDGE_CURVE('',#3752,#3751,#2228,.T.);
#4654=EDGE_CURVE('',#3750,#3752,#2229,.T.);
#4655=EDGE_CURVE('',#3751,#3729,#2230,.T.);
#4656=EDGE_CURVE('',#3752,#3732,#2231,.T.);
#4657=EDGE_CURVE('',#3753,#3754,#2232,.T.);
#4658=EDGE_CURVE('',#3754,#3755,#19,.T.);
#4659=EDGE_CURVE('',#3755,#3756,#20,.T.);
#4660=EDGE_CURVE('',#3756,#3757,#229,.T.);
#4661=EDGE_CURVE('',#3757,#3758,#230,.T.);
#4662=EDGE_CURVE('',#3758,#3759,#2233,.T.);
#4663=EDGE_CURVE('',#3759,#3753,#2234,.T.);
#4664=EDGE_CURVE('',#3760,#3761,#2235,.T.);
#4665=EDGE_CURVE('',#3762,#3760,#2236,.T.);
#4666=EDGE_CURVE('',#3763,#3762,#21,.T.);
#4667=EDGE_CURVE('',#3764,#3763,#22,.T.);
#4668=EDGE_CURVE('',#3765,#3764,#23,.T.);
#4669=EDGE_CURVE('',#3766,#3765,#24,.T.);
#4670=EDGE_CURVE('',#3761,#3766,#2237,.T.);
#4671=EDGE_CURVE('',#3767,#3768,#2238,.T.);
#4672=EDGE_CURVE('',#3769,#3767,#2239,.T.);
#4673=EDGE_CURVE('',#3770,#3769,#2240,.T.);
#4674=EDGE_CURVE('',#3771,#3770,#231,.T.);
#4675=EDGE_CURVE('',#3772,#3771,#232,.T.);
#4676=EDGE_CURVE('',#3773,#3772,#25,.T.);
#4677=EDGE_CURVE('',#3768,#3773,#26,.T.);
#4678=EDGE_CURVE('',#3774,#3775,#2241,.T.);
#4679=EDGE_CURVE('',#3775,#3776,#2242,.T.);
#4680=EDGE_CURVE('',#3776,#3777,#2243,.T.);
#4681=EDGE_CURVE('',#3777,#3778,#27,.T.);
#4682=EDGE_CURVE('',#3778,#3779,#28,.T.);
#4683=EDGE_CURVE('',#3779,#3780,#29,.T.);
#4684=EDGE_CURVE('',#3780,#3774,#30,.T.);
#4685=EDGE_CURVE('',#3754,#3768,#2244,.T.);
#4686=EDGE_CURVE('',#3753,#3767,#2245,.T.);
#4687=EDGE_CURVE('',#3755,#3773,#2246,.T.);
#4688=EDGE_CURVE('',#3756,#3772,#2247,.T.);
#4689=EDGE_CURVE('',#3757,#3771,#2248,.T.);
#4690=EDGE_CURVE('',#3758,#3770,#2249,.T.);
#4691=EDGE_CURVE('',#3759,#3769,#2250,.T.);
#4692=EDGE_CURVE('',#3762,#3774,#2251,.T.);
#4693=EDGE_CURVE('',#3760,#3775,#2252,.T.);
#4694=EDGE_CURVE('',#3761,#3776,#2253,.T.);
#4695=EDGE_CURVE('',#3766,#3777,#2254,.T.);
#4696=EDGE_CURVE('',#3765,#3778,#2255,.T.);
#4697=EDGE_CURVE('',#3764,#3779,#2256,.T.);
#4698=EDGE_CURVE('',#3763,#3780,#2257,.T.);
#4699=EDGE_CURVE('',#3781,#3782,#2258,.T.);
#4700=EDGE_CURVE('',#3782,#3783,#2259,.T.);
#4701=EDGE_CURVE('',#3783,#3784,#2260,.T.);
#4702=EDGE_CURVE('',#3784,#3785,#2261,.T.);
#4703=EDGE_CURVE('',#3785,#3786,#2262,.T.);
#4704=EDGE_CURVE('',#3786,#3787,#2263,.T.);
#4705=EDGE_CURVE('',#3787,#3788,#2264,.T.);
#4706=EDGE_CURVE('',#3788,#3781,#2265,.T.);
#4707=EDGE_CURVE('',#3789,#3790,#2266,.T.);
#4708=EDGE_CURVE('',#3791,#3789,#2267,.T.);
#4709=EDGE_CURVE('',#3792,#3791,#233,.T.);
#4710=EDGE_CURVE('',#3793,#3792,#2268,.T.);
#4711=EDGE_CURVE('',#3794,#3793,#234,.T.);
#4712=EDGE_CURVE('',#3790,#3794,#2269,.T.);
#4713=EDGE_CURVE('',#3795,#3796,#2270,.T.);
#4714=EDGE_CURVE('',#3797,#3795,#2271,.T.);
#4715=EDGE_CURVE('',#3798,#3797,#2272,.T.);
#4716=EDGE_CURVE('',#3799,#3798,#2273,.T.);
#4717=EDGE_CURVE('',#3800,#3799,#2274,.T.);
#4718=EDGE_CURVE('',#3801,#3800,#2275,.T.);
#4719=EDGE_CURVE('',#3802,#3801,#2276,.T.);
#4720=EDGE_CURVE('',#3796,#3802,#2277,.T.);
#4721=EDGE_CURVE('',#3803,#3804,#2278,.T.);
#4722=EDGE_CURVE('',#3804,#3805,#2279,.T.);
#4723=EDGE_CURVE('',#3805,#3806,#2280,.T.);
#4724=EDGE_CURVE('',#3806,#3807,#235,.T.);
#4725=EDGE_CURVE('',#3807,#3808,#2281,.T.);
#4726=EDGE_CURVE('',#3808,#3803,#236,.T.);
#4727=EDGE_CURVE('',#3782,#3796,#2282,.T.);
#4728=EDGE_CURVE('',#3781,#3795,#2283,.T.);
#4729=EDGE_CURVE('',#3783,#3802,#2284,.T.);
#4730=EDGE_CURVE('',#3784,#3801,#2285,.T.);
#4731=EDGE_CURVE('',#3785,#3800,#2286,.T.);
#4732=EDGE_CURVE('',#3786,#3799,#2287,.T.);
#4733=EDGE_CURVE('',#3787,#3798,#2288,.T.);
#4734=EDGE_CURVE('',#3788,#3797,#2289,.T.);
#4735=EDGE_CURVE('',#3789,#3804,#2290,.T.);
#4736=EDGE_CURVE('',#3790,#3805,#2291,.T.);
#4737=EDGE_CURVE('',#3794,#3806,#2292,.T.);
#4738=EDGE_CURVE('',#3793,#3807,#2293,.T.);
#4739=EDGE_CURVE('',#3792,#3808,#2294,.T.);
#4740=EDGE_CURVE('',#3791,#3803,#2295,.T.);
#4741=EDGE_CURVE('',#3809,#3810,#2296,.T.);
#4742=EDGE_CURVE('',#3811,#3810,#2297,.T.);
#4743=EDGE_CURVE('',#3812,#3811,#2298,.T.);
#4744=EDGE_CURVE('',#3812,#3809,#2299,.T.);
#4745=EDGE_CURVE('',#3810,#3813,#2300,.T.);
#4746=EDGE_CURVE('',#3814,#3813,#2301,.T.);
#4747=EDGE_CURVE('',#3811,#3814,#2302,.T.);
#4748=EDGE_CURVE('',#3813,#3815,#2303,.T.);
#4749=EDGE_CURVE('',#3816,#3815,#2304,.T.);
#4750=EDGE_CURVE('',#3814,#3816,#2305,.T.);
#4751=EDGE_CURVE('',#3815,#3817,#2306,.T.);
#4752=EDGE_CURVE('',#3818,#3817,#2307,.T.);
#4753=EDGE_CURVE('',#3816,#3818,#2308,.T.);
#4754=EDGE_CURVE('',#3817,#3819,#2309,.T.);
#4755=EDGE_CURVE('',#3820,#3819,#2310,.T.);
#4756=EDGE_CURVE('',#3818,#3820,#2311,.T.);
#4757=EDGE_CURVE('',#3819,#3821,#2312,.T.);
#4758=EDGE_CURVE('',#3822,#3821,#2313,.T.);
#4759=EDGE_CURVE('',#3820,#3822,#2314,.T.);
#4760=EDGE_CURVE('',#3821,#3823,#2315,.T.);
#4761=EDGE_CURVE('',#3824,#3823,#2316,.T.);
#4762=EDGE_CURVE('',#3822,#3824,#2317,.T.);
#4763=EDGE_CURVE('',#3823,#3825,#2318,.T.);
#4764=EDGE_CURVE('',#3826,#3825,#2319,.T.);
#4765=EDGE_CURVE('',#3824,#3826,#2320,.T.);
#4766=EDGE_CURVE('',#3825,#3827,#2321,.T.);
#4767=EDGE_CURVE('',#3828,#3827,#2322,.T.);
#4768=EDGE_CURVE('',#3826,#3828,#2323,.T.);
#4769=EDGE_CURVE('',#3827,#3829,#2324,.T.);
#4770=EDGE_CURVE('',#3830,#3829,#2325,.T.);
#4771=EDGE_CURVE('',#3828,#3830,#2326,.T.);
#4772=EDGE_CURVE('',#3829,#3831,#2327,.T.);
#4773=EDGE_CURVE('',#3832,#3831,#2328,.T.);
#4774=EDGE_CURVE('',#3830,#3832,#2329,.T.);
#4775=EDGE_CURVE('',#3831,#3809,#2330,.T.);
#4776=EDGE_CURVE('',#3832,#3812,#2331,.T.);
#4777=EDGE_CURVE('',#3833,#3834,#237,.T.);
#4778=EDGE_CURVE('',#3834,#3835,#2332,.T.);
#4779=EDGE_CURVE('',#3835,#3836,#238,.T.);
#4780=EDGE_CURVE('',#3836,#3837,#31,.T.);
#4781=EDGE_CURVE('',#3837,#3838,#2333,.T.);
#4782=EDGE_CURVE('',#3838,#3839,#239,.T.);
#4783=EDGE_CURVE('',#3839,#3840,#240,.T.);
#4784=EDGE_CURVE('',#3840,#3841,#32,.T.);
#4785=EDGE_CURVE('',#3841,#3842,#33,.T.);
#4786=EDGE_CURVE('',#3842,#3843,#2334,.T.);
#4787=EDGE_CURVE('',#3843,#3844,#2335,.T.);
#4788=EDGE_CURVE('',#3844,#3845,#2336,.T.);
#4789=EDGE_CURVE('',#3845,#3846,#2337,.T.);
#4790=EDGE_CURVE('',#3846,#3833,#241,.T.);
#4791=EDGE_CURVE('',#3847,#3848,#34,.T.);
#4792=EDGE_CURVE('',#3849,#3847,#242,.T.);
#4793=EDGE_CURVE('',#3850,#3849,#2338,.T.);
#4794=EDGE_CURVE('',#3851,#3850,#2339,.T.);
#4795=EDGE_CURVE('',#3852,#3851,#243,.T.);
#4796=EDGE_CURVE('',#3853,#3852,#35,.T.);
#4797=EDGE_CURVE('',#3854,#3853,#36,.T.);
#4798=EDGE_CURVE('',#3848,#3854,#244,.T.);
#4799=EDGE_CURVE('',#3855,#3856,#245,.T.);
#4800=EDGE_CURVE('',#3857,#3855,#246,.T.);
#4801=EDGE_CURVE('',#3858,#3857,#2340,.T.);
#4802=EDGE_CURVE('',#3859,#3858,#2341,.T.);
#4803=EDGE_CURVE('',#3860,#3859,#2342,.T.);
#4804=EDGE_CURVE('',#3861,#3860,#2343,.T.);
#4805=EDGE_CURVE('',#3862,#3861,#37,.T.);
#4806=EDGE_CURVE('',#3863,#3862,#38,.T.);
#4807=EDGE_CURVE('',#3864,#3863,#247,.T.);
#4808=EDGE_CURVE('',#3865,#3864,#248,.T.);
#4809=EDGE_CURVE('',#3866,#3865,#2344,.T.);
#4810=EDGE_CURVE('',#3867,#3866,#39,.T.);
#4811=EDGE_CURVE('',#3868,#3867,#249,.T.);
#4812=EDGE_CURVE('',#3856,#3868,#2345,.T.);
#4813=EDGE_CURVE('',#3869,#3870,#250,.T.);
#4814=EDGE_CURVE('',#3870,#3871,#40,.T.);
#4815=EDGE_CURVE('',#3871,#3872,#251,.T.);
#4816=EDGE_CURVE('',#3872,#3873,#41,.T.);
#4817=EDGE_CURVE('',#3873,#3874,#42,.T.);
#4818=EDGE_CURVE('',#3874,#3875,#252,.T.);
#4819=EDGE_CURVE('',#3875,#3876,#2346,.T.);
#4820=EDGE_CURVE('',#3876,#3869,#2347,.T.);
#4821=EDGE_CURVE('',#3833,#3855,#2348,.T.);
#4822=EDGE_CURVE('',#3834,#3856,#2349,.T.);
#4823=EDGE_CURVE('',#3835,#3868,#2350,.T.);
#4824=EDGE_CURVE('',#3836,#3867,#2351,.T.);
#4825=EDGE_CURVE('',#3837,#3866,#2352,.T.);
#4826=EDGE_CURVE('',#3838,#3865,#2353,.T.);
#4827=EDGE_CURVE('',#3839,#3864,#2354,.T.);
#4828=EDGE_CURVE('',#3840,#3863,#2355,.T.);
#4829=EDGE_CURVE('',#3841,#3862,#2356,.T.);
#4830=EDGE_CURVE('',#3842,#3861,#2357,.T.);
#4831=EDGE_CURVE('',#3843,#3860,#2358,.T.);
#4832=EDGE_CURVE('',#3844,#3859,#2359,.T.);
#4833=EDGE_CURVE('',#3845,#3858,#2360,.T.);
#4834=EDGE_CURVE('',#3846,#3857,#2361,.T.);
#4835=EDGE_CURVE('',#3849,#3869,#2362,.T.);
#4836=EDGE_CURVE('',#3847,#3870,#2363,.T.);
#4837=EDGE_CURVE('',#3848,#3871,#2364,.T.);
#4838=EDGE_CURVE('',#3854,#3872,#2365,.T.);
#4839=EDGE_CURVE('',#3853,#3873,#2366,.T.);
#4840=EDGE_CURVE('',#3852,#3874,#2367,.T.);
#4841=EDGE_CURVE('',#3851,#3875,#2368,.T.);
#4842=EDGE_CURVE('',#3850,#3876,#2369,.T.);
#4843=EDGE_CURVE('',#3877,#3878,#2370,.T.);
#4844=EDGE_CURVE('',#3878,#3879,#253,.T.);
#4845=EDGE_CURVE('',#3880,#3879,#2371,.T.);
#4846=EDGE_CURVE('',#3877,#3880,#254,.T.);
#4847=EDGE_CURVE('',#3879,#3881,#2372,.T.);
#4848=EDGE_CURVE('',#3882,#3881,#2373,.T.);
#4849=EDGE_CURVE('',#3880,#3882,#2374,.T.);
#4850=EDGE_CURVE('',#3881,#3883,#43,.T.);
#4851=EDGE_CURVE('',#3884,#3883,#2375,.T.);
#4852=EDGE_CURVE('',#3882,#3884,#44,.T.);
#4853=EDGE_CURVE('',#3883,#3885,#45,.T.);
#4854=EDGE_CURVE('',#3886,#3885,#2376,.T.);
#4855=EDGE_CURVE('',#3884,#3886,#46,.T.);
#4856=EDGE_CURVE('',#3885,#3887,#47,.T.);
#4857=EDGE_CURVE('',#3888,#3887,#2377,.T.);
#4858=EDGE_CURVE('',#3886,#3888,#48,.T.);
#4859=EDGE_CURVE('',#3887,#3889,#49,.T.);
#4860=EDGE_CURVE('',#3890,#3889,#2378,.T.);
#4861=EDGE_CURVE('',#3888,#3890,#50,.T.);
#4862=EDGE_CURVE('',#3889,#3891,#51,.T.);
#4863=EDGE_CURVE('',#3892,#3891,#2379,.T.);
#4864=EDGE_CURVE('',#3890,#3892,#52,.T.);
#4865=EDGE_CURVE('',#3891,#3893,#53,.T.);
#4866=EDGE_CURVE('',#3894,#3893,#2380,.T.);
#4867=EDGE_CURVE('',#3892,#3894,#54,.T.);
#4868=EDGE_CURVE('',#3893,#3895,#255,.T.);
#4869=EDGE_CURVE('',#3896,#3895,#2381,.T.);
#4870=EDGE_CURVE('',#3894,#3896,#256,.T.);
#4871=EDGE_CURVE('',#3895,#3897,#55,.T.);
#4872=EDGE_CURVE('',#3898,#3897,#2382,.T.);
#4873=EDGE_CURVE('',#3896,#3898,#56,.T.);
#4874=EDGE_CURVE('',#3897,#3899,#257,.T.);
#4875=EDGE_CURVE('',#3900,#3899,#2383,.T.);
#4876=EDGE_CURVE('',#3898,#3900,#258,.T.);
#4877=EDGE_CURVE('',#3899,#3901,#259,.T.);
#4878=EDGE_CURVE('',#3902,#3901,#2384,.T.);
#4879=EDGE_CURVE('',#3900,#3902,#260,.T.);
#4880=EDGE_CURVE('',#3901,#3903,#2385,.T.);
#4881=EDGE_CURVE('',#3904,#3903,#2386,.T.);
#4882=EDGE_CURVE('',#3902,#3904,#2387,.T.);
#4883=EDGE_CURVE('',#3903,#3905,#261,.T.);
#4884=EDGE_CURVE('',#3906,#3905,#2388,.T.);
#4885=EDGE_CURVE('',#3904,#3906,#262,.T.);
#4886=EDGE_CURVE('',#3905,#3907,#263,.T.);
#4887=EDGE_CURVE('',#3908,#3907,#2389,.T.);
#4888=EDGE_CURVE('',#3906,#3908,#264,.T.);
#4889=EDGE_CURVE('',#3907,#3909,#265,.T.);
#4890=EDGE_CURVE('',#3910,#3909,#2390,.T.);
#4891=EDGE_CURVE('',#3908,#3910,#266,.T.);
#4892=EDGE_CURVE('',#3909,#3911,#57,.T.);
#4893=EDGE_CURVE('',#3912,#3911,#2391,.T.);
#4894=EDGE_CURVE('',#3910,#3912,#58,.T.);
#4895=EDGE_CURVE('',#3911,#3913,#59,.T.);
#4896=EDGE_CURVE('',#3914,#3913,#2392,.T.);
#4897=EDGE_CURVE('',#3912,#3914,#60,.T.);
#4898=EDGE_CURVE('',#3913,#3915,#61,.T.);
#4899=EDGE_CURVE('',#3916,#3915,#2393,.T.);
#4900=EDGE_CURVE('',#3914,#3916,#62,.T.);
#4901=EDGE_CURVE('',#3915,#3917,#267,.T.);
#4902=EDGE_CURVE('',#3918,#3917,#2394,.T.);
#4903=EDGE_CURVE('',#3916,#3918,#268,.T.);
#4904=EDGE_CURVE('',#3917,#3878,#63,.T.);
#4905=EDGE_CURVE('',#3918,#3877,#64,.T.);
#4906=EDGE_CURVE('',#3919,#3920,#2395,.T.);
#4907=EDGE_CURVE('',#3921,#3920,#2396,.T.);
#4908=EDGE_CURVE('',#3922,#3921,#2397,.T.);
#4909=EDGE_CURVE('',#3922,#3919,#2398,.T.);
#4910=EDGE_CURVE('',#3920,#3923,#2399,.T.);
#4911=EDGE_CURVE('',#3924,#3923,#2400,.T.);
#4912=EDGE_CURVE('',#3921,#3924,#2401,.T.);
#4913=EDGE_CURVE('',#3923,#3925,#269,.T.);
#4914=EDGE_CURVE('',#3926,#3925,#2402,.T.);
#4915=EDGE_CURVE('',#3924,#3926,#270,.T.);
#4916=EDGE_CURVE('',#3925,#3927,#2403,.T.);
#4917=EDGE_CURVE('',#3928,#3927,#2404,.T.);
#4918=EDGE_CURVE('',#3926,#3928,#2405,.T.);
#4919=EDGE_CURVE('',#3927,#3929,#2406,.T.);
#4920=EDGE_CURVE('',#3930,#3929,#2407,.T.);
#4921=EDGE_CURVE('',#3928,#3930,#2408,.T.);
#4922=EDGE_CURVE('',#3929,#3931,#2409,.T.);
#4923=EDGE_CURVE('',#3932,#3931,#2410,.T.);
#4924=EDGE_CURVE('',#3930,#3932,#2411,.T.);
#4925=EDGE_CURVE('',#3931,#3933,#2412,.T.);
#4926=EDGE_CURVE('',#3934,#3933,#2413,.T.);
#4927=EDGE_CURVE('',#3932,#3934,#2414,.T.);
#4928=EDGE_CURVE('',#3933,#3935,#2415,.T.);
#4929=EDGE_CURVE('',#3936,#3935,#2416,.T.);
#4930=EDGE_CURVE('',#3934,#3936,#2417,.T.);
#4931=EDGE_CURVE('',#3935,#3937,#2418,.T.);
#4932=EDGE_CURVE('',#3938,#3937,#2419,.T.);
#4933=EDGE_CURVE('',#3936,#3938,#2420,.T.);
#4934=EDGE_CURVE('',#3937,#3939,#271,.T.);
#4935=EDGE_CURVE('',#3940,#3939,#2421,.T.);
#4936=EDGE_CURVE('',#3938,#3940,#272,.T.);
#4937=EDGE_CURVE('',#3939,#3941,#273,.T.);
#4938=EDGE_CURVE('',#3942,#3941,#2422,.T.);
#4939=EDGE_CURVE('',#3940,#3942,#274,.T.);
#4940=EDGE_CURVE('',#3941,#3943,#2423,.T.);
#4941=EDGE_CURVE('',#3944,#3943,#2424,.T.);
#4942=EDGE_CURVE('',#3942,#3944,#2425,.T.);
#4943=EDGE_CURVE('',#3943,#3945,#65,.T.);
#4944=EDGE_CURVE('',#3946,#3945,#2426,.T.);
#4945=EDGE_CURVE('',#3944,#3946,#66,.T.);
#4946=EDGE_CURVE('',#3945,#3947,#275,.T.);
#4947=EDGE_CURVE('',#3948,#3947,#2427,.T.);
#4948=EDGE_CURVE('',#3946,#3948,#276,.T.);
#4949=EDGE_CURVE('',#3947,#3919,#2428,.T.);
#4950=EDGE_CURVE('',#3948,#3922,#2429,.T.);
#4951=EDGE_CURVE('',#3949,#3950,#2430,.T.);
#4952=EDGE_CURVE('',#3951,#3950,#2431,.T.);
#4953=EDGE_CURVE('',#3952,#3951,#2432,.T.);
#4954=EDGE_CURVE('',#3952,#3949,#2433,.T.);
#4955=EDGE_CURVE('',#3950,#3953,#2434,.T.);
#4956=EDGE_CURVE('',#3954,#3953,#2435,.T.);
#4957=EDGE_CURVE('',#3951,#3954,#2436,.T.);
#4958=EDGE_CURVE('',#3953,#3955,#2437,.T.);
#4959=EDGE_CURVE('',#3956,#3955,#2438,.T.);
#4960=EDGE_CURVE('',#3954,#3956,#2439,.T.);
#4961=EDGE_CURVE('',#3955,#3957,#2440,.T.);
#4962=EDGE_CURVE('',#3958,#3957,#2441,.T.);
#4963=EDGE_CURVE('',#3956,#3958,#2442,.T.);
#4964=EDGE_CURVE('',#3957,#3959,#2443,.T.);
#4965=EDGE_CURVE('',#3960,#3959,#2444,.T.);
#4966=EDGE_CURVE('',#3958,#3960,#2445,.T.);
#4967=EDGE_CURVE('',#3959,#3961,#2446,.T.);
#4968=EDGE_CURVE('',#3962,#3961,#2447,.T.);
#4969=EDGE_CURVE('',#3960,#3962,#2448,.T.);
#4970=EDGE_CURVE('',#3961,#3963,#2449,.T.);
#4971=EDGE_CURVE('',#3964,#3963,#2450,.T.);
#4972=EDGE_CURVE('',#3962,#3964,#2451,.T.);
#4973=EDGE_CURVE('',#3963,#3965,#2452,.T.);
#4974=EDGE_CURVE('',#3966,#3965,#2453,.T.);
#4975=EDGE_CURVE('',#3964,#3966,#2454,.T.);
#4976=EDGE_CURVE('',#3965,#3967,#2455,.T.);
#4977=EDGE_CURVE('',#3968,#3967,#2456,.T.);
#4978=EDGE_CURVE('',#3966,#3968,#2457,.T.);
#4979=EDGE_CURVE('',#3967,#3969,#2458,.T.);
#4980=EDGE_CURVE('',#3970,#3969,#2459,.T.);
#4981=EDGE_CURVE('',#3968,#3970,#2460,.T.);
#4982=EDGE_CURVE('',#3969,#3971,#2461,.T.);
#4983=EDGE_CURVE('',#3972,#3971,#2462,.T.);
#4984=EDGE_CURVE('',#3970,#3972,#2463,.T.);
#4985=EDGE_CURVE('',#3971,#3949,#2464,.T.);
#4986=EDGE_CURVE('',#3972,#3952,#2465,.T.);
#4987=EDGE_CURVE('',#3973,#3974,#2466,.T.);
#4988=EDGE_CURVE('',#3974,#3975,#67,.T.);
#4989=EDGE_CURVE('',#3975,#3976,#68,.T.);
#4990=EDGE_CURVE('',#3976,#3977,#277,.T.);
#4991=EDGE_CURVE('',#3977,#3978,#278,.T.);
#4992=EDGE_CURVE('',#3978,#3979,#2467,.T.);
#4993=EDGE_CURVE('',#3979,#3973,#2468,.T.);
#4994=EDGE_CURVE('',#3980,#3981,#2469,.T.);
#4995=EDGE_CURVE('',#3982,#3980,#2470,.T.);
#4996=EDGE_CURVE('',#3983,#3982,#69,.T.);
#4997=EDGE_CURVE('',#3984,#3983,#70,.T.);
#4998=EDGE_CURVE('',#3985,#3984,#71,.T.);
#4999=EDGE_CURVE('',#3986,#3985,#72,.T.);
#5000=EDGE_CURVE('',#3981,#3986,#2471,.T.);
#5001=EDGE_CURVE('',#3987,#3988,#2472,.T.);
#5002=EDGE_CURVE('',#3989,#3987,#2473,.T.);
#5003=EDGE_CURVE('',#3990,#3989,#2474,.T.);
#5004=EDGE_CURVE('',#3991,#3990,#279,.T.);
#5005=EDGE_CURVE('',#3992,#3991,#280,.T.);
#5006=EDGE_CURVE('',#3993,#3992,#73,.T.);
#5007=EDGE_CURVE('',#3988,#3993,#74,.T.);
#5008=EDGE_CURVE('',#3994,#3995,#2475,.T.);
#5009=EDGE_CURVE('',#3995,#3996,#2476,.T.);
#5010=EDGE_CURVE('',#3996,#3997,#2477,.T.);
#5011=EDGE_CURVE('',#3997,#3998,#75,.T.);
#5012=EDGE_CURVE('',#3998,#3999,#76,.T.);
#5013=EDGE_CURVE('',#3999,#4000,#77,.T.);
#5014=EDGE_CURVE('',#4000,#3994,#78,.T.);
#5015=EDGE_CURVE('',#3974,#3988,#2478,.T.);
#5016=EDGE_CURVE('',#3973,#3987,#2479,.T.);
#5017=EDGE_CURVE('',#3975,#3993,#2480,.T.);
#5018=EDGE_CURVE('',#3976,#3992,#2481,.T.);
#5019=EDGE_CURVE('',#3977,#3991,#2482,.T.);
#5020=EDGE_CURVE('',#3978,#3990,#2483,.T.);
#5021=EDGE_CURVE('',#3979,#3989,#2484,.T.);
#5022=EDGE_CURVE('',#3982,#3994,#2485,.T.);
#5023=EDGE_CURVE('',#3980,#3995,#2486,.T.);
#5024=EDGE_CURVE('',#3981,#3996,#2487,.T.);
#5025=EDGE_CURVE('',#3986,#3997,#2488,.T.);
#5026=EDGE_CURVE('',#3985,#3998,#2489,.T.);
#5027=EDGE_CURVE('',#3984,#3999,#2490,.T.);
#5028=EDGE_CURVE('',#3983,#4000,#2491,.T.);
#5029=EDGE_CURVE('',#4001,#4002,#2492,.T.);
#5030=EDGE_CURVE('',#4002,#4003,#2493,.T.);
#5031=EDGE_CURVE('',#4003,#4004,#2494,.T.);
#5032=EDGE_CURVE('',#4004,#4005,#2495,.T.);
#5033=EDGE_CURVE('',#4005,#4006,#2496,.T.);
#5034=EDGE_CURVE('',#4006,#4007,#2497,.T.);
#5035=EDGE_CURVE('',#4007,#4008,#2498,.T.);
#5036=EDGE_CURVE('',#4008,#4001,#2499,.T.);
#5037=EDGE_CURVE('',#4009,#4010,#2500,.T.);
#5038=EDGE_CURVE('',#4011,#4009,#2501,.T.);
#5039=EDGE_CURVE('',#4012,#4011,#281,.T.);
#5040=EDGE_CURVE('',#4013,#4012,#2502,.T.);
#5041=EDGE_CURVE('',#4014,#4013,#282,.T.);
#5042=EDGE_CURVE('',#4010,#4014,#2503,.T.);
#5043=EDGE_CURVE('',#4015,#4016,#2504,.T.);
#5044=EDGE_CURVE('',#4017,#4015,#2505,.T.);
#5045=EDGE_CURVE('',#4018,#4017,#2506,.T.);
#5046=EDGE_CURVE('',#4019,#4018,#2507,.T.);
#5047=EDGE_CURVE('',#4020,#4019,#2508,.T.);
#5048=EDGE_CURVE('',#4021,#4020,#2509,.T.);
#5049=EDGE_CURVE('',#4022,#4021,#2510,.T.);
#5050=EDGE_CURVE('',#4016,#4022,#2511,.T.);
#5051=EDGE_CURVE('',#4023,#4024,#2512,.T.);
#5052=EDGE_CURVE('',#4024,#4025,#2513,.T.);
#5053=EDGE_CURVE('',#4025,#4026,#2514,.T.);
#5054=EDGE_CURVE('',#4026,#4027,#283,.T.);
#5055=EDGE_CURVE('',#4027,#4028,#2515,.T.);
#5056=EDGE_CURVE('',#4028,#4023,#284,.T.);
#5057=EDGE_CURVE('',#4002,#4016,#2516,.T.);
#5058=EDGE_CURVE('',#4001,#4015,#2517,.T.);
#5059=EDGE_CURVE('',#4003,#4022,#2518,.T.);
#5060=EDGE_CURVE('',#4004,#4021,#2519,.T.);
#5061=EDGE_CURVE('',#4005,#4020,#2520,.T.);
#5062=EDGE_CURVE('',#4006,#4019,#2521,.T.);
#5063=EDGE_CURVE('',#4007,#4018,#2522,.T.);
#5064=EDGE_CURVE('',#4008,#4017,#2523,.T.);
#5065=EDGE_CURVE('',#4009,#4024,#2524,.T.);
#5066=EDGE_CURVE('',#4010,#4025,#2525,.T.);
#5067=EDGE_CURVE('',#4014,#4026,#2526,.T.);
#5068=EDGE_CURVE('',#4013,#4027,#2527,.T.);
#5069=EDGE_CURVE('',#4012,#4028,#2528,.T.);
#5070=EDGE_CURVE('',#4011,#4023,#2529,.T.);
#5071=EDGE_CURVE('',#4029,#4030,#285,.T.);
#5072=EDGE_CURVE('',#4030,#4031,#79,.T.);
#5073=EDGE_CURVE('',#4031,#4032,#286,.T.);
#5074=EDGE_CURVE('',#4032,#4033,#80,.T.);
#5075=EDGE_CURVE('',#4033,#4034,#287,.T.);
#5076=EDGE_CURVE('',#4034,#4035,#288,.T.);
#5077=EDGE_CURVE('',#4035,#4036,#81,.T.);
#5078=EDGE_CURVE('',#4036,#4037,#82,.T.);
#5079=EDGE_CURVE('',#4037,#4038,#83,.T.);
#5080=EDGE_CURVE('',#4038,#4039,#84,.T.);
#5081=EDGE_CURVE('',#4039,#4040,#289,.T.);
#5082=EDGE_CURVE('',#4040,#4041,#290,.T.);
#5083=EDGE_CURVE('',#4041,#4042,#2530,.T.);
#5084=EDGE_CURVE('',#4042,#4043,#2531,.T.);
#5085=EDGE_CURVE('',#4043,#4044,#2532,.T.);
#5086=EDGE_CURVE('',#4044,#4045,#2533,.T.);
#5087=EDGE_CURVE('',#4045,#4046,#291,.T.);
#5088=EDGE_CURVE('',#4046,#4047,#292,.T.);
#5089=EDGE_CURVE('',#4047,#4048,#293,.T.);
#5090=EDGE_CURVE('',#4048,#4049,#294,.T.);
#5091=EDGE_CURVE('',#4049,#4050,#295,.T.);
#5092=EDGE_CURVE('',#4050,#4051,#296,.T.);
#5093=EDGE_CURVE('',#4051,#4052,#297,.T.);
#5094=EDGE_CURVE('',#4052,#4053,#2534,.T.);
#5095=EDGE_CURVE('',#4053,#4054,#298,.T.);
#5096=EDGE_CURVE('',#4054,#4055,#299,.T.);
#5097=EDGE_CURVE('',#4055,#4056,#2535,.T.);
#5098=EDGE_CURVE('',#4056,#4057,#300,.T.);
#5099=EDGE_CURVE('',#4057,#4058,#301,.T.);
#5100=EDGE_CURVE('',#4058,#4059,#302,.T.);
#5101=EDGE_CURVE('',#4059,#4060,#2536,.T.);
#5102=EDGE_CURVE('',#4060,#4061,#85,.T.);
#5103=EDGE_CURVE('',#4061,#4029,#86,.T.);
#5104=EDGE_CURVE('',#4062,#4063,#303,.T.);
#5105=EDGE_CURVE('',#4063,#4062,#304,.T.);
#5106=EDGE_CURVE('',#4064,#4065,#305,.T.);
#5107=EDGE_CURVE('',#4066,#4064,#87,.T.);
#5108=EDGE_CURVE('',#4067,#4066,#88,.T.);
#5109=EDGE_CURVE('',#4068,#4067,#2537,.T.);
#5110=EDGE_CURVE('',#4069,#4068,#306,.T.);
#5111=EDGE_CURVE('',#4070,#4069,#307,.T.);
#5112=EDGE_CURVE('',#4071,#4070,#308,.T.);
#5113=EDGE_CURVE('',#4072,#4071,#2538,.T.);
#5114=EDGE_CURVE('',#4073,#4072,#309,.T.);
#5115=EDGE_CURVE('',#4074,#4073,#310,.T.);
#5116=EDGE_CURVE('',#4075,#4074,#2539,.T.);
#5117=EDGE_CURVE('',#4076,#4075,#311,.T.);
#5118=EDGE_CURVE('',#4077,#4076,#312,.T.);
#5119=EDGE_CURVE('',#4078,#4077,#313,.T.);
#5120=EDGE_CURVE('',#4079,#4078,#314,.T.);
#5121=EDGE_CURVE('',#4080,#4079,#315,.T.);
#5122=EDGE_CURVE('',#4081,#4080,#316,.T.);
#5123=EDGE_CURVE('',#4082,#4081,#317,.T.);
#5124=EDGE_CURVE('',#4083,#4082,#2540,.T.);
#5125=EDGE_CURVE('',#4084,#4083,#2541,.T.);
#5126=EDGE_CURVE('',#4085,#4084,#2542,.T.);
#5127=EDGE_CURVE('',#4086,#4085,#2543,.T.);
#5128=EDGE_CURVE('',#4087,#4086,#318,.T.);
#5129=EDGE_CURVE('',#4088,#4087,#319,.T.);
#5130=EDGE_CURVE('',#4089,#4088,#89,.T.);
#5131=EDGE_CURVE('',#4090,#4089,#90,.T.);
#5132=EDGE_CURVE('',#4091,#4090,#91,.T.);
#5133=EDGE_CURVE('',#4092,#4091,#92,.T.);
#5134=EDGE_CURVE('',#4093,#4092,#320,.T.);
#5135=EDGE_CURVE('',#4094,#4093,#321,.T.);
#5136=EDGE_CURVE('',#4095,#4094,#93,.T.);
#5137=EDGE_CURVE('',#4096,#4095,#322,.T.);
#5138=EDGE_CURVE('',#4065,#4096,#94,.T.);
#5139=EDGE_CURVE('',#4097,#4098,#323,.T.);
#5140=EDGE_CURVE('',#4098,#4097,#324,.T.);
#5141=EDGE_CURVE('',#4029,#4064,#2544,.T.);
#5142=EDGE_CURVE('',#4030,#4065,#2545,.T.);
#5143=EDGE_CURVE('',#4031,#4096,#2546,.T.);
#5144=EDGE_CURVE('',#4032,#4095,#2547,.T.);
#5145=EDGE_CURVE('',#4033,#4094,#2548,.T.);
#5146=EDGE_CURVE('',#4034,#4093,#2549,.T.);
#5147=EDGE_CURVE('',#4035,#4092,#2550,.T.);
#5148=EDGE_CURVE('',#4036,#4091,#2551,.T.);
#5149=EDGE_CURVE('',#4037,#4090,#2552,.T.);
#5150=EDGE_CURVE('',#4038,#4089,#2553,.T.);
#5151=EDGE_CURVE('',#4039,#4088,#2554,.T.);
#5152=EDGE_CURVE('',#4040,#4087,#2555,.T.);
#5153=EDGE_CURVE('',#4041,#4086,#2556,.T.);
#5154=EDGE_CURVE('',#4042,#4085,#2557,.T.);
#5155=EDGE_CURVE('',#4043,#4084,#2558,.T.);
#5156=EDGE_CURVE('',#4044,#4083,#2559,.T.);
#5157=EDGE_CURVE('',#4045,#4082,#2560,.T.);
#5158=EDGE_CURVE('',#4046,#4081,#2561,.T.);
#5159=EDGE_CURVE('',#4047,#4080,#2562,.T.);
#5160=EDGE_CURVE('',#4048,#4079,#2563,.T.);
#5161=EDGE_CURVE('',#4049,#4078,#2564,.T.);
#5162=EDGE_CURVE('',#4050,#4077,#2565,.T.);
#5163=EDGE_CURVE('',#4051,#4076,#2566,.T.);
#5164=EDGE_CURVE('',#4052,#4075,#2567,.T.);
#5165=EDGE_CURVE('',#4053,#4074,#2568,.T.);
#5166=EDGE_CURVE('',#4054,#4073,#2569,.T.);
#5167=EDGE_CURVE('',#4055,#4072,#2570,.T.);
#5168=EDGE_CURVE('',#4056,#4071,#2571,.T.);
#5169=EDGE_CURVE('',#4057,#4070,#2572,.T.);
#5170=EDGE_CURVE('',#4058,#4069,#2573,.T.);
#5171=EDGE_CURVE('',#4059,#4068,#2574,.T.);
#5172=EDGE_CURVE('',#4060,#4067,#2575,.T.);
#5173=EDGE_CURVE('',#4061,#4066,#2576,.T.);
#5174=EDGE_CURVE('',#4062,#4098,#2577,.T.);
#5175=EDGE_CURVE('',#4063,#4097,#2578,.T.);
#5176=EDGE_CURVE('',#4099,#4100,#2579,.T.);
#5177=EDGE_CURVE('',#4100,#4101,#2580,.T.);
#5178=EDGE_CURVE('',#4101,#4102,#2581,.T.);
#5179=EDGE_CURVE('',#4102,#4099,#2582,.T.);
#5180=EDGE_CURVE('',#4103,#4101,#2583,.T.);
#5181=EDGE_CURVE('',#4104,#4103,#2584,.T.);
#5182=EDGE_CURVE('',#4104,#4105,#2585,.T.);
#5183=EDGE_CURVE('',#4106,#4105,#2586,.T.);
#5184=EDGE_CURVE('',#4107,#4106,#2587,.T.);
#5185=EDGE_CURVE('',#4108,#4107,#2588,.T.);
#5186=EDGE_CURVE('',#4102,#4108,#2589,.T.);
#5187=EDGE_CURVE('',#4100,#4109,#2590,.T.);
#5188=EDGE_CURVE('',#4103,#4109,#2591,.T.);
#5189=EDGE_CURVE('',#4110,#4111,#2592,.T.);
#5190=EDGE_CURVE('',#4111,#4112,#2593,.T.);
#5191=EDGE_CURVE('',#4112,#4113,#2594,.T.);
#5192=EDGE_CURVE('',#4113,#4110,#2595,.T.);
#5193=EDGE_CURVE('',#4112,#4114,#2596,.T.);
#5194=EDGE_CURVE('',#4114,#4115,#2597,.T.);
#5195=EDGE_CURVE('',#4116,#4115,#2598,.T.);
#5196=EDGE_CURVE('',#4116,#4117,#2599,.T.);
#5197=EDGE_CURVE('',#4118,#4117,#2600,.T.);
#5198=EDGE_CURVE('',#4113,#4118,#2601,.T.);
#5199=EDGE_CURVE('',#4102,#4112,#2602,.T.);
#5200=EDGE_CURVE('',#4119,#4111,#2603,.T.);
#5201=EDGE_CURVE('',#4119,#4120,#2604,.T.);
#5202=EDGE_CURVE('',#4120,#4099,#2605,.T.);
#5203=EDGE_CURVE('',#4121,#4108,#2606,.T.);
#5204=EDGE_CURVE('',#4122,#4121,#2607,.T.);
#5205=EDGE_CURVE('',#4114,#4122,#2608,.T.);
#5206=EDGE_CURVE('',#4123,#4123,#903,.T.);
#5207=EDGE_CURVE('',#4124,#4124,#904,.T.);
#5208=EDGE_CURVE('',#4125,#4125,#905,.T.);
#5209=EDGE_CURVE('',#4126,#4126,#906,.T.);
#5210=EDGE_CURVE('',#4127,#4127,#907,.T.);
#5211=EDGE_CURVE('',#4128,#4118,#2609,.T.);
#5212=EDGE_CURVE('',#4128,#4110,#2610,.T.);
#5213=EDGE_CURVE('',#4129,#4129,#908,.T.);
#5214=EDGE_CURVE('',#4129,#4123,#2611,.T.);
#5215=EDGE_CURVE('',#4130,#4130,#909,.T.);
#5216=EDGE_CURVE('',#4130,#4124,#2612,.T.);
#5217=EDGE_CURVE('',#4131,#4131,#910,.T.);
#5218=EDGE_CURVE('',#4131,#4125,#2613,.T.);
#5219=EDGE_CURVE('',#4132,#4132,#911,.T.);
#5220=EDGE_CURVE('',#4132,#4126,#2614,.T.);
#5221=EDGE_CURVE('',#4133,#4133,#912,.T.);
#5222=EDGE_CURVE('',#4133,#4127,#2615,.T.);
#5223=EDGE_CURVE('',#4134,#4109,#2616,.T.);
#5224=EDGE_CURVE('',#4135,#4134,#2617,.T.);
#5225=EDGE_CURVE('',#4128,#4135,#2618,.T.);
#5226=EDGE_CURVE('',#4117,#4104,#2619,.T.);
#5227=EDGE_CURVE('',#4136,#4136,#913,.T.);
#5228=EDGE_CURVE('',#4137,#4137,#914,.T.);
#5229=EDGE_CURVE('',#4138,#4138,#915,.T.);
#5230=EDGE_CURVE('',#4139,#4139,#916,.T.);
#5231=EDGE_CURVE('',#4140,#4140,#917,.T.);
#5232=EDGE_CURVE('',#4141,#4141,#918,.T.);
#5233=EDGE_CURVE('',#4142,#4142,#919,.T.);
#5234=EDGE_CURVE('',#4143,#4143,#920,.T.);
#5235=EDGE_CURVE('',#4144,#4144,#921,.T.);
#5236=EDGE_CURVE('',#4145,#4145,#922,.T.);
#5237=EDGE_CURVE('',#4146,#4147,#2620,.T.);
#5238=EDGE_CURVE('',#4147,#4148,#2621,.T.);
#5239=EDGE_CURVE('',#4148,#4149,#2622,.T.);
#5240=EDGE_CURVE('',#4149,#4146,#2623,.T.);
#5241=EDGE_CURVE('',#4150,#4151,#2624,.T.);
#5242=EDGE_CURVE('',#4151,#4152,#923,.T.);
#5243=EDGE_CURVE('',#4152,#4153,#2625,.T.);
#5244=EDGE_CURVE('',#4153,#4154,#924,.T.);
#5245=EDGE_CURVE('',#4154,#4155,#2626,.T.);
#5246=EDGE_CURVE('',#4155,#4156,#925,.T.);
#5247=EDGE_CURVE('',#4156,#4121,#2627,.T.);
#5248=EDGE_CURVE('',#4107,#4150,#926,.T.);
#5249=EDGE_CURVE('',#4157,#4156,#2628,.T.);
#5250=EDGE_CURVE('',#4157,#4122,#2629,.T.);
#5251=EDGE_CURVE('',#4120,#4149,#2630,.T.);
#5252=EDGE_CURVE('',#4146,#4119,#2631,.T.);
#5253=EDGE_CURVE('',#4145,#4158,#2632,.T.);
#5254=EDGE_CURVE('',#4158,#4158,#927,.T.);
#5255=EDGE_CURVE('',#4144,#4159,#2633,.T.);
#5256=EDGE_CURVE('',#4159,#4159,#928,.T.);
#5257=EDGE_CURVE('',#4115,#4157,#929,.T.);
#5258=EDGE_CURVE('',#4105,#4116,#2634,.T.);
#5259=EDGE_CURVE('',#4160,#4115,#930,.T.);
#5260=EDGE_CURVE('',#4160,#4161,#2635,.T.);
#5261=EDGE_CURVE('',#4162,#4161,#931,.T.);
#5262=EDGE_CURVE('',#4162,#4163,#2636,.T.);
#5263=EDGE_CURVE('',#4164,#4163,#932,.T.);
#5264=EDGE_CURVE('',#4164,#4165,#2637,.T.);
#5265=EDGE_CURVE('',#4106,#4165,#933,.T.);
#5266=EDGE_CURVE('',#4166,#4166,#934,.T.);
#5267=EDGE_CURVE('',#4167,#4167,#935,.T.);
#5268=EDGE_CURVE('',#4168,#4168,#936,.T.);
#5269=EDGE_CURVE('',#4169,#4169,#937,.T.);
#5270=EDGE_CURVE('',#4170,#4170,#938,.T.);
#5271=EDGE_CURVE('',#4171,#4171,#939,.T.);
#5272=EDGE_CURVE('',#4172,#4172,#940,.T.);
#5273=EDGE_CURVE('',#4173,#4173,#941,.T.);
#5274=EDGE_CURVE('',#4134,#4148,#2638,.T.);
#5275=EDGE_CURVE('',#4165,#4150,#2639,.T.);
#5276=EDGE_CURVE('',#4164,#4151,#2640,.T.);
#5277=EDGE_CURVE('',#4163,#4152,#2641,.T.);
#5278=EDGE_CURVE('',#4162,#4153,#2642,.T.);
#5279=EDGE_CURVE('',#4160,#4155,#2643,.T.);
#5280=EDGE_CURVE('',#4161,#4154,#2644,.T.);
#5281=EDGE_CURVE('',#4135,#4147,#2645,.T.);
#5282=EDGE_CURVE('',#4136,#4166,#2646,.T.);
#5283=EDGE_CURVE('',#4137,#4167,#2647,.T.);
#5284=EDGE_CURVE('',#4138,#4168,#2648,.T.);
#5285=EDGE_CURVE('',#4139,#4169,#2649,.T.);
#5286=EDGE_CURVE('',#4140,#4170,#2650,.T.);
#5287=EDGE_CURVE('',#4141,#4171,#2651,.T.);
#5288=EDGE_CURVE('',#4142,#4172,#2652,.T.);
#5289=EDGE_CURVE('',#4143,#4173,#2653,.T.);
#5290=ORIENTED_EDGE('',*,*,#4174,.F.);
#5291=ORIENTED_EDGE('',*,*,#4175,.F.);
#5292=ORIENTED_EDGE('',*,*,#4176,.F.);
#5293=ORIENTED_EDGE('',*,*,#4177,.F.);
#5294=ORIENTED_EDGE('',*,*,#4177,.T.);
#5295=ORIENTED_EDGE('',*,*,#4178,.F.);
#5296=ORIENTED_EDGE('',*,*,#4179,.T.);
#5297=ORIENTED_EDGE('',*,*,#4180,.T.);
#5298=ORIENTED_EDGE('',*,*,#4176,.T.);
#5299=ORIENTED_EDGE('',*,*,#4181,.T.);
#5300=ORIENTED_EDGE('',*,*,#4182,.T.);
#5301=ORIENTED_EDGE('',*,*,#4183,.T.);
#5302=ORIENTED_EDGE('',*,*,#4184,.T.);
#5303=ORIENTED_EDGE('',*,*,#4185,.T.);
#5304=ORIENTED_EDGE('',*,*,#4186,.T.);
#5305=ORIENTED_EDGE('',*,*,#4178,.T.);
#5306=ORIENTED_EDGE('',*,*,#4187,.T.);
#5307=ORIENTED_EDGE('',*,*,#4188,.T.);
#5308=ORIENTED_EDGE('',*,*,#4189,.T.);
#5309=ORIENTED_EDGE('',*,*,#4190,.T.);
#5310=ORIENTED_EDGE('',*,*,#4191,.T.);
#5311=ORIENTED_EDGE('',*,*,#4192,.T.);
#5312=ORIENTED_EDGE('',*,*,#4193,.T.);
#5313=ORIENTED_EDGE('',*,*,#4194,.T.);
#5314=ORIENTED_EDGE('',*,*,#4195,.T.);
#5315=ORIENTED_EDGE('',*,*,#4196,.T.);
#5316=ORIENTED_EDGE('',*,*,#4197,.T.);
#5317=ORIENTED_EDGE('',*,*,#4198,.T.);
#5318=ORIENTED_EDGE('',*,*,#4199,.T.);
#5319=ORIENTED_EDGE('',*,*,#4200,.T.);
#5320=ORIENTED_EDGE('',*,*,#4201,.T.);
#5321=ORIENTED_EDGE('',*,*,#4202,.T.);
#5322=ORIENTED_EDGE('',*,*,#4203,.T.);
#5323=ORIENTED_EDGE('',*,*,#4204,.T.);
#5324=ORIENTED_EDGE('',*,*,#4205,.T.);
#5325=ORIENTED_EDGE('',*,*,#4206,.T.);
#5326=ORIENTED_EDGE('',*,*,#4207,.T.);
#5327=ORIENTED_EDGE('',*,*,#4208,.T.);
#5328=ORIENTED_EDGE('',*,*,#4209,.T.);
#5329=ORIENTED_EDGE('',*,*,#4210,.T.);
#5330=ORIENTED_EDGE('',*,*,#4179,.F.);
#5331=ORIENTED_EDGE('',*,*,#4186,.F.);
#5332=ORIENTED_EDGE('',*,*,#4175,.T.);
#5333=ORIENTED_EDGE('',*,*,#4211,.T.);
#5334=ORIENTED_EDGE('',*,*,#4212,.F.);
#5335=ORIENTED_EDGE('',*,*,#4181,.F.);
#5336=ORIENTED_EDGE('',*,*,#4212,.T.);
#5337=ORIENTED_EDGE('',*,*,#4213,.T.);
#5338=ORIENTED_EDGE('',*,*,#4214,.F.);
#5339=ORIENTED_EDGE('',*,*,#4182,.F.);
#5340=ORIENTED_EDGE('',*,*,#4214,.T.);
#5341=ORIENTED_EDGE('',*,*,#4215,.T.);
#5342=ORIENTED_EDGE('',*,*,#4216,.F.);
#5343=ORIENTED_EDGE('',*,*,#4183,.F.);
#5344=ORIENTED_EDGE('',*,*,#4216,.T.);
#5345=ORIENTED_EDGE('',*,*,#4217,.T.);
#5346=ORIENTED_EDGE('',*,*,#4218,.F.);
#5347=ORIENTED_EDGE('',*,*,#4184,.F.);
#5348=ORIENTED_EDGE('',*,*,#4218,.T.);
#5349=ORIENTED_EDGE('',*,*,#4219,.T.);
#5350=ORIENTED_EDGE('',*,*,#4209,.F.);
#5351=ORIENTED_EDGE('',*,*,#4185,.F.);
#5352=ORIENTED_EDGE('',*,*,#4220,.T.);
#5353=ORIENTED_EDGE('',*,*,#4221,.T.);
#5354=ORIENTED_EDGE('',*,*,#4208,.F.);
#5355=ORIENTED_EDGE('',*,*,#4221,.F.);
#5356=ORIENTED_EDGE('',*,*,#4222,.T.);
#5357=ORIENTED_EDGE('',*,*,#4223,.T.);
#5358=ORIENTED_EDGE('',*,*,#4207,.F.);
#5359=ORIENTED_EDGE('',*,*,#4223,.F.);
#5360=ORIENTED_EDGE('',*,*,#4224,.T.);
#5361=ORIENTED_EDGE('',*,*,#4225,.T.);
#5362=ORIENTED_EDGE('',*,*,#4206,.F.);
#5363=ORIENTED_EDGE('',*,*,#4225,.F.);
#5364=ORIENTED_EDGE('',*,*,#4226,.T.);
#5365=ORIENTED_EDGE('',*,*,#4227,.T.);
#5366=ORIENTED_EDGE('',*,*,#4205,.F.);
#5367=ORIENTED_EDGE('',*,*,#4227,.F.);
#5368=ORIENTED_EDGE('',*,*,#4228,.T.);
#5369=ORIENTED_EDGE('',*,*,#4229,.T.);
#5370=ORIENTED_EDGE('',*,*,#4204,.F.);
#5371=ORIENTED_EDGE('',*,*,#4229,.F.);
#5372=ORIENTED_EDGE('',*,*,#4230,.T.);
#5373=ORIENTED_EDGE('',*,*,#4231,.T.);
#5374=ORIENTED_EDGE('',*,*,#4203,.F.);
#5375=ORIENTED_EDGE('',*,*,#4231,.F.);
#5376=ORIENTED_EDGE('',*,*,#4232,.T.);
#5377=ORIENTED_EDGE('',*,*,#4233,.T.);
#5378=ORIENTED_EDGE('',*,*,#4202,.F.);
#5379=ORIENTED_EDGE('',*,*,#4233,.F.);
#5380=ORIENTED_EDGE('',*,*,#4234,.T.);
#5381=ORIENTED_EDGE('',*,*,#4235,.T.);
#5382=ORIENTED_EDGE('',*,*,#4201,.F.);
#5383=ORIENTED_EDGE('',*,*,#4235,.F.);
#5384=ORIENTED_EDGE('',*,*,#4236,.T.);
#5385=ORIENTED_EDGE('',*,*,#4237,.T.);
#5386=ORIENTED_EDGE('',*,*,#4200,.F.);
#5387=ORIENTED_EDGE('',*,*,#4237,.F.);
#5388=ORIENTED_EDGE('',*,*,#4238,.T.);
#5389=ORIENTED_EDGE('',*,*,#4239,.T.);
#5390=ORIENTED_EDGE('',*,*,#4199,.F.);
#5391=ORIENTED_EDGE('',*,*,#4239,.F.);
#5392=ORIENTED_EDGE('',*,*,#4240,.T.);
#5393=ORIENTED_EDGE('',*,*,#4241,.T.);
#5394=ORIENTED_EDGE('',*,*,#4198,.F.);
#5395=ORIENTED_EDGE('',*,*,#4241,.F.);
#5396=ORIENTED_EDGE('',*,*,#4242,.T.);
#5397=ORIENTED_EDGE('',*,*,#4243,.T.);
#5398=ORIENTED_EDGE('',*,*,#4197,.F.);
#5399=ORIENTED_EDGE('',*,*,#4243,.F.);
#5400=ORIENTED_EDGE('',*,*,#4244,.T.);
#5401=ORIENTED_EDGE('',*,*,#4245,.T.);
#5402=ORIENTED_EDGE('',*,*,#4196,.F.);
#5403=ORIENTED_EDGE('',*,*,#4245,.F.);
#5404=ORIENTED_EDGE('',*,*,#4246,.T.);
#5405=ORIENTED_EDGE('',*,*,#4247,.T.);
#5406=ORIENTED_EDGE('',*,*,#4195,.F.);
#5407=ORIENTED_EDGE('',*,*,#4247,.F.);
#5408=ORIENTED_EDGE('',*,*,#4248,.T.);
#5409=ORIENTED_EDGE('',*,*,#4249,.T.);
#5410=ORIENTED_EDGE('',*,*,#4194,.F.);
#5411=ORIENTED_EDGE('',*,*,#4249,.F.);
#5412=ORIENTED_EDGE('',*,*,#4250,.T.);
#5413=ORIENTED_EDGE('',*,*,#4251,.T.);
#5414=ORIENTED_EDGE('',*,*,#4193,.F.);
#5415=ORIENTED_EDGE('',*,*,#4251,.F.);
#5416=ORIENTED_EDGE('',*,*,#4252,.T.);
#5417=ORIENTED_EDGE('',*,*,#4253,.T.);
#5418=ORIENTED_EDGE('',*,*,#4192,.F.);
#5419=ORIENTED_EDGE('',*,*,#4253,.F.);
#5420=ORIENTED_EDGE('',*,*,#4254,.T.);
#5421=ORIENTED_EDGE('',*,*,#4255,.T.);
#5422=ORIENTED_EDGE('',*,*,#4191,.F.);
#5423=ORIENTED_EDGE('',*,*,#4255,.F.);
#5424=ORIENTED_EDGE('',*,*,#4256,.T.);
#5425=ORIENTED_EDGE('',*,*,#4257,.T.);
#5426=ORIENTED_EDGE('',*,*,#4190,.F.);
#5427=ORIENTED_EDGE('',*,*,#4257,.F.);
#5428=ORIENTED_EDGE('',*,*,#4258,.T.);
#5429=ORIENTED_EDGE('',*,*,#4259,.T.);
#5430=ORIENTED_EDGE('',*,*,#4189,.F.);
#5431=ORIENTED_EDGE('',*,*,#4259,.F.);
#5432=ORIENTED_EDGE('',*,*,#4260,.T.);
#5433=ORIENTED_EDGE('',*,*,#4261,.T.);
#5434=ORIENTED_EDGE('',*,*,#4188,.F.);
#5435=ORIENTED_EDGE('',*,*,#4261,.F.);
#5436=ORIENTED_EDGE('',*,*,#4262,.T.);
#5437=ORIENTED_EDGE('',*,*,#4263,.T.);
#5438=ORIENTED_EDGE('',*,*,#4187,.F.);
#5439=ORIENTED_EDGE('',*,*,#4263,.F.);
#5440=ORIENTED_EDGE('',*,*,#4174,.T.);
#5441=ORIENTED_EDGE('',*,*,#4180,.F.);
#5442=ORIENTED_EDGE('',*,*,#4210,.F.);
#5443=ORIENTED_EDGE('',*,*,#4219,.F.);
#5444=ORIENTED_EDGE('',*,*,#4217,.F.);
#5445=ORIENTED_EDGE('',*,*,#4215,.F.);
#5446=ORIENTED_EDGE('',*,*,#4213,.F.);
#5447=ORIENTED_EDGE('',*,*,#4211,.F.);
#5448=ORIENTED_EDGE('',*,*,#4262,.F.);
#5449=ORIENTED_EDGE('',*,*,#4260,.F.);
#5450=ORIENTED_EDGE('',*,*,#4258,.F.);
#5451=ORIENTED_EDGE('',*,*,#4256,.F.);
#5452=ORIENTED_EDGE('',*,*,#4254,.F.);
#5453=ORIENTED_EDGE('',*,*,#4252,.F.);
#5454=ORIENTED_EDGE('',*,*,#4250,.F.);
#5455=ORIENTED_EDGE('',*,*,#4248,.F.);
#5456=ORIENTED_EDGE('',*,*,#4246,.F.);
#5457=ORIENTED_EDGE('',*,*,#4244,.F.);
#5458=ORIENTED_EDGE('',*,*,#4242,.F.);
#5459=ORIENTED_EDGE('',*,*,#4240,.F.);
#5460=ORIENTED_EDGE('',*,*,#4238,.F.);
#5461=ORIENTED_EDGE('',*,*,#4236,.F.);
#5462=ORIENTED_EDGE('',*,*,#4234,.F.);
#5463=ORIENTED_EDGE('',*,*,#4232,.F.);
#5464=ORIENTED_EDGE('',*,*,#4230,.F.);
#5465=ORIENTED_EDGE('',*,*,#4228,.F.);
#5466=ORIENTED_EDGE('',*,*,#4226,.F.);
#5467=ORIENTED_EDGE('',*,*,#4224,.F.);
#5468=ORIENTED_EDGE('',*,*,#4222,.F.);
#5469=ORIENTED_EDGE('',*,*,#4220,.F.);
#5470=ORIENTED_EDGE('',*,*,#4264,.F.);
#5471=ORIENTED_EDGE('',*,*,#4265,.T.);
#5472=ORIENTED_EDGE('',*,*,#4266,.F.);
#5473=ORIENTED_EDGE('',*,*,#4267,.F.);
#5474=ORIENTED_EDGE('',*,*,#4268,.T.);
#5475=ORIENTED_EDGE('',*,*,#4269,.T.);
#5476=ORIENTED_EDGE('',*,*,#4270,.T.);
#5477=ORIENTED_EDGE('',*,*,#4264,.T.);
#5478=ORIENTED_EDGE('',*,*,#4269,.F.);
#5479=ORIENTED_EDGE('',*,*,#4271,.T.);
#5480=ORIENTED_EDGE('',*,*,#4272,.T.);
#5481=ORIENTED_EDGE('',*,*,#4273,.F.);
#5482=ORIENTED_EDGE('',*,*,#4272,.F.);
#5483=ORIENTED_EDGE('',*,*,#4274,.T.);
#5484=ORIENTED_EDGE('',*,*,#4275,.T.);
#5485=ORIENTED_EDGE('',*,*,#4276,.T.);
#5486=ORIENTED_EDGE('',*,*,#4275,.F.);
#5487=ORIENTED_EDGE('',*,*,#4277,.F.);
#5488=ORIENTED_EDGE('',*,*,#4278,.F.);
#5489=ORIENTED_EDGE('',*,*,#4279,.F.);
#5490=ORIENTED_EDGE('',*,*,#4280,.T.);
#5491=ORIENTED_EDGE('',*,*,#4281,.T.);
#5492=ORIENTED_EDGE('',*,*,#4282,.T.);
#5493=ORIENTED_EDGE('',*,*,#4283,.T.);
#5494=ORIENTED_EDGE('',*,*,#4284,.T.);
#5495=ORIENTED_EDGE('',*,*,#4285,.T.);
#5496=ORIENTED_EDGE('',*,*,#4286,.T.);
#5497=ORIENTED_EDGE('',*,*,#4287,.T.);
#5498=ORIENTED_EDGE('',*,*,#4288,.T.);
#5499=ORIENTED_EDGE('',*,*,#4289,.T.);
#5500=ORIENTED_EDGE('',*,*,#4290,.T.);
#5501=ORIENTED_EDGE('',*,*,#4291,.T.);
#5502=ORIENTED_EDGE('',*,*,#4292,.T.);
#5503=ORIENTED_EDGE('',*,*,#4293,.T.);
#5504=ORIENTED_EDGE('',*,*,#4294,.T.);
#5505=ORIENTED_EDGE('',*,*,#4295,.T.);
#5506=ORIENTED_EDGE('',*,*,#4296,.T.);
#5507=ORIENTED_EDGE('',*,*,#4297,.T.);
#5508=ORIENTED_EDGE('',*,*,#4298,.T.);
#5509=ORIENTED_EDGE('',*,*,#4299,.T.);
#5510=ORIENTED_EDGE('',*,*,#4300,.T.);
#5511=ORIENTED_EDGE('',*,*,#4301,.T.);
#5512=ORIENTED_EDGE('',*,*,#4302,.T.);
#5513=ORIENTED_EDGE('',*,*,#4303,.T.);
#5514=ORIENTED_EDGE('',*,*,#4304,.T.);
#5515=ORIENTED_EDGE('',*,*,#4305,.T.);
#5516=ORIENTED_EDGE('',*,*,#4306,.T.);
#5517=ORIENTED_EDGE('',*,*,#4307,.T.);
#5518=ORIENTED_EDGE('',*,*,#4308,.T.);
#5519=ORIENTED_EDGE('',*,*,#4309,.T.);
#5520=ORIENTED_EDGE('',*,*,#4310,.T.);
#5521=ORIENTED_EDGE('',*,*,#4311,.T.);
#5522=ORIENTED_EDGE('',*,*,#4312,.T.);
#5523=ORIENTED_EDGE('',*,*,#4313,.T.);
#5524=ORIENTED_EDGE('',*,*,#4314,.T.);
#5525=ORIENTED_EDGE('',*,*,#4315,.T.);
#5526=ORIENTED_EDGE('',*,*,#4316,.T.);
#5527=ORIENTED_EDGE('',*,*,#4317,.T.);
#5528=ORIENTED_EDGE('',*,*,#4318,.T.);
#5529=ORIENTED_EDGE('',*,*,#4319,.T.);
#5530=ORIENTED_EDGE('',*,*,#4320,.T.);
#5531=ORIENTED_EDGE('',*,*,#4321,.F.);
#5532=ORIENTED_EDGE('',*,*,#4322,.T.);
#5533=ORIENTED_EDGE('',*,*,#4323,.F.);
#5534=ORIENTED_EDGE('',*,*,#4324,.T.);
#5535=ORIENTED_EDGE('',*,*,#4325,.F.);
#5536=ORIENTED_EDGE('',*,*,#4326,.T.);
#5537=ORIENTED_EDGE('',*,*,#4327,.F.);
#5538=ORIENTED_EDGE('',*,*,#4328,.T.);
#5539=ORIENTED_EDGE('',*,*,#4329,.F.);
#5540=ORIENTED_EDGE('',*,*,#4330,.T.);
#5541=ORIENTED_EDGE('',*,*,#4331,.F.);
#5542=ORIENTED_EDGE('',*,*,#4332,.T.);
#5543=ORIENTED_EDGE('',*,*,#4333,.F.);
#5544=ORIENTED_EDGE('',*,*,#4334,.F.);
#5545=ORIENTED_EDGE('',*,*,#4335,.F.);
#5546=ORIENTED_EDGE('',*,*,#4336,.F.);
#5547=ORIENTED_EDGE('',*,*,#4337,.T.);
#5548=ORIENTED_EDGE('',*,*,#4338,.T.);
#5549=ORIENTED_EDGE('',*,*,#4339,.T.);
#5550=ORIENTED_EDGE('',*,*,#4340,.T.);
#5551=ORIENTED_EDGE('',*,*,#4341,.T.);
#5552=ORIENTED_EDGE('',*,*,#4342,.T.);
#5553=ORIENTED_EDGE('',*,*,#4343,.F.);
#5554=ORIENTED_EDGE('',*,*,#4344,.F.);
#5555=ORIENTED_EDGE('',*,*,#4345,.F.);
#5556=ORIENTED_EDGE('',*,*,#4346,.F.);
#5557=ORIENTED_EDGE('',*,*,#4347,.F.);
#5558=ORIENTED_EDGE('',*,*,#4348,.F.);
#5559=ORIENTED_EDGE('',*,*,#4349,.F.);
#5560=ORIENTED_EDGE('',*,*,#4350,.F.);
#5561=ORIENTED_EDGE('',*,*,#4351,.F.);
#5562=ORIENTED_EDGE('',*,*,#4352,.F.);
#5563=ORIENTED_EDGE('',*,*,#4353,.F.);
#5564=ORIENTED_EDGE('',*,*,#4354,.F.);
#5565=ORIENTED_EDGE('',*,*,#4355,.F.);
#5566=ORIENTED_EDGE('',*,*,#4356,.F.);
#5567=ORIENTED_EDGE('',*,*,#4357,.F.);
#5568=ORIENTED_EDGE('',*,*,#4358,.F.);
#5569=ORIENTED_EDGE('',*,*,#4359,.F.);
#5570=ORIENTED_EDGE('',*,*,#4360,.F.);
#5571=ORIENTED_EDGE('',*,*,#4361,.F.);
#5572=ORIENTED_EDGE('',*,*,#4362,.F.);
#5573=ORIENTED_EDGE('',*,*,#4363,.F.);
#5574=ORIENTED_EDGE('',*,*,#4364,.F.);
#5575=ORIENTED_EDGE('',*,*,#4365,.F.);
#5576=ORIENTED_EDGE('',*,*,#4366,.F.);
#5577=ORIENTED_EDGE('',*,*,#4367,.F.);
#5578=ORIENTED_EDGE('',*,*,#4368,.F.);
#5579=ORIENTED_EDGE('',*,*,#4369,.F.);
#5580=ORIENTED_EDGE('',*,*,#4370,.F.);
#5581=ORIENTED_EDGE('',*,*,#4371,.F.);
#5582=ORIENTED_EDGE('',*,*,#4372,.F.);
#5583=ORIENTED_EDGE('',*,*,#4373,.F.);
#5584=ORIENTED_EDGE('',*,*,#4374,.F.);
#5585=ORIENTED_EDGE('',*,*,#4375,.F.);
#5586=ORIENTED_EDGE('',*,*,#4376,.F.);
#5587=ORIENTED_EDGE('',*,*,#4377,.F.);
#5588=ORIENTED_EDGE('',*,*,#4378,.F.);
#5589=ORIENTED_EDGE('',*,*,#4379,.F.);
#5590=ORIENTED_EDGE('',*,*,#4380,.F.);
#5591=ORIENTED_EDGE('',*,*,#4381,.F.);
#5592=ORIENTED_EDGE('',*,*,#4382,.F.);
#5593=ORIENTED_EDGE('',*,*,#4383,.T.);
#5594=ORIENTED_EDGE('',*,*,#4384,.T.);
#5595=ORIENTED_EDGE('',*,*,#4385,.T.);
#5596=ORIENTED_EDGE('',*,*,#4386,.T.);
#5597=ORIENTED_EDGE('',*,*,#4387,.T.);
#5598=ORIENTED_EDGE('',*,*,#4388,.T.);
#5599=ORIENTED_EDGE('',*,*,#4389,.T.);
#5600=ORIENTED_EDGE('',*,*,#4390,.T.);
#5601=ORIENTED_EDGE('',*,*,#4391,.T.);
#5602=ORIENTED_EDGE('',*,*,#4392,.T.);
#5603=ORIENTED_EDGE('',*,*,#4393,.T.);
#5604=ORIENTED_EDGE('',*,*,#4394,.T.);
#5605=ORIENTED_EDGE('',*,*,#4395,.T.);
#5606=ORIENTED_EDGE('',*,*,#4396,.T.);
#5607=ORIENTED_EDGE('',*,*,#4397,.T.);
#5608=ORIENTED_EDGE('',*,*,#4398,.T.);
#5609=ORIENTED_EDGE('',*,*,#4399,.T.);
#5610=ORIENTED_EDGE('',*,*,#4400,.T.);
#5611=ORIENTED_EDGE('',*,*,#4401,.T.);
#5612=ORIENTED_EDGE('',*,*,#4402,.T.);
#5613=ORIENTED_EDGE('',*,*,#4403,.T.);
#5614=ORIENTED_EDGE('',*,*,#4404,.T.);
#5615=ORIENTED_EDGE('',*,*,#4405,.T.);
#5616=ORIENTED_EDGE('',*,*,#4406,.T.);
#5617=ORIENTED_EDGE('',*,*,#4407,.T.);
#5618=ORIENTED_EDGE('',*,*,#4408,.T.);
#5619=ORIENTED_EDGE('',*,*,#4409,.T.);
#5620=ORIENTED_EDGE('',*,*,#4410,.T.);
#5621=ORIENTED_EDGE('',*,*,#4411,.T.);
#5622=ORIENTED_EDGE('',*,*,#4412,.T.);
#5623=ORIENTED_EDGE('',*,*,#4413,.T.);
#5624=ORIENTED_EDGE('',*,*,#4414,.T.);
#5625=ORIENTED_EDGE('',*,*,#4415,.T.);
#5626=ORIENTED_EDGE('',*,*,#4416,.T.);
#5627=ORIENTED_EDGE('',*,*,#4417,.T.);
#5628=ORIENTED_EDGE('',*,*,#4418,.T.);
#5629=ORIENTED_EDGE('',*,*,#4419,.T.);
#5630=ORIENTED_EDGE('',*,*,#4420,.T.);
#5631=ORIENTED_EDGE('',*,*,#4421,.T.);
#5632=ORIENTED_EDGE('',*,*,#4422,.T.);
#5633=ORIENTED_EDGE('',*,*,#4423,.T.);
#5634=ORIENTED_EDGE('',*,*,#4424,.T.);
#5635=ORIENTED_EDGE('',*,*,#4425,.T.);
#5636=ORIENTED_EDGE('',*,*,#4426,.T.);
#5637=ORIENTED_EDGE('',*,*,#4427,.T.);
#5638=ORIENTED_EDGE('',*,*,#4428,.T.);
#5639=ORIENTED_EDGE('',*,*,#4417,.F.);
#5640=ORIENTED_EDGE('',*,*,#4416,.F.);
#5641=ORIENTED_EDGE('',*,*,#4423,.F.);
#5642=ORIENTED_EDGE('',*,*,#4422,.F.);
#5643=ORIENTED_EDGE('',*,*,#4421,.F.);
#5644=ORIENTED_EDGE('',*,*,#4420,.F.);
#5645=ORIENTED_EDGE('',*,*,#4419,.F.);
#5646=ORIENTED_EDGE('',*,*,#4418,.F.);
#5647=ORIENTED_EDGE('',*,*,#4338,.F.);
#5648=ORIENTED_EDGE('',*,*,#4337,.F.);
#5649=ORIENTED_EDGE('',*,*,#4342,.F.);
#5650=ORIENTED_EDGE('',*,*,#4341,.F.);
#5651=ORIENTED_EDGE('',*,*,#4340,.F.);
#5652=ORIENTED_EDGE('',*,*,#4339,.F.);
#5653=ORIENTED_EDGE('',*,*,#4412,.F.);
#5654=ORIENTED_EDGE('',*,*,#4411,.F.);
#5655=ORIENTED_EDGE('',*,*,#4415,.F.);
#5656=ORIENTED_EDGE('',*,*,#4414,.F.);
#5657=ORIENTED_EDGE('',*,*,#4413,.F.);
#5658=ORIENTED_EDGE('',*,*,#4425,.F.);
#5659=ORIENTED_EDGE('',*,*,#4424,.F.);
#5660=ORIENTED_EDGE('',*,*,#4428,.F.);
#5661=ORIENTED_EDGE('',*,*,#4427,.F.);
#5662=ORIENTED_EDGE('',*,*,#4426,.F.);
#5663=ORIENTED_EDGE('',*,*,#4400,.F.);
#5664=ORIENTED_EDGE('',*,*,#4399,.F.);
#5665=ORIENTED_EDGE('',*,*,#4410,.F.);
#5666=ORIENTED_EDGE('',*,*,#4409,.F.);
#5667=ORIENTED_EDGE('',*,*,#4408,.F.);
#5668=ORIENTED_EDGE('',*,*,#4407,.F.);
#5669=ORIENTED_EDGE('',*,*,#4406,.F.);
#5670=ORIENTED_EDGE('',*,*,#4405,.F.);
#5671=ORIENTED_EDGE('',*,*,#4404,.F.);
#5672=ORIENTED_EDGE('',*,*,#4403,.F.);
#5673=ORIENTED_EDGE('',*,*,#4402,.F.);
#5674=ORIENTED_EDGE('',*,*,#4401,.F.);
#5675=ORIENTED_EDGE('',*,*,#4390,.F.);
#5676=ORIENTED_EDGE('',*,*,#4389,.F.);
#5677=ORIENTED_EDGE('',*,*,#4398,.F.);
#5678=ORIENTED_EDGE('',*,*,#4397,.F.);
#5679=ORIENTED_EDGE('',*,*,#4396,.F.);
#5680=ORIENTED_EDGE('',*,*,#4395,.F.);
#5681=ORIENTED_EDGE('',*,*,#4394,.F.);
#5682=ORIENTED_EDGE('',*,*,#4393,.F.);
#5683=ORIENTED_EDGE('',*,*,#4392,.F.);
#5684=ORIENTED_EDGE('',*,*,#4391,.F.);
#5685=ORIENTED_EDGE('',*,*,#4429,.T.);
#5686=ORIENTED_EDGE('',*,*,#4277,.T.);
#5687=ORIENTED_EDGE('',*,*,#4430,.F.);
#5688=ORIENTED_EDGE('',*,*,#4285,.F.);
#5689=ORIENTED_EDGE('',*,*,#4431,.T.);
#5690=ORIENTED_EDGE('',*,*,#4347,.T.);
#5691=ORIENTED_EDGE('',*,*,#4432,.T.);
#5692=ORIENTED_EDGE('',*,*,#4433,.T.);
#5693=ORIENTED_EDGE('',*,*,#4434,.F.);
#5694=ORIENTED_EDGE('',*,*,#4316,.F.);
#5695=ORIENTED_EDGE('',*,*,#4435,.F.);
#5696=ORIENTED_EDGE('',*,*,#4436,.T.);
#5697=ORIENTED_EDGE('',*,*,#4437,.T.);
#5698=ORIENTED_EDGE('',*,*,#4356,.T.);
#5699=ORIENTED_EDGE('',*,*,#4438,.T.);
#5700=ORIENTED_EDGE('',*,*,#4439,.T.);
#5701=ORIENTED_EDGE('',*,*,#4440,.F.);
#5702=ORIENTED_EDGE('',*,*,#4312,.F.);
#5703=ORIENTED_EDGE('',*,*,#4441,.F.);
#5704=ORIENTED_EDGE('',*,*,#4442,.T.);
#5705=ORIENTED_EDGE('',*,*,#4443,.T.);
#5706=ORIENTED_EDGE('',*,*,#4360,.T.);
#5707=ORIENTED_EDGE('',*,*,#4444,.T.);
#5708=ORIENTED_EDGE('',*,*,#4445,.T.);
#5709=ORIENTED_EDGE('',*,*,#4446,.F.);
#5710=ORIENTED_EDGE('',*,*,#4308,.F.);
#5711=ORIENTED_EDGE('',*,*,#4447,.F.);
#5712=ORIENTED_EDGE('',*,*,#4448,.T.);
#5713=ORIENTED_EDGE('',*,*,#4449,.T.);
#5714=ORIENTED_EDGE('',*,*,#4364,.T.);
#5715=ORIENTED_EDGE('',*,*,#4450,.T.);
#5716=ORIENTED_EDGE('',*,*,#4451,.T.);
#5717=ORIENTED_EDGE('',*,*,#4452,.F.);
#5718=ORIENTED_EDGE('',*,*,#4304,.F.);
#5719=ORIENTED_EDGE('',*,*,#4453,.F.);
#5720=ORIENTED_EDGE('',*,*,#4454,.T.);
#5721=ORIENTED_EDGE('',*,*,#4455,.T.);
#5722=ORIENTED_EDGE('',*,*,#4368,.T.);
#5723=ORIENTED_EDGE('',*,*,#4456,.T.);
#5724=ORIENTED_EDGE('',*,*,#4457,.T.);
#5725=ORIENTED_EDGE('',*,*,#4458,.F.);
#5726=ORIENTED_EDGE('',*,*,#4300,.F.);
#5727=ORIENTED_EDGE('',*,*,#4459,.F.);
#5728=ORIENTED_EDGE('',*,*,#4460,.T.);
#5729=ORIENTED_EDGE('',*,*,#4461,.T.);
#5730=ORIENTED_EDGE('',*,*,#4372,.T.);
#5731=ORIENTED_EDGE('',*,*,#4462,.T.);
#5732=ORIENTED_EDGE('',*,*,#4463,.T.);
#5733=ORIENTED_EDGE('',*,*,#4464,.F.);
#5734=ORIENTED_EDGE('',*,*,#4296,.F.);
#5735=ORIENTED_EDGE('',*,*,#4465,.F.);
#5736=ORIENTED_EDGE('',*,*,#4466,.T.);
#5737=ORIENTED_EDGE('',*,*,#4467,.T.);
#5738=ORIENTED_EDGE('',*,*,#4376,.T.);
#5739=ORIENTED_EDGE('',*,*,#4468,.T.);
#5740=ORIENTED_EDGE('',*,*,#4469,.T.);
#5741=ORIENTED_EDGE('',*,*,#4470,.F.);
#5742=ORIENTED_EDGE('',*,*,#4292,.F.);
#5743=ORIENTED_EDGE('',*,*,#4471,.F.);
#5744=ORIENTED_EDGE('',*,*,#4472,.T.);
#5745=ORIENTED_EDGE('',*,*,#4473,.T.);
#5746=ORIENTED_EDGE('',*,*,#4380,.T.);
#5747=ORIENTED_EDGE('',*,*,#4474,.T.);
#5748=ORIENTED_EDGE('',*,*,#4475,.T.);
#5749=ORIENTED_EDGE('',*,*,#4476,.F.);
#5750=ORIENTED_EDGE('',*,*,#4288,.F.);
#5751=ORIENTED_EDGE('',*,*,#4477,.T.);
#5752=ORIENTED_EDGE('',*,*,#4344,.T.);
#5753=ORIENTED_EDGE('',*,*,#4478,.T.);
#5754=ORIENTED_EDGE('',*,*,#4479,.T.);
#5755=ORIENTED_EDGE('',*,*,#4480,.F.);
#5756=ORIENTED_EDGE('',*,*,#4281,.F.);
#5757=ORIENTED_EDGE('',*,*,#4481,.T.);
#5758=ORIENTED_EDGE('',*,*,#4351,.T.);
#5759=ORIENTED_EDGE('',*,*,#4384,.F.);
#5760=ORIENTED_EDGE('',*,*,#4383,.F.);
#5761=ORIENTED_EDGE('',*,*,#4388,.F.);
#5762=ORIENTED_EDGE('',*,*,#4387,.F.);
#5763=ORIENTED_EDGE('',*,*,#4386,.F.);
#5764=ORIENTED_EDGE('',*,*,#4385,.F.);
#5765=ORIENTED_EDGE('',*,*,#4473,.F.);
#5766=ORIENTED_EDGE('',*,*,#4482,.T.);
#5767=ORIENTED_EDGE('',*,*,#4474,.F.);
#5768=ORIENTED_EDGE('',*,*,#4343,.T.);
#5769=ORIENTED_EDGE('',*,*,#4382,.T.);
#5770=ORIENTED_EDGE('',*,*,#4381,.T.);
#5771=ORIENTED_EDGE('',*,*,#4467,.F.);
#5772=ORIENTED_EDGE('',*,*,#4483,.T.);
#5773=ORIENTED_EDGE('',*,*,#4468,.F.);
#5774=ORIENTED_EDGE('',*,*,#4379,.T.);
#5775=ORIENTED_EDGE('',*,*,#4378,.T.);
#5776=ORIENTED_EDGE('',*,*,#4377,.T.);
#5777=ORIENTED_EDGE('',*,*,#4461,.F.);
#5778=ORIENTED_EDGE('',*,*,#4484,.T.);
#5779=ORIENTED_EDGE('',*,*,#4462,.F.);
#5780=ORIENTED_EDGE('',*,*,#4375,.T.);
#5781=ORIENTED_EDGE('',*,*,#4374,.T.);
#5782=ORIENTED_EDGE('',*,*,#4373,.T.);
#5783=ORIENTED_EDGE('',*,*,#4455,.F.);
#5784=ORIENTED_EDGE('',*,*,#4485,.T.);
#5785=ORIENTED_EDGE('',*,*,#4456,.F.);
#5786=ORIENTED_EDGE('',*,*,#4371,.T.);
#5787=ORIENTED_EDGE('',*,*,#4370,.T.);
#5788=ORIENTED_EDGE('',*,*,#4369,.T.);
#5789=ORIENTED_EDGE('',*,*,#4449,.F.);
#5790=ORIENTED_EDGE('',*,*,#4486,.T.);
#5791=ORIENTED_EDGE('',*,*,#4450,.F.);
#5792=ORIENTED_EDGE('',*,*,#4367,.T.);
#5793=ORIENTED_EDGE('',*,*,#4366,.T.);
#5794=ORIENTED_EDGE('',*,*,#4365,.T.);
#5795=ORIENTED_EDGE('',*,*,#4443,.F.);
#5796=ORIENTED_EDGE('',*,*,#4487,.T.);
#5797=ORIENTED_EDGE('',*,*,#4444,.F.);
#5798=ORIENTED_EDGE('',*,*,#4363,.T.);
#5799=ORIENTED_EDGE('',*,*,#4362,.T.);
#5800=ORIENTED_EDGE('',*,*,#4361,.T.);
#5801=ORIENTED_EDGE('',*,*,#4437,.F.);
#5802=ORIENTED_EDGE('',*,*,#4488,.T.);
#5803=ORIENTED_EDGE('',*,*,#4438,.F.);
#5804=ORIENTED_EDGE('',*,*,#4359,.T.);
#5805=ORIENTED_EDGE('',*,*,#4358,.T.);
#5806=ORIENTED_EDGE('',*,*,#4357,.T.);
#5807=ORIENTED_EDGE('',*,*,#4489,.F.);
#5808=ORIENTED_EDGE('',*,*,#4490,.T.);
#5809=ORIENTED_EDGE('',*,*,#4432,.F.);
#5810=ORIENTED_EDGE('',*,*,#4355,.T.);
#5811=ORIENTED_EDGE('',*,*,#4354,.T.);
#5812=ORIENTED_EDGE('',*,*,#4353,.T.);
#5813=ORIENTED_EDGE('',*,*,#4491,.F.);
#5814=ORIENTED_EDGE('',*,*,#4492,.T.);
#5815=ORIENTED_EDGE('',*,*,#4478,.F.);
#5816=ORIENTED_EDGE('',*,*,#4350,.T.);
#5817=ORIENTED_EDGE('',*,*,#4493,.F.);
#5818=ORIENTED_EDGE('',*,*,#4494,.T.);
#5819=ORIENTED_EDGE('',*,*,#4282,.F.);
#5820=ORIENTED_EDGE('',*,*,#4480,.T.);
#5821=ORIENTED_EDGE('',*,*,#4280,.F.);
#5822=ORIENTED_EDGE('',*,*,#4495,.T.);
#5823=ORIENTED_EDGE('',*,*,#4286,.F.);
#5824=ORIENTED_EDGE('',*,*,#4430,.T.);
#5825=ORIENTED_EDGE('',*,*,#4496,.F.);
#5826=ORIENTED_EDGE('',*,*,#4497,.T.);
#5827=ORIENTED_EDGE('',*,*,#4319,.F.);
#5828=ORIENTED_EDGE('',*,*,#4318,.F.);
#5829=ORIENTED_EDGE('',*,*,#4317,.F.);
#5830=ORIENTED_EDGE('',*,*,#4434,.T.);
#5831=ORIENTED_EDGE('',*,*,#4498,.F.);
#5832=ORIENTED_EDGE('',*,*,#4435,.T.);
#5833=ORIENTED_EDGE('',*,*,#4315,.F.);
#5834=ORIENTED_EDGE('',*,*,#4314,.F.);
#5835=ORIENTED_EDGE('',*,*,#4313,.F.);
#5836=ORIENTED_EDGE('',*,*,#4440,.T.);
#5837=ORIENTED_EDGE('',*,*,#4499,.F.);
#5838=ORIENTED_EDGE('',*,*,#4441,.T.);
#5839=ORIENTED_EDGE('',*,*,#4311,.F.);
#5840=ORIENTED_EDGE('',*,*,#4310,.F.);
#5841=ORIENTED_EDGE('',*,*,#4309,.F.);
#5842=ORIENTED_EDGE('',*,*,#4446,.T.);
#5843=ORIENTED_EDGE('',*,*,#4500,.F.);
#5844=ORIENTED_EDGE('',*,*,#4447,.T.);
#5845=ORIENTED_EDGE('',*,*,#4307,.F.);
#5846=ORIENTED_EDGE('',*,*,#4306,.F.);
#5847=ORIENTED_EDGE('',*,*,#4305,.F.);
#5848=ORIENTED_EDGE('',*,*,#4452,.T.);
#5849=ORIENTED_EDGE('',*,*,#4501,.F.);
#5850=ORIENTED_EDGE('',*,*,#4453,.T.);
#5851=ORIENTED_EDGE('',*,*,#4303,.F.);
#5852=ORIENTED_EDGE('',*,*,#4302,.F.);
#5853=ORIENTED_EDGE('',*,*,#4301,.F.);
#5854=ORIENTED_EDGE('',*,*,#4458,.T.);
#5855=ORIENTED_EDGE('',*,*,#4502,.F.);
#5856=ORIENTED_EDGE('',*,*,#4459,.T.);
#5857=ORIENTED_EDGE('',*,*,#4299,.F.);
#5858=ORIENTED_EDGE('',*,*,#4298,.F.);
#5859=ORIENTED_EDGE('',*,*,#4297,.F.);
#5860=ORIENTED_EDGE('',*,*,#4464,.T.);
#5861=ORIENTED_EDGE('',*,*,#4503,.F.);
#5862=ORIENTED_EDGE('',*,*,#4465,.T.);
#5863=ORIENTED_EDGE('',*,*,#4295,.F.);
#5864=ORIENTED_EDGE('',*,*,#4294,.F.);
#5865=ORIENTED_EDGE('',*,*,#4293,.F.);
#5866=ORIENTED_EDGE('',*,*,#4470,.T.);
#5867=ORIENTED_EDGE('',*,*,#4495,.F.);
#5868=ORIENTED_EDGE('',*,*,#4279,.T.);
#5869=ORIENTED_EDGE('',*,*,#4504,.T.);
#5870=ORIENTED_EDGE('',*,*,#4345,.T.);
#5871=ORIENTED_EDGE('',*,*,#4477,.F.);
#5872=ORIENTED_EDGE('',*,*,#4287,.F.);
#5873=ORIENTED_EDGE('',*,*,#4497,.F.);
#5874=ORIENTED_EDGE('',*,*,#4505,.T.);
#5875=ORIENTED_EDGE('',*,*,#4489,.T.);
#5876=ORIENTED_EDGE('',*,*,#4352,.T.);
#5877=ORIENTED_EDGE('',*,*,#4481,.F.);
#5878=ORIENTED_EDGE('',*,*,#4320,.F.);
#5879=ORIENTED_EDGE('',*,*,#4494,.F.);
#5880=ORIENTED_EDGE('',*,*,#4506,.T.);
#5881=ORIENTED_EDGE('',*,*,#4491,.T.);
#5882=ORIENTED_EDGE('',*,*,#4349,.T.);
#5883=ORIENTED_EDGE('',*,*,#4507,.F.);
#5884=ORIENTED_EDGE('',*,*,#4283,.F.);
#5885=ORIENTED_EDGE('',*,*,#4348,.T.);
#5886=ORIENTED_EDGE('',*,*,#4431,.F.);
#5887=ORIENTED_EDGE('',*,*,#4284,.F.);
#5888=ORIENTED_EDGE('',*,*,#4507,.T.);
#5889=ORIENTED_EDGE('',*,*,#4508,.F.);
#5890=ORIENTED_EDGE('',*,*,#4471,.T.);
#5891=ORIENTED_EDGE('',*,*,#4291,.F.);
#5892=ORIENTED_EDGE('',*,*,#4290,.F.);
#5893=ORIENTED_EDGE('',*,*,#4289,.F.);
#5894=ORIENTED_EDGE('',*,*,#4476,.T.);
#5895=ORIENTED_EDGE('',*,*,#4504,.F.);
#5896=ORIENTED_EDGE('',*,*,#4278,.T.);
#5897=ORIENTED_EDGE('',*,*,#4429,.F.);
#5898=ORIENTED_EDGE('',*,*,#4346,.T.);
#5899=ORIENTED_EDGE('',*,*,#4475,.F.);
#5900=ORIENTED_EDGE('',*,*,#4482,.F.);
#5901=ORIENTED_EDGE('',*,*,#4472,.F.);
#5902=ORIENTED_EDGE('',*,*,#4508,.T.);
#5903=ORIENTED_EDGE('',*,*,#4479,.F.);
#5904=ORIENTED_EDGE('',*,*,#4492,.F.);
#5905=ORIENTED_EDGE('',*,*,#4506,.F.);
#5906=ORIENTED_EDGE('',*,*,#4493,.T.);
#5907=ORIENTED_EDGE('',*,*,#4469,.F.);
#5908=ORIENTED_EDGE('',*,*,#4483,.F.);
#5909=ORIENTED_EDGE('',*,*,#4466,.F.);
#5910=ORIENTED_EDGE('',*,*,#4503,.T.);
#5911=ORIENTED_EDGE('',*,*,#4463,.F.);
#5912=ORIENTED_EDGE('',*,*,#4484,.F.);
#5913=ORIENTED_EDGE('',*,*,#4460,.F.);
#5914=ORIENTED_EDGE('',*,*,#4502,.T.);
#5915=ORIENTED_EDGE('',*,*,#4457,.F.);
#5916=ORIENTED_EDGE('',*,*,#4485,.F.);
#5917=ORIENTED_EDGE('',*,*,#4454,.F.);
#5918=ORIENTED_EDGE('',*,*,#4501,.T.);
#5919=ORIENTED_EDGE('',*,*,#4451,.F.);
#5920=ORIENTED_EDGE('',*,*,#4486,.F.);
#5921=ORIENTED_EDGE('',*,*,#4448,.F.);
#5922=ORIENTED_EDGE('',*,*,#4500,.T.);
#5923=ORIENTED_EDGE('',*,*,#4445,.F.);
#5924=ORIENTED_EDGE('',*,*,#4487,.F.);
#5925=ORIENTED_EDGE('',*,*,#4442,.F.);
#5926=ORIENTED_EDGE('',*,*,#4499,.T.);
#5927=ORIENTED_EDGE('',*,*,#4439,.F.);
#5928=ORIENTED_EDGE('',*,*,#4488,.F.);
#5929=ORIENTED_EDGE('',*,*,#4436,.F.);
#5930=ORIENTED_EDGE('',*,*,#4498,.T.);
#5931=ORIENTED_EDGE('',*,*,#4433,.F.);
#5932=ORIENTED_EDGE('',*,*,#4490,.F.);
#5933=ORIENTED_EDGE('',*,*,#4505,.F.);
#5934=ORIENTED_EDGE('',*,*,#4496,.T.);
#5935=ORIENTED_EDGE('',*,*,#4509,.T.);
#5936=ORIENTED_EDGE('',*,*,#4510,.T.);
#5937=ORIENTED_EDGE('',*,*,#4329,.T.);
#5938=ORIENTED_EDGE('',*,*,#4511,.T.);
#5939=ORIENTED_EDGE('',*,*,#4512,.T.);
#5940=ORIENTED_EDGE('',*,*,#4513,.T.);
#5941=ORIENTED_EDGE('',*,*,#4327,.T.);
#5942=ORIENTED_EDGE('',*,*,#4514,.T.);
#5943=ORIENTED_EDGE('',*,*,#4325,.T.);
#5944=ORIENTED_EDGE('',*,*,#4515,.T.);
#5945=ORIENTED_EDGE('',*,*,#4516,.T.);
#5946=ORIENTED_EDGE('',*,*,#4517,.T.);
#5947=ORIENTED_EDGE('',*,*,#4323,.T.);
#5948=ORIENTED_EDGE('',*,*,#4518,.T.);
#5949=ORIENTED_EDGE('',*,*,#4519,.T.);
#5950=ORIENTED_EDGE('',*,*,#4520,.T.);
#5951=ORIENTED_EDGE('',*,*,#4321,.T.);
#5952=ORIENTED_EDGE('',*,*,#4521,.T.);
#5953=ORIENTED_EDGE('',*,*,#4522,.T.);
#5954=ORIENTED_EDGE('',*,*,#4523,.T.);
#5955=ORIENTED_EDGE('',*,*,#4331,.T.);
#5956=ORIENTED_EDGE('',*,*,#4524,.T.);
#5957=ORIENTED_EDGE('',*,*,#4525,.T.);
#5958=ORIENTED_EDGE('',*,*,#4526,.T.);
#5959=ORIENTED_EDGE('',*,*,#4527,.F.);
#5960=ORIENTED_EDGE('',*,*,#4528,.T.);
#5961=ORIENTED_EDGE('',*,*,#4529,.T.);
#5962=ORIENTED_EDGE('',*,*,#4530,.T.);
#5963=ORIENTED_EDGE('',*,*,#4531,.T.);
#5964=ORIENTED_EDGE('',*,*,#4532,.T.);
#5965=ORIENTED_EDGE('',*,*,#4533,.T.);
#5966=ORIENTED_EDGE('',*,*,#4324,.F.);
#5967=ORIENTED_EDGE('',*,*,#4520,.F.);
#5968=ORIENTED_EDGE('',*,*,#4534,.F.);
#5969=ORIENTED_EDGE('',*,*,#4515,.F.);
#5970=ORIENTED_EDGE('',*,*,#4535,.F.);
#5971=ORIENTED_EDGE('',*,*,#4516,.F.);
#5972=ORIENTED_EDGE('',*,*,#4536,.F.);
#5973=ORIENTED_EDGE('',*,*,#4532,.F.);
#5974=ORIENTED_EDGE('',*,*,#4326,.F.);
#5975=ORIENTED_EDGE('',*,*,#4517,.F.);
#5976=ORIENTED_EDGE('',*,*,#4537,.F.);
#5977=ORIENTED_EDGE('',*,*,#4514,.F.);
#5978=ORIENTED_EDGE('',*,*,#4536,.T.);
#5979=ORIENTED_EDGE('',*,*,#4534,.T.);
#5980=ORIENTED_EDGE('',*,*,#4538,.F.);
#5981=ORIENTED_EDGE('',*,*,#4537,.T.);
#5982=ORIENTED_EDGE('',*,*,#4535,.T.);
#5983=ORIENTED_EDGE('',*,*,#4539,.F.);
#5984=ORIENTED_EDGE('',*,*,#4518,.F.);
#5985=ORIENTED_EDGE('',*,*,#4322,.F.);
#5986=ORIENTED_EDGE('',*,*,#4523,.F.);
#5987=ORIENTED_EDGE('',*,*,#4540,.F.);
#5988=ORIENTED_EDGE('',*,*,#4538,.T.);
#5989=ORIENTED_EDGE('',*,*,#4519,.F.);
#5990=ORIENTED_EDGE('',*,*,#4541,.F.);
#5991=ORIENTED_EDGE('',*,*,#4533,.F.);
#5992=ORIENTED_EDGE('',*,*,#4539,.T.);
#5993=ORIENTED_EDGE('',*,*,#4531,.F.);
#5994=ORIENTED_EDGE('',*,*,#4542,.F.);
#5995=ORIENTED_EDGE('',*,*,#4512,.F.);
#5996=ORIENTED_EDGE('',*,*,#4328,.F.);
#5997=ORIENTED_EDGE('',*,*,#4513,.F.);
#5998=ORIENTED_EDGE('',*,*,#4543,.F.);
#5999=ORIENTED_EDGE('',*,*,#4511,.F.);
#6000=ORIENTED_EDGE('',*,*,#4541,.T.);
#6001=ORIENTED_EDGE('',*,*,#4540,.T.);
#6002=ORIENTED_EDGE('',*,*,#4544,.F.);
#6003=ORIENTED_EDGE('',*,*,#4527,.T.);
#6004=ORIENTED_EDGE('',*,*,#4543,.T.);
#6005=ORIENTED_EDGE('',*,*,#4542,.T.);
#6006=ORIENTED_EDGE('',*,*,#4545,.F.);
#6007=ORIENTED_EDGE('',*,*,#4332,.F.);
#6008=ORIENTED_EDGE('',*,*,#4526,.F.);
#6009=ORIENTED_EDGE('',*,*,#4546,.F.);
#6010=ORIENTED_EDGE('',*,*,#4521,.F.);
#6011=ORIENTED_EDGE('',*,*,#4544,.T.);
#6012=ORIENTED_EDGE('',*,*,#4522,.F.);
#6013=ORIENTED_EDGE('',*,*,#4547,.F.);
#6014=ORIENTED_EDGE('',*,*,#4528,.F.);
#6015=ORIENTED_EDGE('',*,*,#4545,.T.);
#6016=ORIENTED_EDGE('',*,*,#4530,.F.);
#6017=ORIENTED_EDGE('',*,*,#4548,.F.);
#6018=ORIENTED_EDGE('',*,*,#4509,.F.);
#6019=ORIENTED_EDGE('',*,*,#4330,.F.);
#6020=ORIENTED_EDGE('',*,*,#4510,.F.);
#6021=ORIENTED_EDGE('',*,*,#4549,.F.);
#6022=ORIENTED_EDGE('',*,*,#4524,.F.);
#6023=ORIENTED_EDGE('',*,*,#4547,.T.);
#6024=ORIENTED_EDGE('',*,*,#4546,.T.);
#6025=ORIENTED_EDGE('',*,*,#4550,.F.);
#6026=ORIENTED_EDGE('',*,*,#4549,.T.);
#6027=ORIENTED_EDGE('',*,*,#4548,.T.);
#6028=ORIENTED_EDGE('',*,*,#4551,.F.);
#6029=ORIENTED_EDGE('',*,*,#4550,.T.);
#6030=ORIENTED_EDGE('',*,*,#4525,.F.);
#6031=ORIENTED_EDGE('',*,*,#4551,.T.);
#6032=ORIENTED_EDGE('',*,*,#4529,.F.);
#6033=ORIENTED_EDGE('',*,*,#4334,.T.);
#6034=ORIENTED_EDGE('',*,*,#4552,.F.);
#6035=ORIENTED_EDGE('',*,*,#4553,.F.);
#6036=ORIENTED_EDGE('',*,*,#4554,.T.);
#6037=ORIENTED_EDGE('',*,*,#4333,.T.);
#6038=ORIENTED_EDGE('',*,*,#4555,.F.);
#6039=ORIENTED_EDGE('',*,*,#4556,.F.);
#6040=ORIENTED_EDGE('',*,*,#4552,.T.);
#6041=ORIENTED_EDGE('',*,*,#4336,.T.);
#6042=ORIENTED_EDGE('',*,*,#4557,.F.);
#6043=ORIENTED_EDGE('',*,*,#4558,.F.);
#6044=ORIENTED_EDGE('',*,*,#4555,.T.);
#6045=ORIENTED_EDGE('',*,*,#4335,.T.);
#6046=ORIENTED_EDGE('',*,*,#4554,.F.);
#6047=ORIENTED_EDGE('',*,*,#4559,.F.);
#6048=ORIENTED_EDGE('',*,*,#4557,.T.);
#6049=ORIENTED_EDGE('',*,*,#4553,.T.);
#6050=ORIENTED_EDGE('',*,*,#4556,.T.);
#6051=ORIENTED_EDGE('',*,*,#4558,.T.);
#6052=ORIENTED_EDGE('',*,*,#4559,.T.);
#6053=ORIENTED_EDGE('',*,*,#4271,.F.);
#6054=ORIENTED_EDGE('',*,*,#4273,.T.);
#6055=ORIENTED_EDGE('',*,*,#4274,.F.);
#6056=ORIENTED_EDGE('',*,*,#4266,.T.);
#6057=ORIENTED_EDGE('',*,*,#4560,.T.);
#6058=ORIENTED_EDGE('',*,*,#4276,.F.);
#6059=ORIENTED_EDGE('',*,*,#4268,.F.);
#6060=ORIENTED_EDGE('',*,*,#4265,.F.);
#6061=ORIENTED_EDGE('',*,*,#4270,.F.);
#6062=ORIENTED_EDGE('',*,*,#4267,.T.);
#6063=ORIENTED_EDGE('',*,*,#4560,.F.);
#6064=ORIENTED_EDGE('',*,*,#4561,.T.);
#6065=ORIENTED_EDGE('',*,*,#4562,.F.);
#6066=ORIENTED_EDGE('',*,*,#4563,.F.);
#6067=ORIENTED_EDGE('',*,*,#4564,.T.);
#6068=ORIENTED_EDGE('',*,*,#4565,.T.);
#6069=ORIENTED_EDGE('',*,*,#4566,.F.);
#6070=ORIENTED_EDGE('',*,*,#4567,.F.);
#6071=ORIENTED_EDGE('',*,*,#4562,.T.);
#6072=ORIENTED_EDGE('',*,*,#4568,.T.);
#6073=ORIENTED_EDGE('',*,*,#4569,.F.);
#6074=ORIENTED_EDGE('',*,*,#4570,.F.);
#6075=ORIENTED_EDGE('',*,*,#4566,.T.);
#6076=ORIENTED_EDGE('',*,*,#4571,.T.);
#6077=ORIENTED_EDGE('',*,*,#4572,.F.);
#6078=ORIENTED_EDGE('',*,*,#4573,.F.);
#6079=ORIENTED_EDGE('',*,*,#4569,.T.);
#6080=ORIENTED_EDGE('',*,*,#4574,.T.);
#6081=ORIENTED_EDGE('',*,*,#4575,.F.);
#6082=ORIENTED_EDGE('',*,*,#4576,.F.);
#6083=ORIENTED_EDGE('',*,*,#4572,.T.);
#6084=ORIENTED_EDGE('',*,*,#4577,.T.);
#6085=ORIENTED_EDGE('',*,*,#4564,.F.);
#6086=ORIENTED_EDGE('',*,*,#4578,.F.);
#6087=ORIENTED_EDGE('',*,*,#4575,.T.);
#6088=ORIENTED_EDGE('',*,*,#4563,.T.);
#6089=ORIENTED_EDGE('',*,*,#4567,.T.);
#6090=ORIENTED_EDGE('',*,*,#4570,.T.);
#6091=ORIENTED_EDGE('',*,*,#4573,.T.);
#6092=ORIENTED_EDGE('',*,*,#4576,.T.);
#6093=ORIENTED_EDGE('',*,*,#4578,.T.);
#6094=ORIENTED_EDGE('',*,*,#4561,.F.);
#6095=ORIENTED_EDGE('',*,*,#4577,.F.);
#6096=ORIENTED_EDGE('',*,*,#4574,.F.);
#6097=ORIENTED_EDGE('',*,*,#4571,.F.);
#6098=ORIENTED_EDGE('',*,*,#4568,.F.);
#6099=ORIENTED_EDGE('',*,*,#4565,.F.);
#6100=ORIENTED_EDGE('',*,*,#4579,.T.);
#6101=ORIENTED_EDGE('',*,*,#4580,.T.);
#6102=ORIENTED_EDGE('',*,*,#4581,.F.);
#6103=ORIENTED_EDGE('',*,*,#4582,.F.);
#6104=ORIENTED_EDGE('',*,*,#4583,.T.);
#6105=ORIENTED_EDGE('',*,*,#4584,.F.);
#6106=ORIENTED_EDGE('',*,*,#4585,.F.);
#6107=ORIENTED_EDGE('',*,*,#4581,.T.);
#6108=ORIENTED_EDGE('',*,*,#4584,.T.);
#6109=ORIENTED_EDGE('',*,*,#4586,.T.);
#6110=ORIENTED_EDGE('',*,*,#4587,.F.);
#6111=ORIENTED_EDGE('',*,*,#4588,.F.);
#6112=ORIENTED_EDGE('',*,*,#4587,.T.);
#6113=ORIENTED_EDGE('',*,*,#4589,.T.);
#6114=ORIENTED_EDGE('',*,*,#4590,.F.);
#6115=ORIENTED_EDGE('',*,*,#4591,.F.);
#6116=ORIENTED_EDGE('',*,*,#4590,.T.);
#6117=ORIENTED_EDGE('',*,*,#4592,.T.);
#6118=ORIENTED_EDGE('',*,*,#4593,.F.);
#6119=ORIENTED_EDGE('',*,*,#4594,.F.);
#6120=ORIENTED_EDGE('',*,*,#4593,.T.);
#6121=ORIENTED_EDGE('',*,*,#4595,.T.);
#6122=ORIENTED_EDGE('',*,*,#4596,.F.);
#6123=ORIENTED_EDGE('',*,*,#4597,.F.);
#6124=ORIENTED_EDGE('',*,*,#4596,.T.);
#6125=ORIENTED_EDGE('',*,*,#4598,.T.);
#6126=ORIENTED_EDGE('',*,*,#4599,.F.);
#6127=ORIENTED_EDGE('',*,*,#4600,.F.);
#6128=ORIENTED_EDGE('',*,*,#4599,.T.);
#6129=ORIENTED_EDGE('',*,*,#4601,.T.);
#6130=ORIENTED_EDGE('',*,*,#4602,.F.);
#6131=ORIENTED_EDGE('',*,*,#4603,.F.);
#6132=ORIENTED_EDGE('',*,*,#4604,.T.);
#6133=ORIENTED_EDGE('',*,*,#4605,.F.);
#6134=ORIENTED_EDGE('',*,*,#4606,.F.);
#6135=ORIENTED_EDGE('',*,*,#4602,.T.);
#6136=ORIENTED_EDGE('',*,*,#4605,.T.);
#6137=ORIENTED_EDGE('',*,*,#4607,.T.);
#6138=ORIENTED_EDGE('',*,*,#4608,.F.);
#6139=ORIENTED_EDGE('',*,*,#4609,.F.);
#6140=ORIENTED_EDGE('',*,*,#4608,.T.);
#6141=ORIENTED_EDGE('',*,*,#4610,.T.);
#6142=ORIENTED_EDGE('',*,*,#4611,.F.);
#6143=ORIENTED_EDGE('',*,*,#4612,.F.);
#6144=ORIENTED_EDGE('',*,*,#4611,.T.);
#6145=ORIENTED_EDGE('',*,*,#4613,.T.);
#6146=ORIENTED_EDGE('',*,*,#4614,.F.);
#6147=ORIENTED_EDGE('',*,*,#4615,.F.);
#6148=ORIENTED_EDGE('',*,*,#4614,.T.);
#6149=ORIENTED_EDGE('',*,*,#4616,.T.);
#6150=ORIENTED_EDGE('',*,*,#4617,.F.);
#6151=ORIENTED_EDGE('',*,*,#4618,.F.);
#6152=ORIENTED_EDGE('',*,*,#4617,.T.);
#6153=ORIENTED_EDGE('',*,*,#4619,.T.);
#6154=ORIENTED_EDGE('',*,*,#4579,.F.);
#6155=ORIENTED_EDGE('',*,*,#4620,.F.);
#6156=ORIENTED_EDGE('',*,*,#4582,.T.);
#6157=ORIENTED_EDGE('',*,*,#4585,.T.);
#6158=ORIENTED_EDGE('',*,*,#4588,.T.);
#6159=ORIENTED_EDGE('',*,*,#4591,.T.);
#6160=ORIENTED_EDGE('',*,*,#4594,.T.);
#6161=ORIENTED_EDGE('',*,*,#4597,.T.);
#6162=ORIENTED_EDGE('',*,*,#4600,.T.);
#6163=ORIENTED_EDGE('',*,*,#4603,.T.);
#6164=ORIENTED_EDGE('',*,*,#4606,.T.);
#6165=ORIENTED_EDGE('',*,*,#4609,.T.);
#6166=ORIENTED_EDGE('',*,*,#4612,.T.);
#6167=ORIENTED_EDGE('',*,*,#4615,.T.);
#6168=ORIENTED_EDGE('',*,*,#4618,.T.);
#6169=ORIENTED_EDGE('',*,*,#4620,.T.);
#6170=ORIENTED_EDGE('',*,*,#4580,.F.);
#6171=ORIENTED_EDGE('',*,*,#4619,.F.);
#6172=ORIENTED_EDGE('',*,*,#4616,.F.);
#6173=ORIENTED_EDGE('',*,*,#4613,.F.);
#6174=ORIENTED_EDGE('',*,*,#4610,.F.);
#6175=ORIENTED_EDGE('',*,*,#4607,.F.);
#6176=ORIENTED_EDGE('',*,*,#4604,.F.);
#6177=ORIENTED_EDGE('',*,*,#4601,.F.);
#6178=ORIENTED_EDGE('',*,*,#4598,.F.);
#6179=ORIENTED_EDGE('',*,*,#4595,.F.);
#6180=ORIENTED_EDGE('',*,*,#4592,.F.);
#6181=ORIENTED_EDGE('',*,*,#4589,.F.);
#6182=ORIENTED_EDGE('',*,*,#4586,.F.);
#6183=ORIENTED_EDGE('',*,*,#4583,.F.);
#6184=ORIENTED_EDGE('',*,*,#4621,.T.);
#6185=ORIENTED_EDGE('',*,*,#4622,.F.);
#6186=ORIENTED_EDGE('',*,*,#4623,.F.);
#6187=ORIENTED_EDGE('',*,*,#4624,.T.);
#6188=ORIENTED_EDGE('',*,*,#4625,.T.);
#6189=ORIENTED_EDGE('',*,*,#4626,.F.);
#6190=ORIENTED_EDGE('',*,*,#4627,.F.);
#6191=ORIENTED_EDGE('',*,*,#4622,.T.);
#6192=ORIENTED_EDGE('',*,*,#4628,.T.);
#6193=ORIENTED_EDGE('',*,*,#4629,.F.);
#6194=ORIENTED_EDGE('',*,*,#4630,.F.);
#6195=ORIENTED_EDGE('',*,*,#4626,.T.);
#6196=ORIENTED_EDGE('',*,*,#4631,.T.);
#6197=ORIENTED_EDGE('',*,*,#4632,.F.);
#6198=ORIENTED_EDGE('',*,*,#4633,.F.);
#6199=ORIENTED_EDGE('',*,*,#4629,.T.);
#6200=ORIENTED_EDGE('',*,*,#4634,.T.);
#6201=ORIENTED_EDGE('',*,*,#4635,.F.);
#6202=ORIENTED_EDGE('',*,*,#4636,.F.);
#6203=ORIENTED_EDGE('',*,*,#4632,.T.);
#6204=ORIENTED_EDGE('',*,*,#4637,.T.);
#6205=ORIENTED_EDGE('',*,*,#4638,.F.);
#6206=ORIENTED_EDGE('',*,*,#4639,.F.);
#6207=ORIENTED_EDGE('',*,*,#4635,.T.);
#6208=ORIENTED_EDGE('',*,*,#4640,.T.);
#6209=ORIENTED_EDGE('',*,*,#4641,.F.);
#6210=ORIENTED_EDGE('',*,*,#4642,.F.);
#6211=ORIENTED_EDGE('',*,*,#4638,.T.);
#6212=ORIENTED_EDGE('',*,*,#4643,.T.);
#6213=ORIENTED_EDGE('',*,*,#4644,.F.);
#6214=ORIENTED_EDGE('',*,*,#4645,.F.);
#6215=ORIENTED_EDGE('',*,*,#4641,.T.);
#6216=ORIENTED_EDGE('',*,*,#4646,.T.);
#6217=ORIENTED_EDGE('',*,*,#4647,.F.);
#6218=ORIENTED_EDGE('',*,*,#4648,.F.);
#6219=ORIENTED_EDGE('',*,*,#4644,.T.);
#6220=ORIENTED_EDGE('',*,*,#4649,.T.);
#6221=ORIENTED_EDGE('',*,*,#4650,.F.);
#6222=ORIENTED_EDGE('',*,*,#4651,.F.);
#6223=ORIENTED_EDGE('',*,*,#4647,.T.);
#6224=ORIENTED_EDGE('',*,*,#4652,.T.);
#6225=ORIENTED_EDGE('',*,*,#4653,.F.);
#6226=ORIENTED_EDGE('',*,*,#4654,.F.);
#6227=ORIENTED_EDGE('',*,*,#4650,.T.);
#6228=ORIENTED_EDGE('',*,*,#4655,.T.);
#6229=ORIENTED_EDGE('',*,*,#4624,.F.);
#6230=ORIENTED_EDGE('',*,*,#4656,.F.);
#6231=ORIENTED_EDGE('',*,*,#4653,.T.);
#6232=ORIENTED_EDGE('',*,*,#4623,.T.);
#6233=ORIENTED_EDGE('',*,*,#4627,.T.);
#6234=ORIENTED_EDGE('',*,*,#4630,.T.);
#6235=ORIENTED_EDGE('',*,*,#4633,.T.);
#6236=ORIENTED_EDGE('',*,*,#4636,.T.);
#6237=ORIENTED_EDGE('',*,*,#4639,.T.);
#6238=ORIENTED_EDGE('',*,*,#4642,.T.);
#6239=ORIENTED_EDGE('',*,*,#4645,.T.);
#6240=ORIENTED_EDGE('',*,*,#4648,.T.);
#6241=ORIENTED_EDGE('',*,*,#4651,.T.);
#6242=ORIENTED_EDGE('',*,*,#4654,.T.);
#6243=ORIENTED_EDGE('',*,*,#4656,.T.);
#6244=ORIENTED_EDGE('',*,*,#4621,.F.);
#6245=ORIENTED_EDGE('',*,*,#4655,.F.);
#6246=ORIENTED_EDGE('',*,*,#4652,.F.);
#6247=ORIENTED_EDGE('',*,*,#4649,.F.);
#6248=ORIENTED_EDGE('',*,*,#4646,.F.);
#6249=ORIENTED_EDGE('',*,*,#4643,.F.);
#6250=ORIENTED_EDGE('',*,*,#4640,.F.);
#6251=ORIENTED_EDGE('',*,*,#4637,.F.);
#6252=ORIENTED_EDGE('',*,*,#4634,.F.);
#6253=ORIENTED_EDGE('',*,*,#4631,.F.);
#6254=ORIENTED_EDGE('',*,*,#4628,.F.);
#6255=ORIENTED_EDGE('',*,*,#4625,.F.);
#6256=ORIENTED_EDGE('',*,*,#4657,.T.);
#6257=ORIENTED_EDGE('',*,*,#4658,.T.);
#6258=ORIENTED_EDGE('',*,*,#4659,.T.);
#6259=ORIENTED_EDGE('',*,*,#4660,.T.);
#6260=ORIENTED_EDGE('',*,*,#4661,.T.);
#6261=ORIENTED_EDGE('',*,*,#4662,.T.);
#6262=ORIENTED_EDGE('',*,*,#4663,.T.);
#6263=ORIENTED_EDGE('',*,*,#4664,.F.);
#6264=ORIENTED_EDGE('',*,*,#4665,.F.);
#6265=ORIENTED_EDGE('',*,*,#4666,.F.);
#6266=ORIENTED_EDGE('',*,*,#4667,.F.);
#6267=ORIENTED_EDGE('',*,*,#4668,.F.);
#6268=ORIENTED_EDGE('',*,*,#4669,.F.);
#6269=ORIENTED_EDGE('',*,*,#4670,.F.);
#6270=ORIENTED_EDGE('',*,*,#4671,.F.);
#6271=ORIENTED_EDGE('',*,*,#4672,.F.);
#6272=ORIENTED_EDGE('',*,*,#4673,.F.);
#6273=ORIENTED_EDGE('',*,*,#4674,.F.);
#6274=ORIENTED_EDGE('',*,*,#4675,.F.);
#6275=ORIENTED_EDGE('',*,*,#4676,.F.);
#6276=ORIENTED_EDGE('',*,*,#4677,.F.);
#6277=ORIENTED_EDGE('',*,*,#4678,.T.);
#6278=ORIENTED_EDGE('',*,*,#4679,.T.);
#6279=ORIENTED_EDGE('',*,*,#4680,.T.);
#6280=ORIENTED_EDGE('',*,*,#4681,.T.);
#6281=ORIENTED_EDGE('',*,*,#4682,.T.);
#6282=ORIENTED_EDGE('',*,*,#4683,.T.);
#6283=ORIENTED_EDGE('',*,*,#4684,.T.);
#6284=ORIENTED_EDGE('',*,*,#4671,.T.);
#6285=ORIENTED_EDGE('',*,*,#4685,.F.);
#6286=ORIENTED_EDGE('',*,*,#4657,.F.);
#6287=ORIENTED_EDGE('',*,*,#4686,.T.);
#6288=ORIENTED_EDGE('',*,*,#4685,.T.);
#6289=ORIENTED_EDGE('',*,*,#4677,.T.);
#6290=ORIENTED_EDGE('',*,*,#4687,.F.);
#6291=ORIENTED_EDGE('',*,*,#4658,.F.);
#6292=ORIENTED_EDGE('',*,*,#4687,.T.);
#6293=ORIENTED_EDGE('',*,*,#4676,.T.);
#6294=ORIENTED_EDGE('',*,*,#4688,.F.);
#6295=ORIENTED_EDGE('',*,*,#4659,.F.);
#6296=ORIENTED_EDGE('',*,*,#4688,.T.);
#6297=ORIENTED_EDGE('',*,*,#4675,.T.);
#6298=ORIENTED_EDGE('',*,*,#4689,.F.);
#6299=ORIENTED_EDGE('',*,*,#4660,.F.);
#6300=ORIENTED_EDGE('',*,*,#4689,.T.);
#6301=ORIENTED_EDGE('',*,*,#4674,.T.);
#6302=ORIENTED_EDGE('',*,*,#4690,.F.);
#6303=ORIENTED_EDGE('',*,*,#4661,.F.);
#6304=ORIENTED_EDGE('',*,*,#4673,.T.);
#6305=ORIENTED_EDGE('',*,*,#4691,.F.);
#6306=ORIENTED_EDGE('',*,*,#4662,.F.);
#6307=ORIENTED_EDGE('',*,*,#4690,.T.);
#6308=ORIENTED_EDGE('',*,*,#4672,.T.);
#6309=ORIENTED_EDGE('',*,*,#4686,.F.);
#6310=ORIENTED_EDGE('',*,*,#4663,.F.);
#6311=ORIENTED_EDGE('',*,*,#4691,.T.);
#6312=ORIENTED_EDGE('',*,*,#4678,.F.);
#6313=ORIENTED_EDGE('',*,*,#4692,.F.);
#6314=ORIENTED_EDGE('',*,*,#4665,.T.);
#6315=ORIENTED_EDGE('',*,*,#4693,.T.);
#6316=ORIENTED_EDGE('',*,*,#4679,.F.);
#6317=ORIENTED_EDGE('',*,*,#4693,.F.);
#6318=ORIENTED_EDGE('',*,*,#4664,.T.);
#6319=ORIENTED_EDGE('',*,*,#4694,.T.);
#6320=ORIENTED_EDGE('',*,*,#4680,.F.);
#6321=ORIENTED_EDGE('',*,*,#4694,.F.);
#6322=ORIENTED_EDGE('',*,*,#4670,.T.);
#6323=ORIENTED_EDGE('',*,*,#4695,.T.);
#6324=ORIENTED_EDGE('',*,*,#4681,.F.);
#6325=ORIENTED_EDGE('',*,*,#4695,.F.);
#6326=ORIENTED_EDGE('',*,*,#4669,.T.);
#6327=ORIENTED_EDGE('',*,*,#4696,.T.);
#6328=ORIENTED_EDGE('',*,*,#4682,.F.);
#6329=ORIENTED_EDGE('',*,*,#4696,.F.);
#6330=ORIENTED_EDGE('',*,*,#4668,.T.);
#6331=ORIENTED_EDGE('',*,*,#4697,.T.);
#6332=ORIENTED_EDGE('',*,*,#4683,.F.);
#6333=ORIENTED_EDGE('',*,*,#4697,.F.);
#6334=ORIENTED_EDGE('',*,*,#4667,.T.);
#6335=ORIENTED_EDGE('',*,*,#4698,.T.);
#6336=ORIENTED_EDGE('',*,*,#4684,.F.);
#6337=ORIENTED_EDGE('',*,*,#4698,.F.);
#6338=ORIENTED_EDGE('',*,*,#4666,.T.);
#6339=ORIENTED_EDGE('',*,*,#4692,.T.);
#6340=ORIENTED_EDGE('',*,*,#4699,.T.);
#6341=ORIENTED_EDGE('',*,*,#4700,.T.);
#6342=ORIENTED_EDGE('',*,*,#4701,.T.);
#6343=ORIENTED_EDGE('',*,*,#4702,.T.);
#6344=ORIENTED_EDGE('',*,*,#4703,.T.);
#6345=ORIENTED_EDGE('',*,*,#4704,.T.);
#6346=ORIENTED_EDGE('',*,*,#4705,.T.);
#6347=ORIENTED_EDGE('',*,*,#4706,.T.);
#6348=ORIENTED_EDGE('',*,*,#4707,.F.);
#6349=ORIENTED_EDGE('',*,*,#4708,.F.);
#6350=ORIENTED_EDGE('',*,*,#4709,.F.);
#6351=ORIENTED_EDGE('',*,*,#4710,.F.);
#6352=ORIENTED_EDGE('',*,*,#4711,.F.);
#6353=ORIENTED_EDGE('',*,*,#4712,.F.);
#6354=ORIENTED_EDGE('',*,*,#4713,.F.);
#6355=ORIENTED_EDGE('',*,*,#4714,.F.);
#6356=ORIENTED_EDGE('',*,*,#4715,.F.);
#6357=ORIENTED_EDGE('',*,*,#4716,.F.);
#6358=ORIENTED_EDGE('',*,*,#4717,.F.);
#6359=ORIENTED_EDGE('',*,*,#4718,.F.);
#6360=ORIENTED_EDGE('',*,*,#4719,.F.);
#6361=ORIENTED_EDGE('',*,*,#4720,.F.);
#6362=ORIENTED_EDGE('',*,*,#4721,.T.);
#6363=ORIENTED_EDGE('',*,*,#4722,.T.);
#6364=ORIENTED_EDGE('',*,*,#4723,.T.);
#6365=ORIENTED_EDGE('',*,*,#4724,.T.);
#6366=ORIENTED_EDGE('',*,*,#4725,.T.);
#6367=ORIENTED_EDGE('',*,*,#4726,.T.);
#6368=ORIENTED_EDGE('',*,*,#4713,.T.);
#6369=ORIENTED_EDGE('',*,*,#4727,.F.);
#6370=ORIENTED_EDGE('',*,*,#4699,.F.);
#6371=ORIENTED_EDGE('',*,*,#4728,.T.);
#6372=ORIENTED_EDGE('',*,*,#4720,.T.);
#6373=ORIENTED_EDGE('',*,*,#4729,.F.);
#6374=ORIENTED_EDGE('',*,*,#4700,.F.);
#6375=ORIENTED_EDGE('',*,*,#4727,.T.);
#6376=ORIENTED_EDGE('',*,*,#4719,.T.);
#6377=ORIENTED_EDGE('',*,*,#4730,.F.);
#6378=ORIENTED_EDGE('',*,*,#4701,.F.);
#6379=ORIENTED_EDGE('',*,*,#4729,.T.);
#6380=ORIENTED_EDGE('',*,*,#4718,.T.);
#6381=ORIENTED_EDGE('',*,*,#4731,.F.);
#6382=ORIENTED_EDGE('',*,*,#4702,.F.);
#6383=ORIENTED_EDGE('',*,*,#4730,.T.);
#6384=ORIENTED_EDGE('',*,*,#4717,.T.);
#6385=ORIENTED_EDGE('',*,*,#4732,.F.);
#6386=ORIENTED_EDGE('',*,*,#4703,.F.);
#6387=ORIENTED_EDGE('',*,*,#4731,.T.);
#6388=ORIENTED_EDGE('',*,*,#4716,.T.);
#6389=ORIENTED_EDGE('',*,*,#4733,.F.);
#6390=ORIENTED_EDGE('',*,*,#4704,.F.);
#6391=ORIENTED_EDGE('',*,*,#4732,.T.);
#6392=ORIENTED_EDGE('',*,*,#4715,.T.);
#6393=ORIENTED_EDGE('',*,*,#4734,.F.);
#6394=ORIENTED_EDGE('',*,*,#4705,.F.);
#6395=ORIENTED_EDGE('',*,*,#4733,.T.);
#6396=ORIENTED_EDGE('',*,*,#4714,.T.);
#6397=ORIENTED_EDGE('',*,*,#4728,.F.);
#6398=ORIENTED_EDGE('',*,*,#4706,.F.);
#6399=ORIENTED_EDGE('',*,*,#4734,.T.);
#6400=ORIENTED_EDGE('',*,*,#4722,.F.);
#6401=ORIENTED_EDGE('',*,*,#4735,.F.);
#6402=ORIENTED_EDGE('',*,*,#4707,.T.);
#6403=ORIENTED_EDGE('',*,*,#4736,.T.);
#6404=ORIENTED_EDGE('',*,*,#4723,.F.);
#6405=ORIENTED_EDGE('',*,*,#4736,.F.);
#6406=ORIENTED_EDGE('',*,*,#4712,.T.);
#6407=ORIENTED_EDGE('',*,*,#4737,.T.);
#6408=ORIENTED_EDGE('',*,*,#4724,.F.);
#6409=ORIENTED_EDGE('',*,*,#4737,.F.);
#6410=ORIENTED_EDGE('',*,*,#4711,.T.);
#6411=ORIENTED_EDGE('',*,*,#4738,.T.);
#6412=ORIENTED_EDGE('',*,*,#4725,.F.);
#6413=ORIENTED_EDGE('',*,*,#4738,.F.);
#6414=ORIENTED_EDGE('',*,*,#4710,.T.);
#6415=ORIENTED_EDGE('',*,*,#4739,.T.);
#6416=ORIENTED_EDGE('',*,*,#4726,.F.);
#6417=ORIENTED_EDGE('',*,*,#4739,.F.);
#6418=ORIENTED_EDGE('',*,*,#4709,.T.);
#6419=ORIENTED_EDGE('',*,*,#4740,.T.);
#6420=ORIENTED_EDGE('',*,*,#4721,.F.);
#6421=ORIENTED_EDGE('',*,*,#4740,.F.);
#6422=ORIENTED_EDGE('',*,*,#4708,.T.);
#6423=ORIENTED_EDGE('',*,*,#4735,.T.);
#6424=ORIENTED_EDGE('',*,*,#4741,.T.);
#6425=ORIENTED_EDGE('',*,*,#4742,.F.);
#6426=ORIENTED_EDGE('',*,*,#4743,.F.);
#6427=ORIENTED_EDGE('',*,*,#4744,.T.);
#6428=ORIENTED_EDGE('',*,*,#4745,.T.);
#6429=ORIENTED_EDGE('',*,*,#4746,.F.);
#6430=ORIENTED_EDGE('',*,*,#4747,.F.);
#6431=ORIENTED_EDGE('',*,*,#4742,.T.);
#6432=ORIENTED_EDGE('',*,*,#4748,.T.);
#6433=ORIENTED_EDGE('',*,*,#4749,.F.);
#6434=ORIENTED_EDGE('',*,*,#4750,.F.);
#6435=ORIENTED_EDGE('',*,*,#4746,.T.);
#6436=ORIENTED_EDGE('',*,*,#4751,.T.);
#6437=ORIENTED_EDGE('',*,*,#4752,.F.);
#6438=ORIENTED_EDGE('',*,*,#4753,.F.);
#6439=ORIENTED_EDGE('',*,*,#4749,.T.);
#6440=ORIENTED_EDGE('',*,*,#4754,.T.);
#6441=ORIENTED_EDGE('',*,*,#4755,.F.);
#6442=ORIENTED_EDGE('',*,*,#4756,.F.);
#6443=ORIENTED_EDGE('',*,*,#4752,.T.);
#6444=ORIENTED_EDGE('',*,*,#4757,.T.);
#6445=ORIENTED_EDGE('',*,*,#4758,.F.);
#6446=ORIENTED_EDGE('',*,*,#4759,.F.);
#6447=ORIENTED_EDGE('',*,*,#4755,.T.);
#6448=ORIENTED_EDGE('',*,*,#4760,.T.);
#6449=ORIENTED_EDGE('',*,*,#4761,.F.);
#6450=ORIENTED_EDGE('',*,*,#4762,.F.);
#6451=ORIENTED_EDGE('',*,*,#4758,.T.);
#6452=ORIENTED_EDGE('',*,*,#4763,.T.);
#6453=ORIENTED_EDGE('',*,*,#4764,.F.);
#6454=ORIENTED_EDGE('',*,*,#4765,.F.);
#6455=ORIENTED_EDGE('',*,*,#4761,.T.);
#6456=ORIENTED_EDGE('',*,*,#4766,.T.);
#6457=ORIENTED_EDGE('',*,*,#4767,.F.);
#6458=ORIENTED_EDGE('',*,*,#4768,.F.);
#6459=ORIENTED_EDGE('',*,*,#4764,.T.);
#6460=ORIENTED_EDGE('',*,*,#4769,.T.);
#6461=ORIENTED_EDGE('',*,*,#4770,.F.);
#6462=ORIENTED_EDGE('',*,*,#4771,.F.);
#6463=ORIENTED_EDGE('',*,*,#4767,.T.);
#6464=ORIENTED_EDGE('',*,*,#4772,.T.);
#6465=ORIENTED_EDGE('',*,*,#4773,.F.);
#6466=ORIENTED_EDGE('',*,*,#4774,.F.);
#6467=ORIENTED_EDGE('',*,*,#4770,.T.);
#6468=ORIENTED_EDGE('',*,*,#4775,.T.);
#6469=ORIENTED_EDGE('',*,*,#4744,.F.);
#6470=ORIENTED_EDGE('',*,*,#4776,.F.);
#6471=ORIENTED_EDGE('',*,*,#4773,.T.);
#6472=ORIENTED_EDGE('',*,*,#4743,.T.);
#6473=ORIENTED_EDGE('',*,*,#4747,.T.);
#6474=ORIENTED_EDGE('',*,*,#4750,.T.);
#6475=ORIENTED_EDGE('',*,*,#4753,.T.);
#6476=ORIENTED_EDGE('',*,*,#4756,.T.);
#6477=ORIENTED_EDGE('',*,*,#4759,.T.);
#6478=ORIENTED_EDGE('',*,*,#4762,.T.);
#6479=ORIENTED_EDGE('',*,*,#4765,.T.);
#6480=ORIENTED_EDGE('',*,*,#4768,.T.);
#6481=ORIENTED_EDGE('',*,*,#4771,.T.);
#6482=ORIENTED_EDGE('',*,*,#4774,.T.);
#6483=ORIENTED_EDGE('',*,*,#4776,.T.);
#6484=ORIENTED_EDGE('',*,*,#4741,.F.);
#6485=ORIENTED_EDGE('',*,*,#4775,.F.);
#6486=ORIENTED_EDGE('',*,*,#4772,.F.);
#6487=ORIENTED_EDGE('',*,*,#4769,.F.);
#6488=ORIENTED_EDGE('',*,*,#4766,.F.);
#6489=ORIENTED_EDGE('',*,*,#4763,.F.);
#6490=ORIENTED_EDGE('',*,*,#4760,.F.);
#6491=ORIENTED_EDGE('',*,*,#4757,.F.);
#6492=ORIENTED_EDGE('',*,*,#4754,.F.);
#6493=ORIENTED_EDGE('',*,*,#4751,.F.);
#6494=ORIENTED_EDGE('',*,*,#4748,.F.);
#6495=ORIENTED_EDGE('',*,*,#4745,.F.);
#6496=ORIENTED_EDGE('',*,*,#4777,.T.);
#6497=ORIENTED_EDGE('',*,*,#4778,.T.);
#6498=ORIENTED_EDGE('',*,*,#4779,.T.);
#6499=ORIENTED_EDGE('',*,*,#4780,.T.);
#6500=ORIENTED_EDGE('',*,*,#4781,.T.);
#6501=ORIENTED_EDGE('',*,*,#4782,.T.);
#6502=ORIENTED_EDGE('',*,*,#4783,.T.);
#6503=ORIENTED_EDGE('',*,*,#4784,.T.);
#6504=ORIENTED_EDGE('',*,*,#4785,.T.);
#6505=ORIENTED_EDGE('',*,*,#4786,.T.);
#6506=ORIENTED_EDGE('',*,*,#4787,.T.);
#6507=ORIENTED_EDGE('',*,*,#4788,.T.);
#6508=ORIENTED_EDGE('',*,*,#4789,.T.);
#6509=ORIENTED_EDGE('',*,*,#4790,.T.);
#6510=ORIENTED_EDGE('',*,*,#4791,.F.);
#6511=ORIENTED_EDGE('',*,*,#4792,.F.);
#6512=ORIENTED_EDGE('',*,*,#4793,.F.);
#6513=ORIENTED_EDGE('',*,*,#4794,.F.);
#6514=ORIENTED_EDGE('',*,*,#4795,.F.);
#6515=ORIENTED_EDGE('',*,*,#4796,.F.);
#6516=ORIENTED_EDGE('',*,*,#4797,.F.);
#6517=ORIENTED_EDGE('',*,*,#4798,.F.);
#6518=ORIENTED_EDGE('',*,*,#4799,.F.);
#6519=ORIENTED_EDGE('',*,*,#4800,.F.);
#6520=ORIENTED_EDGE('',*,*,#4801,.F.);
#6521=ORIENTED_EDGE('',*,*,#4802,.F.);
#6522=ORIENTED_EDGE('',*,*,#4803,.F.);
#6523=ORIENTED_EDGE('',*,*,#4804,.F.);
#6524=ORIENTED_EDGE('',*,*,#4805,.F.);
#6525=ORIENTED_EDGE('',*,*,#4806,.F.);
#6526=ORIENTED_EDGE('',*,*,#4807,.F.);
#6527=ORIENTED_EDGE('',*,*,#4808,.F.);
#6528=ORIENTED_EDGE('',*,*,#4809,.F.);
#6529=ORIENTED_EDGE('',*,*,#4810,.F.);
#6530=ORIENTED_EDGE('',*,*,#4811,.F.);
#6531=ORIENTED_EDGE('',*,*,#4812,.F.);
#6532=ORIENTED_EDGE('',*,*,#4813,.T.);
#6533=ORIENTED_EDGE('',*,*,#4814,.T.);
#6534=ORIENTED_EDGE('',*,*,#4815,.T.);
#6535=ORIENTED_EDGE('',*,*,#4816,.T.);
#6536=ORIENTED_EDGE('',*,*,#4817,.T.);
#6537=ORIENTED_EDGE('',*,*,#4818,.T.);
#6538=ORIENTED_EDGE('',*,*,#4819,.T.);
#6539=ORIENTED_EDGE('',*,*,#4820,.T.);
#6540=ORIENTED_EDGE('',*,*,#4821,.T.);
#6541=ORIENTED_EDGE('',*,*,#4799,.T.);
#6542=ORIENTED_EDGE('',*,*,#4822,.F.);
#6543=ORIENTED_EDGE('',*,*,#4777,.F.);
#6544=ORIENTED_EDGE('',*,*,#4812,.T.);
#6545=ORIENTED_EDGE('',*,*,#4823,.F.);
#6546=ORIENTED_EDGE('',*,*,#4778,.F.);
#6547=ORIENTED_EDGE('',*,*,#4822,.T.);
#6548=ORIENTED_EDGE('',*,*,#4823,.T.);
#6549=ORIENTED_EDGE('',*,*,#4811,.T.);
#6550=ORIENTED_EDGE('',*,*,#4824,.F.);
#6551=ORIENTED_EDGE('',*,*,#4779,.F.);
#6552=ORIENTED_EDGE('',*,*,#4824,.T.);
#6553=ORIENTED_EDGE('',*,*,#4810,.T.);
#6554=ORIENTED_EDGE('',*,*,#4825,.F.);
#6555=ORIENTED_EDGE('',*,*,#4780,.F.);
#6556=ORIENTED_EDGE('',*,*,#4809,.T.);
#6557=ORIENTED_EDGE('',*,*,#4826,.F.);
#6558=ORIENTED_EDGE('',*,*,#4781,.F.);
#6559=ORIENTED_EDGE('',*,*,#4825,.T.);
#6560=ORIENTED_EDGE('',*,*,#4826,.T.);
#6561=ORIENTED_EDGE('',*,*,#4808,.T.);
#6562=ORIENTED_EDGE('',*,*,#4827,.F.);
#6563=ORIENTED_EDGE('',*,*,#4782,.F.);
#6564=ORIENTED_EDGE('',*,*,#4827,.T.);
#6565=ORIENTED_EDGE('',*,*,#4807,.T.);
#6566=ORIENTED_EDGE('',*,*,#4828,.F.);
#6567=ORIENTED_EDGE('',*,*,#4783,.F.);
#6568=ORIENTED_EDGE('',*,*,#4828,.T.);
#6569=ORIENTED_EDGE('',*,*,#4806,.T.);
#6570=ORIENTED_EDGE('',*,*,#4829,.F.);
#6571=ORIENTED_EDGE('',*,*,#4784,.F.);
#6572=ORIENTED_EDGE('',*,*,#4829,.T.);
#6573=ORIENTED_EDGE('',*,*,#4805,.T.);
#6574=ORIENTED_EDGE('',*,*,#4830,.F.);
#6575=ORIENTED_EDGE('',*,*,#4785,.F.);
#6576=ORIENTED_EDGE('',*,*,#4804,.T.);
#6577=ORIENTED_EDGE('',*,*,#4831,.F.);
#6578=ORIENTED_EDGE('',*,*,#4786,.F.);
#6579=ORIENTED_EDGE('',*,*,#4830,.T.);
#6580=ORIENTED_EDGE('',*,*,#4803,.T.);
#6581=ORIENTED_EDGE('',*,*,#4832,.F.);
#6582=ORIENTED_EDGE('',*,*,#4787,.F.);
#6583=ORIENTED_EDGE('',*,*,#4831,.T.);
#6584=ORIENTED_EDGE('',*,*,#4802,.T.);
#6585=ORIENTED_EDGE('',*,*,#4833,.F.);
#6586=ORIENTED_EDGE('',*,*,#4788,.F.);
#6587=ORIENTED_EDGE('',*,*,#4832,.T.);
#6588=ORIENTED_EDGE('',*,*,#4801,.T.);
#6589=ORIENTED_EDGE('',*,*,#4834,.F.);
#6590=ORIENTED_EDGE('',*,*,#4789,.F.);
#6591=ORIENTED_EDGE('',*,*,#4833,.T.);
#6592=ORIENTED_EDGE('',*,*,#4834,.T.);
#6593=ORIENTED_EDGE('',*,*,#4800,.T.);
#6594=ORIENTED_EDGE('',*,*,#4821,.F.);
#6595=ORIENTED_EDGE('',*,*,#4790,.F.);
#6596=ORIENTED_EDGE('',*,*,#4813,.F.);
#6597=ORIENTED_EDGE('',*,*,#4835,.F.);
#6598=ORIENTED_EDGE('',*,*,#4792,.T.);
#6599=ORIENTED_EDGE('',*,*,#4836,.T.);
#6600=ORIENTED_EDGE('',*,*,#4814,.F.);
#6601=ORIENTED_EDGE('',*,*,#4836,.F.);
#6602=ORIENTED_EDGE('',*,*,#4791,.T.);
#6603=ORIENTED_EDGE('',*,*,#4837,.T.);
#6604=ORIENTED_EDGE('',*,*,#4815,.F.);
#6605=ORIENTED_EDGE('',*,*,#4837,.F.);
#6606=ORIENTED_EDGE('',*,*,#4798,.T.);
#6607=ORIENTED_EDGE('',*,*,#4838,.T.);
#6608=ORIENTED_EDGE('',*,*,#4816,.F.);
#6609=ORIENTED_EDGE('',*,*,#4838,.F.);
#6610=ORIENTED_EDGE('',*,*,#4797,.T.);
#6611=ORIENTED_EDGE('',*,*,#4839,.T.);
#6612=ORIENTED_EDGE('',*,*,#4817,.F.);
#6613=ORIENTED_EDGE('',*,*,#4839,.F.);
#6614=ORIENTED_EDGE('',*,*,#4796,.T.);
#6615=ORIENTED_EDGE('',*,*,#4840,.T.);
#6616=ORIENTED_EDGE('',*,*,#4818,.F.);
#6617=ORIENTED_EDGE('',*,*,#4840,.F.);
#6618=ORIENTED_EDGE('',*,*,#4795,.T.);
#6619=ORIENTED_EDGE('',*,*,#4841,.T.);
#6620=ORIENTED_EDGE('',*,*,#4819,.F.);
#6621=ORIENTED_EDGE('',*,*,#4841,.F.);
#6622=ORIENTED_EDGE('',*,*,#4794,.T.);
#6623=ORIENTED_EDGE('',*,*,#4842,.T.);
#6624=ORIENTED_EDGE('',*,*,#4820,.F.);
#6625=ORIENTED_EDGE('',*,*,#4842,.F.);
#6626=ORIENTED_EDGE('',*,*,#4793,.T.);
#6627=ORIENTED_EDGE('',*,*,#4835,.T.);
#6628=ORIENTED_EDGE('',*,*,#4843,.T.);
#6629=ORIENTED_EDGE('',*,*,#4844,.T.);
#6630=ORIENTED_EDGE('',*,*,#4845,.F.);
#6631=ORIENTED_EDGE('',*,*,#4846,.F.);
#6632=ORIENTED_EDGE('',*,*,#4847,.T.);
#6633=ORIENTED_EDGE('',*,*,#4848,.F.);
#6634=ORIENTED_EDGE('',*,*,#4849,.F.);
#6635=ORIENTED_EDGE('',*,*,#4845,.T.);
#6636=ORIENTED_EDGE('',*,*,#4848,.T.);
#6637=ORIENTED_EDGE('',*,*,#4850,.T.);
#6638=ORIENTED_EDGE('',*,*,#4851,.F.);
#6639=ORIENTED_EDGE('',*,*,#4852,.F.);
#6640=ORIENTED_EDGE('',*,*,#4851,.T.);
#6641=ORIENTED_EDGE('',*,*,#4853,.T.);
#6642=ORIENTED_EDGE('',*,*,#4854,.F.);
#6643=ORIENTED_EDGE('',*,*,#4855,.F.);
#6644=ORIENTED_EDGE('',*,*,#4854,.T.);
#6645=ORIENTED_EDGE('',*,*,#4856,.T.);
#6646=ORIENTED_EDGE('',*,*,#4857,.F.);
#6647=ORIENTED_EDGE('',*,*,#4858,.F.);
#6648=ORIENTED_EDGE('',*,*,#4857,.T.);
#6649=ORIENTED_EDGE('',*,*,#4859,.T.);
#6650=ORIENTED_EDGE('',*,*,#4860,.F.);
#6651=ORIENTED_EDGE('',*,*,#4861,.F.);
#6652=ORIENTED_EDGE('',*,*,#4860,.T.);
#6653=ORIENTED_EDGE('',*,*,#4862,.T.);
#6654=ORIENTED_EDGE('',*,*,#4863,.F.);
#6655=ORIENTED_EDGE('',*,*,#4864,.F.);
#6656=ORIENTED_EDGE('',*,*,#4863,.T.);
#6657=ORIENTED_EDGE('',*,*,#4865,.T.);
#6658=ORIENTED_EDGE('',*,*,#4866,.F.);
#6659=ORIENTED_EDGE('',*,*,#4867,.F.);
#6660=ORIENTED_EDGE('',*,*,#4866,.T.);
#6661=ORIENTED_EDGE('',*,*,#4868,.T.);
#6662=ORIENTED_EDGE('',*,*,#4869,.F.);
#6663=ORIENTED_EDGE('',*,*,#4870,.F.);
#6664=ORIENTED_EDGE('',*,*,#4869,.T.);
#6665=ORIENTED_EDGE('',*,*,#4871,.T.);
#6666=ORIENTED_EDGE('',*,*,#4872,.F.);
#6667=ORIENTED_EDGE('',*,*,#4873,.F.);
#6668=ORIENTED_EDGE('',*,*,#4872,.T.);
#6669=ORIENTED_EDGE('',*,*,#4874,.T.);
#6670=ORIENTED_EDGE('',*,*,#4875,.F.);
#6671=ORIENTED_EDGE('',*,*,#4876,.F.);
#6672=ORIENTED_EDGE('',*,*,#4875,.T.);
#6673=ORIENTED_EDGE('',*,*,#4877,.T.);
#6674=ORIENTED_EDGE('',*,*,#4878,.F.);
#6675=ORIENTED_EDGE('',*,*,#4879,.F.);
#6676=ORIENTED_EDGE('',*,*,#4880,.T.);
#6677=ORIENTED_EDGE('',*,*,#4881,.F.);
#6678=ORIENTED_EDGE('',*,*,#4882,.F.);
#6679=ORIENTED_EDGE('',*,*,#4878,.T.);
#6680=ORIENTED_EDGE('',*,*,#4881,.T.);
#6681=ORIENTED_EDGE('',*,*,#4883,.T.);
#6682=ORIENTED_EDGE('',*,*,#4884,.F.);
#6683=ORIENTED_EDGE('',*,*,#4885,.F.);
#6684=ORIENTED_EDGE('',*,*,#4884,.T.);
#6685=ORIENTED_EDGE('',*,*,#4886,.T.);
#6686=ORIENTED_EDGE('',*,*,#4887,.F.);
#6687=ORIENTED_EDGE('',*,*,#4888,.F.);
#6688=ORIENTED_EDGE('',*,*,#4887,.T.);
#6689=ORIENTED_EDGE('',*,*,#4889,.T.);
#6690=ORIENTED_EDGE('',*,*,#4890,.F.);
#6691=ORIENTED_EDGE('',*,*,#4891,.F.);
#6692=ORIENTED_EDGE('',*,*,#4890,.T.);
#6693=ORIENTED_EDGE('',*,*,#4892,.T.);
#6694=ORIENTED_EDGE('',*,*,#4893,.F.);
#6695=ORIENTED_EDGE('',*,*,#4894,.F.);
#6696=ORIENTED_EDGE('',*,*,#4893,.T.);
#6697=ORIENTED_EDGE('',*,*,#4895,.T.);
#6698=ORIENTED_EDGE('',*,*,#4896,.F.);
#6699=ORIENTED_EDGE('',*,*,#4897,.F.);
#6700=ORIENTED_EDGE('',*,*,#4896,.T.);
#6701=ORIENTED_EDGE('',*,*,#4898,.T.);
#6702=ORIENTED_EDGE('',*,*,#4899,.F.);
#6703=ORIENTED_EDGE('',*,*,#4900,.F.);
#6704=ORIENTED_EDGE('',*,*,#4899,.T.);
#6705=ORIENTED_EDGE('',*,*,#4901,.T.);
#6706=ORIENTED_EDGE('',*,*,#4902,.F.);
#6707=ORIENTED_EDGE('',*,*,#4903,.F.);
#6708=ORIENTED_EDGE('',*,*,#4902,.T.);
#6709=ORIENTED_EDGE('',*,*,#4904,.T.);
#6710=ORIENTED_EDGE('',*,*,#4843,.F.);
#6711=ORIENTED_EDGE('',*,*,#4905,.F.);
#6712=ORIENTED_EDGE('',*,*,#4846,.T.);
#6713=ORIENTED_EDGE('',*,*,#4849,.T.);
#6714=ORIENTED_EDGE('',*,*,#4852,.T.);
#6715=ORIENTED_EDGE('',*,*,#4855,.T.);
#6716=ORIENTED_EDGE('',*,*,#4858,.T.);
#6717=ORIENTED_EDGE('',*,*,#4861,.T.);
#6718=ORIENTED_EDGE('',*,*,#4864,.T.);
#6719=ORIENTED_EDGE('',*,*,#4867,.T.);
#6720=ORIENTED_EDGE('',*,*,#4870,.T.);
#6721=ORIENTED_EDGE('',*,*,#4873,.T.);
#6722=ORIENTED_EDGE('',*,*,#4876,.T.);
#6723=ORIENTED_EDGE('',*,*,#4879,.T.);
#6724=ORIENTED_EDGE('',*,*,#4882,.T.);
#6725=ORIENTED_EDGE('',*,*,#4885,.T.);
#6726=ORIENTED_EDGE('',*,*,#4888,.T.);
#6727=ORIENTED_EDGE('',*,*,#4891,.T.);
#6728=ORIENTED_EDGE('',*,*,#4894,.T.);
#6729=ORIENTED_EDGE('',*,*,#4897,.T.);
#6730=ORIENTED_EDGE('',*,*,#4900,.T.);
#6731=ORIENTED_EDGE('',*,*,#4903,.T.);
#6732=ORIENTED_EDGE('',*,*,#4905,.T.);
#6733=ORIENTED_EDGE('',*,*,#4844,.F.);
#6734=ORIENTED_EDGE('',*,*,#4904,.F.);
#6735=ORIENTED_EDGE('',*,*,#4901,.F.);
#6736=ORIENTED_EDGE('',*,*,#4898,.F.);
#6737=ORIENTED_EDGE('',*,*,#4895,.F.);
#6738=ORIENTED_EDGE('',*,*,#4892,.F.);
#6739=ORIENTED_EDGE('',*,*,#4889,.F.);
#6740=ORIENTED_EDGE('',*,*,#4886,.F.);
#6741=ORIENTED_EDGE('',*,*,#4883,.F.);
#6742=ORIENTED_EDGE('',*,*,#4880,.F.);
#6743=ORIENTED_EDGE('',*,*,#4877,.F.);
#6744=ORIENTED_EDGE('',*,*,#4874,.F.);
#6745=ORIENTED_EDGE('',*,*,#4871,.F.);
#6746=ORIENTED_EDGE('',*,*,#4868,.F.);
#6747=ORIENTED_EDGE('',*,*,#4865,.F.);
#6748=ORIENTED_EDGE('',*,*,#4862,.F.);
#6749=ORIENTED_EDGE('',*,*,#4859,.F.);
#6750=ORIENTED_EDGE('',*,*,#4856,.F.);
#6751=ORIENTED_EDGE('',*,*,#4853,.F.);
#6752=ORIENTED_EDGE('',*,*,#4850,.F.);
#6753=ORIENTED_EDGE('',*,*,#4847,.F.);
#6754=ORIENTED_EDGE('',*,*,#4906,.T.);
#6755=ORIENTED_EDGE('',*,*,#4907,.F.);
#6756=ORIENTED_EDGE('',*,*,#4908,.F.);
#6757=ORIENTED_EDGE('',*,*,#4909,.T.);
#6758=ORIENTED_EDGE('',*,*,#4910,.T.);
#6759=ORIENTED_EDGE('',*,*,#4911,.F.);
#6760=ORIENTED_EDGE('',*,*,#4912,.F.);
#6761=ORIENTED_EDGE('',*,*,#4907,.T.);
#6762=ORIENTED_EDGE('',*,*,#4911,.T.);
#6763=ORIENTED_EDGE('',*,*,#4913,.T.);
#6764=ORIENTED_EDGE('',*,*,#4914,.F.);
#6765=ORIENTED_EDGE('',*,*,#4915,.F.);
#6766=ORIENTED_EDGE('',*,*,#4916,.T.);
#6767=ORIENTED_EDGE('',*,*,#4917,.F.);
#6768=ORIENTED_EDGE('',*,*,#4918,.F.);
#6769=ORIENTED_EDGE('',*,*,#4914,.T.);
#6770=ORIENTED_EDGE('',*,*,#4919,.T.);
#6771=ORIENTED_EDGE('',*,*,#4920,.F.);
#6772=ORIENTED_EDGE('',*,*,#4921,.F.);
#6773=ORIENTED_EDGE('',*,*,#4917,.T.);
#6774=ORIENTED_EDGE('',*,*,#4922,.T.);
#6775=ORIENTED_EDGE('',*,*,#4923,.F.);
#6776=ORIENTED_EDGE('',*,*,#4924,.F.);
#6777=ORIENTED_EDGE('',*,*,#4920,.T.);
#6778=ORIENTED_EDGE('',*,*,#4925,.T.);
#6779=ORIENTED_EDGE('',*,*,#4926,.F.);
#6780=ORIENTED_EDGE('',*,*,#4927,.F.);
#6781=ORIENTED_EDGE('',*,*,#4923,.T.);
#6782=ORIENTED_EDGE('',*,*,#4928,.T.);
#6783=ORIENTED_EDGE('',*,*,#4929,.F.);
#6784=ORIENTED_EDGE('',*,*,#4930,.F.);
#6785=ORIENTED_EDGE('',*,*,#4926,.T.);
#6786=ORIENTED_EDGE('',*,*,#4931,.T.);
#6787=ORIENTED_EDGE('',*,*,#4932,.F.);
#6788=ORIENTED_EDGE('',*,*,#4933,.F.);
#6789=ORIENTED_EDGE('',*,*,#4929,.T.);
#6790=ORIENTED_EDGE('',*,*,#4932,.T.);
#6791=ORIENTED_EDGE('',*,*,#4934,.T.);
#6792=ORIENTED_EDGE('',*,*,#4935,.F.);
#6793=ORIENTED_EDGE('',*,*,#4936,.F.);
#6794=ORIENTED_EDGE('',*,*,#4935,.T.);
#6795=ORIENTED_EDGE('',*,*,#4937,.T.);
#6796=ORIENTED_EDGE('',*,*,#4938,.F.);
#6797=ORIENTED_EDGE('',*,*,#4939,.F.);
#6798=ORIENTED_EDGE('',*,*,#4940,.T.);
#6799=ORIENTED_EDGE('',*,*,#4941,.F.);
#6800=ORIENTED_EDGE('',*,*,#4942,.F.);
#6801=ORIENTED_EDGE('',*,*,#4938,.T.);
#6802=ORIENTED_EDGE('',*,*,#4941,.T.);
#6803=ORIENTED_EDGE('',*,*,#4943,.T.);
#6804=ORIENTED_EDGE('',*,*,#4944,.F.);
#6805=ORIENTED_EDGE('',*,*,#4945,.F.);
#6806=ORIENTED_EDGE('',*,*,#4944,.T.);
#6807=ORIENTED_EDGE('',*,*,#4946,.T.);
#6808=ORIENTED_EDGE('',*,*,#4947,.F.);
#6809=ORIENTED_EDGE('',*,*,#4948,.F.);
#6810=ORIENTED_EDGE('',*,*,#4949,.T.);
#6811=ORIENTED_EDGE('',*,*,#4909,.F.);
#6812=ORIENTED_EDGE('',*,*,#4950,.F.);
#6813=ORIENTED_EDGE('',*,*,#4947,.T.);
#6814=ORIENTED_EDGE('',*,*,#4908,.T.);
#6815=ORIENTED_EDGE('',*,*,#4912,.T.);
#6816=ORIENTED_EDGE('',*,*,#4915,.T.);
#6817=ORIENTED_EDGE('',*,*,#4918,.T.);
#6818=ORIENTED_EDGE('',*,*,#4921,.T.);
#6819=ORIENTED_EDGE('',*,*,#4924,.T.);
#6820=ORIENTED_EDGE('',*,*,#4927,.T.);
#6821=ORIENTED_EDGE('',*,*,#4930,.T.);
#6822=ORIENTED_EDGE('',*,*,#4933,.T.);
#6823=ORIENTED_EDGE('',*,*,#4936,.T.);
#6824=ORIENTED_EDGE('',*,*,#4939,.T.);
#6825=ORIENTED_EDGE('',*,*,#4942,.T.);
#6826=ORIENTED_EDGE('',*,*,#4945,.T.);
#6827=ORIENTED_EDGE('',*,*,#4948,.T.);
#6828=ORIENTED_EDGE('',*,*,#4950,.T.);
#6829=ORIENTED_EDGE('',*,*,#4906,.F.);
#6830=ORIENTED_EDGE('',*,*,#4949,.F.);
#6831=ORIENTED_EDGE('',*,*,#4946,.F.);
#6832=ORIENTED_EDGE('',*,*,#4943,.F.);
#6833=ORIENTED_EDGE('',*,*,#4940,.F.);
#6834=ORIENTED_EDGE('',*,*,#4937,.F.);
#6835=ORIENTED_EDGE('',*,*,#4934,.F.);
#6836=ORIENTED_EDGE('',*,*,#4931,.F.);
#6837=ORIENTED_EDGE('',*,*,#4928,.F.);
#6838=ORIENTED_EDGE('',*,*,#4925,.F.);
#6839=ORIENTED_EDGE('',*,*,#4922,.F.);
#6840=ORIENTED_EDGE('',*,*,#4919,.F.);
#6841=ORIENTED_EDGE('',*,*,#4916,.F.);
#6842=ORIENTED_EDGE('',*,*,#4913,.F.);
#6843=ORIENTED_EDGE('',*,*,#4910,.F.);
#6844=ORIENTED_EDGE('',*,*,#4951,.T.);
#6845=ORIENTED_EDGE('',*,*,#4952,.F.);
#6846=ORIENTED_EDGE('',*,*,#4953,.F.);
#6847=ORIENTED_EDGE('',*,*,#4954,.T.);
#6848=ORIENTED_EDGE('',*,*,#4955,.T.);
#6849=ORIENTED_EDGE('',*,*,#4956,.F.);
#6850=ORIENTED_EDGE('',*,*,#4957,.F.);
#6851=ORIENTED_EDGE('',*,*,#4952,.T.);
#6852=ORIENTED_EDGE('',*,*,#4958,.T.);
#6853=ORIENTED_EDGE('',*,*,#4959,.F.);
#6854=ORIENTED_EDGE('',*,*,#4960,.F.);
#6855=ORIENTED_EDGE('',*,*,#4956,.T.);
#6856=ORIENTED_EDGE('',*,*,#4961,.T.);
#6857=ORIENTED_EDGE('',*,*,#4962,.F.);
#6858=ORIENTED_EDGE('',*,*,#4963,.F.);
#6859=ORIENTED_EDGE('',*,*,#4959,.T.);
#6860=ORIENTED_EDGE('',*,*,#4964,.T.);
#6861=ORIENTED_EDGE('',*,*,#4965,.F.);
#6862=ORIENTED_EDGE('',*,*,#4966,.F.);
#6863=ORIENTED_EDGE('',*,*,#4962,.T.);
#6864=ORIENTED_EDGE('',*,*,#4967,.T.);
#6865=ORIENTED_EDGE('',*,*,#4968,.F.);
#6866=ORIENTED_EDGE('',*,*,#4969,.F.);
#6867=ORIENTED_EDGE('',*,*,#4965,.T.);
#6868=ORIENTED_EDGE('',*,*,#4970,.T.);
#6869=ORIENTED_EDGE('',*,*,#4971,.F.);
#6870=ORIENTED_EDGE('',*,*,#4972,.F.);
#6871=ORIENTED_EDGE('',*,*,#4968,.T.);
#6872=ORIENTED_EDGE('',*,*,#4973,.T.);
#6873=ORIENTED_EDGE('',*,*,#4974,.F.);
#6874=ORIENTED_EDGE('',*,*,#4975,.F.);
#6875=ORIENTED_EDGE('',*,*,#4971,.T.);
#6876=ORIENTED_EDGE('',*,*,#4976,.T.);
#6877=ORIENTED_EDGE('',*,*,#4977,.F.);
#6878=ORIENTED_EDGE('',*,*,#4978,.F.);
#6879=ORIENTED_EDGE('',*,*,#4974,.T.);
#6880=ORIENTED_EDGE('',*,*,#4979,.T.);
#6881=ORIENTED_EDGE('',*,*,#4980,.F.);
#6882=ORIENTED_EDGE('',*,*,#4981,.F.);
#6883=ORIENTED_EDGE('',*,*,#4977,.T.);
#6884=ORIENTED_EDGE('',*,*,#4982,.T.);
#6885=ORIENTED_EDGE('',*,*,#4983,.F.);
#6886=ORIENTED_EDGE('',*,*,#4984,.F.);
#6887=ORIENTED_EDGE('',*,*,#4980,.T.);
#6888=ORIENTED_EDGE('',*,*,#4985,.T.);
#6889=ORIENTED_EDGE('',*,*,#4954,.F.);
#6890=ORIENTED_EDGE('',*,*,#4986,.F.);
#6891=ORIENTED_EDGE('',*,*,#4983,.T.);
#6892=ORIENTED_EDGE('',*,*,#4953,.T.);
#6893=ORIENTED_EDGE('',*,*,#4957,.T.);
#6894=ORIENTED_EDGE('',*,*,#4960,.T.);
#6895=ORIENTED_EDGE('',*,*,#4963,.T.);
#6896=ORIENTED_EDGE('',*,*,#4966,.T.);
#6897=ORIENTED_EDGE('',*,*,#4969,.T.);
#6898=ORIENTED_EDGE('',*,*,#4972,.T.);
#6899=ORIENTED_EDGE('',*,*,#4975,.T.);
#6900=ORIENTED_EDGE('',*,*,#4978,.T.);
#6901=ORIENTED_EDGE('',*,*,#4981,.T.);
#6902=ORIENTED_EDGE('',*,*,#4984,.T.);
#6903=ORIENTED_EDGE('',*,*,#4986,.T.);
#6904=ORIENTED_EDGE('',*,*,#4951,.F.);
#6905=ORIENTED_EDGE('',*,*,#4985,.F.);
#6906=ORIENTED_EDGE('',*,*,#4982,.F.);
#6907=ORIENTED_EDGE('',*,*,#4979,.F.);
#6908=ORIENTED_EDGE('',*,*,#4976,.F.);
#6909=ORIENTED_EDGE('',*,*,#4973,.F.);
#6910=ORIENTED_EDGE('',*,*,#4970,.F.);
#6911=ORIENTED_EDGE('',*,*,#4967,.F.);
#6912=ORIENTED_EDGE('',*,*,#4964,.F.);
#6913=ORIENTED_EDGE('',*,*,#4961,.F.);
#6914=ORIENTED_EDGE('',*,*,#4958,.F.);
#6915=ORIENTED_EDGE('',*,*,#4955,.F.);
#6916=ORIENTED_EDGE('',*,*,#4987,.T.);
#6917=ORIENTED_EDGE('',*,*,#4988,.T.);
#6918=ORIENTED_EDGE('',*,*,#4989,.T.);
#6919=ORIENTED_EDGE('',*,*,#4990,.T.);
#6920=ORIENTED_EDGE('',*,*,#4991,.T.);
#6921=ORIENTED_EDGE('',*,*,#4992,.T.);
#6922=ORIENTED_EDGE('',*,*,#4993,.T.);
#6923=ORIENTED_EDGE('',*,*,#4994,.F.);
#6924=ORIENTED_EDGE('',*,*,#4995,.F.);
#6925=ORIENTED_EDGE('',*,*,#4996,.F.);
#6926=ORIENTED_EDGE('',*,*,#4997,.F.);
#6927=ORIENTED_EDGE('',*,*,#4998,.F.);
#6928=ORIENTED_EDGE('',*,*,#4999,.F.);
#6929=ORIENTED_EDGE('',*,*,#5000,.F.);
#6930=ORIENTED_EDGE('',*,*,#5001,.F.);
#6931=ORIENTED_EDGE('',*,*,#5002,.F.);
#6932=ORIENTED_EDGE('',*,*,#5003,.F.);
#6933=ORIENTED_EDGE('',*,*,#5004,.F.);
#6934=ORIENTED_EDGE('',*,*,#5005,.F.);
#6935=ORIENTED_EDGE('',*,*,#5006,.F.);
#6936=ORIENTED_EDGE('',*,*,#5007,.F.);
#6937=ORIENTED_EDGE('',*,*,#5008,.T.);
#6938=ORIENTED_EDGE('',*,*,#5009,.T.);
#6939=ORIENTED_EDGE('',*,*,#5010,.T.);
#6940=ORIENTED_EDGE('',*,*,#5011,.T.);
#6941=ORIENTED_EDGE('',*,*,#5012,.T.);
#6942=ORIENTED_EDGE('',*,*,#5013,.T.);
#6943=ORIENTED_EDGE('',*,*,#5014,.T.);
#6944=ORIENTED_EDGE('',*,*,#5001,.T.);
#6945=ORIENTED_EDGE('',*,*,#5015,.F.);
#6946=ORIENTED_EDGE('',*,*,#4987,.F.);
#6947=ORIENTED_EDGE('',*,*,#5016,.T.);
#6948=ORIENTED_EDGE('',*,*,#5015,.T.);
#6949=ORIENTED_EDGE('',*,*,#5007,.T.);
#6950=ORIENTED_EDGE('',*,*,#5017,.F.);
#6951=ORIENTED_EDGE('',*,*,#4988,.F.);
#6952=ORIENTED_EDGE('',*,*,#5017,.T.);
#6953=ORIENTED_EDGE('',*,*,#5006,.T.);
#6954=ORIENTED_EDGE('',*,*,#5018,.F.);
#6955=ORIENTED_EDGE('',*,*,#4989,.F.);
#6956=ORIENTED_EDGE('',*,*,#5018,.T.);
#6957=ORIENTED_EDGE('',*,*,#5005,.T.);
#6958=ORIENTED_EDGE('',*,*,#5019,.F.);
#6959=ORIENTED_EDGE('',*,*,#4990,.F.);
#6960=ORIENTED_EDGE('',*,*,#5019,.T.);
#6961=ORIENTED_EDGE('',*,*,#5004,.T.);
#6962=ORIENTED_EDGE('',*,*,#5020,.F.);
#6963=ORIENTED_EDGE('',*,*,#4991,.F.);
#6964=ORIENTED_EDGE('',*,*,#5003,.T.);
#6965=ORIENTED_EDGE('',*,*,#5021,.F.);
#6966=ORIENTED_EDGE('',*,*,#4992,.F.);
#6967=ORIENTED_EDGE('',*,*,#5020,.T.);
#6968=ORIENTED_EDGE('',*,*,#5002,.T.);
#6969=ORIENTED_EDGE('',*,*,#5016,.F.);
#6970=ORIENTED_EDGE('',*,*,#4993,.F.);
#6971=ORIENTED_EDGE('',*,*,#5021,.T.);
#6972=ORIENTED_EDGE('',*,*,#5008,.F.);
#6973=ORIENTED_EDGE('',*,*,#5022,.F.);
#6974=ORIENTED_EDGE('',*,*,#4995,.T.);
#6975=ORIENTED_EDGE('',*,*,#5023,.T.);
#6976=ORIENTED_EDGE('',*,*,#5009,.F.);
#6977=ORIENTED_EDGE('',*,*,#5023,.F.);
#6978=ORIENTED_EDGE('',*,*,#4994,.T.);
#6979=ORIENTED_EDGE('',*,*,#5024,.T.);
#6980=ORIENTED_EDGE('',*,*,#5010,.F.);
#6981=ORIENTED_EDGE('',*,*,#5024,.F.);
#6982=ORIENTED_EDGE('',*,*,#5000,.T.);
#6983=ORIENTED_EDGE('',*,*,#5025,.T.);
#6984=ORIENTED_EDGE('',*,*,#5011,.F.);
#6985=ORIENTED_EDGE('',*,*,#5025,.F.);
#6986=ORIENTED_EDGE('',*,*,#4999,.T.);
#6987=ORIENTED_EDGE('',*,*,#5026,.T.);
#6988=ORIENTED_EDGE('',*,*,#5012,.F.);
#6989=ORIENTED_EDGE('',*,*,#5026,.F.);
#6990=ORIENTED_EDGE('',*,*,#4998,.T.);
#6991=ORIENTED_EDGE('',*,*,#5027,.T.);
#6992=ORIENTED_EDGE('',*,*,#5013,.F.);
#6993=ORIENTED_EDGE('',*,*,#5027,.F.);
#6994=ORIENTED_EDGE('',*,*,#4997,.T.);
#6995=ORIENTED_EDGE('',*,*,#5028,.T.);
#6996=ORIENTED_EDGE('',*,*,#5014,.F.);
#6997=ORIENTED_EDGE('',*,*,#5028,.F.);
#6998=ORIENTED_EDGE('',*,*,#4996,.T.);
#6999=ORIENTED_EDGE('',*,*,#5022,.T.);
#7000=ORIENTED_EDGE('',*,*,#5029,.T.);
#7001=ORIENTED_EDGE('',*,*,#5030,.T.);
#7002=ORIENTED_EDGE('',*,*,#5031,.T.);
#7003=ORIENTED_EDGE('',*,*,#5032,.T.);
#7004=ORIENTED_EDGE('',*,*,#5033,.T.);
#7005=ORIENTED_EDGE('',*,*,#5034,.T.);
#7006=ORIENTED_EDGE('',*,*,#5035,.T.);
#7007=ORIENTED_EDGE('',*,*,#5036,.T.);
#7008=ORIENTED_EDGE('',*,*,#5037,.F.);
#7009=ORIENTED_EDGE('',*,*,#5038,.F.);
#7010=ORIENTED_EDGE('',*,*,#5039,.F.);
#7011=ORIENTED_EDGE('',*,*,#5040,.F.);
#7012=ORIENTED_EDGE('',*,*,#5041,.F.);
#7013=ORIENTED_EDGE('',*,*,#5042,.F.);
#7014=ORIENTED_EDGE('',*,*,#5043,.F.);
#7015=ORIENTED_EDGE('',*,*,#5044,.F.);
#7016=ORIENTED_EDGE('',*,*,#5045,.F.);
#7017=ORIENTED_EDGE('',*,*,#5046,.F.);
#7018=ORIENTED_EDGE('',*,*,#5047,.F.);
#7019=ORIENTED_EDGE('',*,*,#5048,.F.);
#7020=ORIENTED_EDGE('',*,*,#5049,.F.);
#7021=ORIENTED_EDGE('',*,*,#5050,.F.);
#7022=ORIENTED_EDGE('',*,*,#5051,.T.);
#7023=ORIENTED_EDGE('',*,*,#5052,.T.);
#7024=ORIENTED_EDGE('',*,*,#5053,.T.);
#7025=ORIENTED_EDGE('',*,*,#5054,.T.);
#7026=ORIENTED_EDGE('',*,*,#5055,.T.);
#7027=ORIENTED_EDGE('',*,*,#5056,.T.);
#7028=ORIENTED_EDGE('',*,*,#5043,.T.);
#7029=ORIENTED_EDGE('',*,*,#5057,.F.);
#7030=ORIENTED_EDGE('',*,*,#5029,.F.);
#7031=ORIENTED_EDGE('',*,*,#5058,.T.);
#7032=ORIENTED_EDGE('',*,*,#5050,.T.);
#7033=ORIENTED_EDGE('',*,*,#5059,.F.);
#7034=ORIENTED_EDGE('',*,*,#5030,.F.);
#7035=ORIENTED_EDGE('',*,*,#5057,.T.);
#7036=ORIENTED_EDGE('',*,*,#5049,.T.);
#7037=ORIENTED_EDGE('',*,*,#5060,.F.);
#7038=ORIENTED_EDGE('',*,*,#5031,.F.);
#7039=ORIENTED_EDGE('',*,*,#5059,.T.);
#7040=ORIENTED_EDGE('',*,*,#5048,.T.);
#7041=ORIENTED_EDGE('',*,*,#5061,.F.);
#7042=ORIENTED_EDGE('',*,*,#5032,.F.);
#7043=ORIENTED_EDGE('',*,*,#5060,.T.);
#7044=ORIENTED_EDGE('',*,*,#5047,.T.);
#7045=ORIENTED_EDGE('',*,*,#5062,.F.);
#7046=ORIENTED_EDGE('',*,*,#5033,.F.);
#7047=ORIENTED_EDGE('',*,*,#5061,.T.);
#7048=ORIENTED_EDGE('',*,*,#5046,.T.);
#7049=ORIENTED_EDGE('',*,*,#5063,.F.);
#7050=ORIENTED_EDGE('',*,*,#5034,.F.);
#7051=ORIENTED_EDGE('',*,*,#5062,.T.);
#7052=ORIENTED_EDGE('',*,*,#5045,.T.);
#7053=ORIENTED_EDGE('',*,*,#5064,.F.);
#7054=ORIENTED_EDGE('',*,*,#5035,.F.);
#7055=ORIENTED_EDGE('',*,*,#5063,.T.);
#7056=ORIENTED_EDGE('',*,*,#5044,.T.);
#7057=ORIENTED_EDGE('',*,*,#5058,.F.);
#7058=ORIENTED_EDGE('',*,*,#5036,.F.);
#7059=ORIENTED_EDGE('',*,*,#5064,.T.);
#7060=ORIENTED_EDGE('',*,*,#5052,.F.);
#7061=ORIENTED_EDGE('',*,*,#5065,.F.);
#7062=ORIENTED_EDGE('',*,*,#5037,.T.);
#7063=ORIENTED_EDGE('',*,*,#5066,.T.);
#7064=ORIENTED_EDGE('',*,*,#5053,.F.);
#7065=ORIENTED_EDGE('',*,*,#5066,.F.);
#7066=ORIENTED_EDGE('',*,*,#5042,.T.);
#7067=ORIENTED_EDGE('',*,*,#5067,.T.);
#7068=ORIENTED_EDGE('',*,*,#5054,.F.);
#7069=ORIENTED_EDGE('',*,*,#5067,.F.);
#7070=ORIENTED_EDGE('',*,*,#5041,.T.);
#7071=ORIENTED_EDGE('',*,*,#5068,.T.);
#7072=ORIENTED_EDGE('',*,*,#5055,.F.);
#7073=ORIENTED_EDGE('',*,*,#5068,.F.);
#7074=ORIENTED_EDGE('',*,*,#5040,.T.);
#7075=ORIENTED_EDGE('',*,*,#5069,.T.);
#7076=ORIENTED_EDGE('',*,*,#5056,.F.);
#7077=ORIENTED_EDGE('',*,*,#5069,.F.);
#7078=ORIENTED_EDGE('',*,*,#5039,.T.);
#7079=ORIENTED_EDGE('',*,*,#5070,.T.);
#7080=ORIENTED_EDGE('',*,*,#5051,.F.);
#7081=ORIENTED_EDGE('',*,*,#5070,.F.);
#7082=ORIENTED_EDGE('',*,*,#5038,.T.);
#7083=ORIENTED_EDGE('',*,*,#5065,.T.);
#7084=ORIENTED_EDGE('',*,*,#5071,.T.);
#7085=ORIENTED_EDGE('',*,*,#5072,.T.);
#7086=ORIENTED_EDGE('',*,*,#5073,.T.);
#7087=ORIENTED_EDGE('',*,*,#5074,.T.);
#7088=ORIENTED_EDGE('',*,*,#5075,.T.);
#7089=ORIENTED_EDGE('',*,*,#5076,.T.);
#7090=ORIENTED_EDGE('',*,*,#5077,.T.);
#7091=ORIENTED_EDGE('',*,*,#5078,.T.);
#7092=ORIENTED_EDGE('',*,*,#5079,.T.);
#7093=ORIENTED_EDGE('',*,*,#5080,.T.);
#7094=ORIENTED_EDGE('',*,*,#5081,.T.);
#7095=ORIENTED_EDGE('',*,*,#5082,.T.);
#7096=ORIENTED_EDGE('',*,*,#5083,.T.);
#7097=ORIENTED_EDGE('',*,*,#5084,.T.);
#7098=ORIENTED_EDGE('',*,*,#5085,.T.);
#7099=ORIENTED_EDGE('',*,*,#5086,.T.);
#7100=ORIENTED_EDGE('',*,*,#5087,.T.);
#7101=ORIENTED_EDGE('',*,*,#5088,.T.);
#7102=ORIENTED_EDGE('',*,*,#5089,.T.);
#7103=ORIENTED_EDGE('',*,*,#5090,.T.);
#7104=ORIENTED_EDGE('',*,*,#5091,.T.);
#7105=ORIENTED_EDGE('',*,*,#5092,.T.);
#7106=ORIENTED_EDGE('',*,*,#5093,.T.);
#7107=ORIENTED_EDGE('',*,*,#5094,.T.);
#7108=ORIENTED_EDGE('',*,*,#5095,.T.);
#7109=ORIENTED_EDGE('',*,*,#5096,.T.);
#7110=ORIENTED_EDGE('',*,*,#5097,.T.);
#7111=ORIENTED_EDGE('',*,*,#5098,.T.);
#7112=ORIENTED_EDGE('',*,*,#5099,.T.);
#7113=ORIENTED_EDGE('',*,*,#5100,.T.);
#7114=ORIENTED_EDGE('',*,*,#5101,.T.);
#7115=ORIENTED_EDGE('',*,*,#5102,.T.);
#7116=ORIENTED_EDGE('',*,*,#5103,.T.);
#7117=ORIENTED_EDGE('',*,*,#5104,.F.);
#7118=ORIENTED_EDGE('',*,*,#5105,.F.);
#7119=ORIENTED_EDGE('',*,*,#5106,.F.);
#7120=ORIENTED_EDGE('',*,*,#5107,.F.);
#7121=ORIENTED_EDGE('',*,*,#5108,.F.);
#7122=ORIENTED_EDGE('',*,*,#5109,.F.);
#7123=ORIENTED_EDGE('',*,*,#5110,.F.);
#7124=ORIENTED_EDGE('',*,*,#5111,.F.);
#7125=ORIENTED_EDGE('',*,*,#5112,.F.);
#7126=ORIENTED_EDGE('',*,*,#5113,.F.);
#7127=ORIENTED_EDGE('',*,*,#5114,.F.);
#7128=ORIENTED_EDGE('',*,*,#5115,.F.);
#7129=ORIENTED_EDGE('',*,*,#5116,.F.);
#7130=ORIENTED_EDGE('',*,*,#5117,.F.);
#7131=ORIENTED_EDGE('',*,*,#5118,.F.);
#7132=ORIENTED_EDGE('',*,*,#5119,.F.);
#7133=ORIENTED_EDGE('',*,*,#5120,.F.);
#7134=ORIENTED_EDGE('',*,*,#5121,.F.);
#7135=ORIENTED_EDGE('',*,*,#5122,.F.);
#7136=ORIENTED_EDGE('',*,*,#5123,.F.);
#7137=ORIENTED_EDGE('',*,*,#5124,.F.);
#7138=ORIENTED_EDGE('',*,*,#5125,.F.);
#7139=ORIENTED_EDGE('',*,*,#5126,.F.);
#7140=ORIENTED_EDGE('',*,*,#5127,.F.);
#7141=ORIENTED_EDGE('',*,*,#5128,.F.);
#7142=ORIENTED_EDGE('',*,*,#5129,.F.);
#7143=ORIENTED_EDGE('',*,*,#5130,.F.);
#7144=ORIENTED_EDGE('',*,*,#5131,.F.);
#7145=ORIENTED_EDGE('',*,*,#5132,.F.);
#7146=ORIENTED_EDGE('',*,*,#5133,.F.);
#7147=ORIENTED_EDGE('',*,*,#5134,.F.);
#7148=ORIENTED_EDGE('',*,*,#5135,.F.);
#7149=ORIENTED_EDGE('',*,*,#5136,.F.);
#7150=ORIENTED_EDGE('',*,*,#5137,.F.);
#7151=ORIENTED_EDGE('',*,*,#5138,.F.);
#7152=ORIENTED_EDGE('',*,*,#5139,.T.);
#7153=ORIENTED_EDGE('',*,*,#5140,.T.);
#7154=ORIENTED_EDGE('',*,*,#5141,.T.);
#7155=ORIENTED_EDGE('',*,*,#5106,.T.);
#7156=ORIENTED_EDGE('',*,*,#5142,.F.);
#7157=ORIENTED_EDGE('',*,*,#5071,.F.);
#7158=ORIENTED_EDGE('',*,*,#5142,.T.);
#7159=ORIENTED_EDGE('',*,*,#5138,.T.);
#7160=ORIENTED_EDGE('',*,*,#5143,.F.);
#7161=ORIENTED_EDGE('',*,*,#5072,.F.);
#7162=ORIENTED_EDGE('',*,*,#5143,.T.);
#7163=ORIENTED_EDGE('',*,*,#5137,.T.);
#7164=ORIENTED_EDGE('',*,*,#5144,.F.);
#7165=ORIENTED_EDGE('',*,*,#5073,.F.);
#7166=ORIENTED_EDGE('',*,*,#5144,.T.);
#7167=ORIENTED_EDGE('',*,*,#5136,.T.);
#7168=ORIENTED_EDGE('',*,*,#5145,.F.);
#7169=ORIENTED_EDGE('',*,*,#5074,.F.);
#7170=ORIENTED_EDGE('',*,*,#5145,.T.);
#7171=ORIENTED_EDGE('',*,*,#5135,.T.);
#7172=ORIENTED_EDGE('',*,*,#5146,.F.);
#7173=ORIENTED_EDGE('',*,*,#5075,.F.);
#7174=ORIENTED_EDGE('',*,*,#5146,.T.);
#7175=ORIENTED_EDGE('',*,*,#5134,.T.);
#7176=ORIENTED_EDGE('',*,*,#5147,.F.);
#7177=ORIENTED_EDGE('',*,*,#5076,.F.);
#7178=ORIENTED_EDGE('',*,*,#5147,.T.);
#7179=ORIENTED_EDGE('',*,*,#5133,.T.);
#7180=ORIENTED_EDGE('',*,*,#5148,.F.);
#7181=ORIENTED_EDGE('',*,*,#5077,.F.);
#7182=ORIENTED_EDGE('',*,*,#5148,.T.);
#7183=ORIENTED_EDGE('',*,*,#5132,.T.);
#7184=ORIENTED_EDGE('',*,*,#5149,.F.);
#7185=ORIENTED_EDGE('',*,*,#5078,.F.);
#7186=ORIENTED_EDGE('',*,*,#5149,.T.);
#7187=ORIENTED_EDGE('',*,*,#5131,.T.);
#7188=ORIENTED_EDGE('',*,*,#5150,.F.);
#7189=ORIENTED_EDGE('',*,*,#5079,.F.);
#7190=ORIENTED_EDGE('',*,*,#5150,.T.);
#7191=ORIENTED_EDGE('',*,*,#5130,.T.);
#7192=ORIENTED_EDGE('',*,*,#5151,.F.);
#7193=ORIENTED_EDGE('',*,*,#5080,.F.);
#7194=ORIENTED_EDGE('',*,*,#5151,.T.);
#7195=ORIENTED_EDGE('',*,*,#5129,.T.);
#7196=ORIENTED_EDGE('',*,*,#5152,.F.);
#7197=ORIENTED_EDGE('',*,*,#5081,.F.);
#7198=ORIENTED_EDGE('',*,*,#5152,.T.);
#7199=ORIENTED_EDGE('',*,*,#5128,.T.);
#7200=ORIENTED_EDGE('',*,*,#5153,.F.);
#7201=ORIENTED_EDGE('',*,*,#5082,.F.);
#7202=ORIENTED_EDGE('',*,*,#5127,.T.);
#7203=ORIENTED_EDGE('',*,*,#5154,.F.);
#7204=ORIENTED_EDGE('',*,*,#5083,.F.);
#7205=ORIENTED_EDGE('',*,*,#5153,.T.);
#7206=ORIENTED_EDGE('',*,*,#5126,.T.);
#7207=ORIENTED_EDGE('',*,*,#5155,.F.);
#7208=ORIENTED_EDGE('',*,*,#5084,.F.);
#7209=ORIENTED_EDGE('',*,*,#5154,.T.);
#7210=ORIENTED_EDGE('',*,*,#5125,.T.);
#7211=ORIENTED_EDGE('',*,*,#5156,.F.);
#7212=ORIENTED_EDGE('',*,*,#5085,.F.);
#7213=ORIENTED_EDGE('',*,*,#5155,.T.);
#7214=ORIENTED_EDGE('',*,*,#5124,.T.);
#7215=ORIENTED_EDGE('',*,*,#5157,.F.);
#7216=ORIENTED_EDGE('',*,*,#5086,.F.);
#7217=ORIENTED_EDGE('',*,*,#5156,.T.);
#7218=ORIENTED_EDGE('',*,*,#5157,.T.);
#7219=ORIENTED_EDGE('',*,*,#5123,.T.);
#7220=ORIENTED_EDGE('',*,*,#5158,.F.);
#7221=ORIENTED_EDGE('',*,*,#5087,.F.);
#7222=ORIENTED_EDGE('',*,*,#5158,.T.);
#7223=ORIENTED_EDGE('',*,*,#5122,.T.);
#7224=ORIENTED_EDGE('',*,*,#5159,.F.);
#7225=ORIENTED_EDGE('',*,*,#5088,.F.);
#7226=ORIENTED_EDGE('',*,*,#5159,.T.);
#7227=ORIENTED_EDGE('',*,*,#5121,.T.);
#7228=ORIENTED_EDGE('',*,*,#5160,.F.);
#7229=ORIENTED_EDGE('',*,*,#5089,.F.);
#7230=ORIENTED_EDGE('',*,*,#5160,.T.);
#7231=ORIENTED_EDGE('',*,*,#5120,.T.);
#7232=ORIENTED_EDGE('',*,*,#5161,.F.);
#7233=ORIENTED_EDGE('',*,*,#5090,.F.);
#7234=ORIENTED_EDGE('',*,*,#5161,.T.);
#7235=ORIENTED_EDGE('',*,*,#5119,.T.);
#7236=ORIENTED_EDGE('',*,*,#5162,.F.);
#7237=ORIENTED_EDGE('',*,*,#5091,.F.);
#7238=ORIENTED_EDGE('',*,*,#5162,.T.);
#7239=ORIENTED_EDGE('',*,*,#5118,.T.);
#7240=ORIENTED_EDGE('',*,*,#5163,.F.);
#7241=ORIENTED_EDGE('',*,*,#5092,.F.);
#7242=ORIENTED_EDGE('',*,*,#5163,.T.);
#7243=ORIENTED_EDGE('',*,*,#5117,.T.);
#7244=ORIENTED_EDGE('',*,*,#5164,.F.);
#7245=ORIENTED_EDGE('',*,*,#5093,.F.);
#7246=ORIENTED_EDGE('',*,*,#5116,.T.);
#7247=ORIENTED_EDGE('',*,*,#5165,.F.);
#7248=ORIENTED_EDGE('',*,*,#5094,.F.);
#7249=ORIENTED_EDGE('',*,*,#5164,.T.);
#7250=ORIENTED_EDGE('',*,*,#5165,.T.);
#7251=ORIENTED_EDGE('',*,*,#5115,.T.);
#7252=ORIENTED_EDGE('',*,*,#5166,.F.);
#7253=ORIENTED_EDGE('',*,*,#5095,.F.);
#7254=ORIENTED_EDGE('',*,*,#5166,.T.);
#7255=ORIENTED_EDGE('',*,*,#5114,.T.);
#7256=ORIENTED_EDGE('',*,*,#5167,.F.);
#7257=ORIENTED_EDGE('',*,*,#5096,.F.);
#7258=ORIENTED_EDGE('',*,*,#5113,.T.);
#7259=ORIENTED_EDGE('',*,*,#5168,.F.);
#7260=ORIENTED_EDGE('',*,*,#5097,.F.);
#7261=ORIENTED_EDGE('',*,*,#5167,.T.);
#7262=ORIENTED_EDGE('',*,*,#5168,.T.);
#7263=ORIENTED_EDGE('',*,*,#5112,.T.);
#7264=ORIENTED_EDGE('',*,*,#5169,.F.);
#7265=ORIENTED_EDGE('',*,*,#5098,.F.);
#7266=ORIENTED_EDGE('',*,*,#5169,.T.);
#7267=ORIENTED_EDGE('',*,*,#5111,.T.);
#7268=ORIENTED_EDGE('',*,*,#5170,.F.);
#7269=ORIENTED_EDGE('',*,*,#5099,.F.);
#7270=ORIENTED_EDGE('',*,*,#5170,.T.);
#7271=ORIENTED_EDGE('',*,*,#5110,.T.);
#7272=ORIENTED_EDGE('',*,*,#5171,.F.);
#7273=ORIENTED_EDGE('',*,*,#5100,.F.);
#7274=ORIENTED_EDGE('',*,*,#5109,.T.);
#7275=ORIENTED_EDGE('',*,*,#5172,.F.);
#7276=ORIENTED_EDGE('',*,*,#5101,.F.);
#7277=ORIENTED_EDGE('',*,*,#5171,.T.);
#7278=ORIENTED_EDGE('',*,*,#5172,.T.);
#7279=ORIENTED_EDGE('',*,*,#5108,.T.);
#7280=ORIENTED_EDGE('',*,*,#5173,.F.);
#7281=ORIENTED_EDGE('',*,*,#5102,.F.);
#7282=ORIENTED_EDGE('',*,*,#5173,.T.);
#7283=ORIENTED_EDGE('',*,*,#5107,.T.);
#7284=ORIENTED_EDGE('',*,*,#5141,.F.);
#7285=ORIENTED_EDGE('',*,*,#5103,.F.);
#7286=ORIENTED_EDGE('',*,*,#5140,.F.);
#7287=ORIENTED_EDGE('',*,*,#5174,.F.);
#7288=ORIENTED_EDGE('',*,*,#5104,.T.);
#7289=ORIENTED_EDGE('',*,*,#5175,.T.);
#7290=ORIENTED_EDGE('',*,*,#5139,.F.);
#7291=ORIENTED_EDGE('',*,*,#5175,.F.);
#7292=ORIENTED_EDGE('',*,*,#5105,.T.);
#7293=ORIENTED_EDGE('',*,*,#5174,.T.);
#7294=ORIENTED_EDGE('',*,*,#5176,.T.);
#7295=ORIENTED_EDGE('',*,*,#5177,.T.);
#7296=ORIENTED_EDGE('',*,*,#5178,.T.);
#7297=ORIENTED_EDGE('',*,*,#5179,.T.);
#7298=ORIENTED_EDGE('',*,*,#5178,.F.);
#7299=ORIENTED_EDGE('',*,*,#5180,.F.);
#7300=ORIENTED_EDGE('',*,*,#5181,.F.);
#7301=ORIENTED_EDGE('',*,*,#5182,.T.);
#7302=ORIENTED_EDGE('',*,*,#5183,.F.);
#7303=ORIENTED_EDGE('',*,*,#5184,.F.);
#7304=ORIENTED_EDGE('',*,*,#5185,.F.);
#7305=ORIENTED_EDGE('',*,*,#5186,.F.);
#7306=ORIENTED_EDGE('',*,*,#5177,.F.);
#7307=ORIENTED_EDGE('',*,*,#5187,.T.);
#7308=ORIENTED_EDGE('',*,*,#5188,.F.);
#7309=ORIENTED_EDGE('',*,*,#5180,.T.);
#7310=ORIENTED_EDGE('',*,*,#5189,.T.);
#7311=ORIENTED_EDGE('',*,*,#5190,.T.);
#7312=ORIENTED_EDGE('',*,*,#5191,.T.);
#7313=ORIENTED_EDGE('',*,*,#5192,.T.);
#7314=ORIENTED_EDGE('',*,*,#5191,.F.);
#7315=ORIENTED_EDGE('',*,*,#5193,.T.);
#7316=ORIENTED_EDGE('',*,*,#5194,.T.);
#7317=ORIENTED_EDGE('',*,*,#5195,.F.);
#7318=ORIENTED_EDGE('',*,*,#5196,.T.);
#7319=ORIENTED_EDGE('',*,*,#5197,.F.);
#7320=ORIENTED_EDGE('',*,*,#5198,.F.);
#7321=ORIENTED_EDGE('',*,*,#5179,.F.);
#7322=ORIENTED_EDGE('',*,*,#5199,.T.);
#7323=ORIENTED_EDGE('',*,*,#5190,.F.);
#7324=ORIENTED_EDGE('',*,*,#5200,.F.);
#7325=ORIENTED_EDGE('',*,*,#5201,.T.);
#7326=ORIENTED_EDGE('',*,*,#5202,.T.);
#7327=ORIENTED_EDGE('',*,*,#5186,.T.);
#7328=ORIENTED_EDGE('',*,*,#5203,.F.);
#7329=ORIENTED_EDGE('',*,*,#5204,.F.);
#7330=ORIENTED_EDGE('',*,*,#5205,.F.);
#7331=ORIENTED_EDGE('',*,*,#5193,.F.);
#7332=ORIENTED_EDGE('',*,*,#5199,.F.);
#7333=ORIENTED_EDGE('',*,*,#5206,.T.);
#7334=ORIENTED_EDGE('',*,*,#5207,.T.);
#7335=ORIENTED_EDGE('',*,*,#5208,.T.);
#7336=ORIENTED_EDGE('',*,*,#5209,.T.);
#7337=ORIENTED_EDGE('',*,*,#5210,.T.);
#7338=ORIENTED_EDGE('',*,*,#5192,.F.);
#7339=ORIENTED_EDGE('',*,*,#5198,.T.);
#7340=ORIENTED_EDGE('',*,*,#5211,.F.);
#7341=ORIENTED_EDGE('',*,*,#5212,.T.);
#7342=ORIENTED_EDGE('',*,*,#5213,.F.);
#7343=ORIENTED_EDGE('',*,*,#5214,.T.);
#7344=ORIENTED_EDGE('',*,*,#5206,.F.);
#7345=ORIENTED_EDGE('',*,*,#5214,.F.);
#7346=ORIENTED_EDGE('',*,*,#5215,.F.);
#7347=ORIENTED_EDGE('',*,*,#5216,.T.);
#7348=ORIENTED_EDGE('',*,*,#5207,.F.);
#7349=ORIENTED_EDGE('',*,*,#5216,.F.);
#7350=ORIENTED_EDGE('',*,*,#5217,.F.);
#7351=ORIENTED_EDGE('',*,*,#5218,.T.);
#7352=ORIENTED_EDGE('',*,*,#5208,.F.);
#7353=ORIENTED_EDGE('',*,*,#5218,.F.);
#7354=ORIENTED_EDGE('',*,*,#5219,.F.);
#7355=ORIENTED_EDGE('',*,*,#5220,.T.);
#7356=ORIENTED_EDGE('',*,*,#5209,.F.);
#7357=ORIENTED_EDGE('',*,*,#5220,.F.);
#7358=ORIENTED_EDGE('',*,*,#5221,.F.);
#7359=ORIENTED_EDGE('',*,*,#5222,.T.);
#7360=ORIENTED_EDGE('',*,*,#5210,.F.);
#7361=ORIENTED_EDGE('',*,*,#5222,.F.);
#7362=ORIENTED_EDGE('',*,*,#5188,.T.);
#7363=ORIENTED_EDGE('',*,*,#5223,.F.);
#7364=ORIENTED_EDGE('',*,*,#5224,.F.);
#7365=ORIENTED_EDGE('',*,*,#5225,.F.);
#7366=ORIENTED_EDGE('',*,*,#5211,.T.);
#7367=ORIENTED_EDGE('',*,*,#5197,.T.);
#7368=ORIENTED_EDGE('',*,*,#5226,.T.);
#7369=ORIENTED_EDGE('',*,*,#5181,.T.);
#7370=ORIENTED_EDGE('',*,*,#5227,.F.);
#7371=ORIENTED_EDGE('',*,*,#5228,.F.);
#7372=ORIENTED_EDGE('',*,*,#5229,.F.);
#7373=ORIENTED_EDGE('',*,*,#5230,.F.);
#7374=ORIENTED_EDGE('',*,*,#5231,.F.);
#7375=ORIENTED_EDGE('',*,*,#5232,.F.);
#7376=ORIENTED_EDGE('',*,*,#5233,.F.);
#7377=ORIENTED_EDGE('',*,*,#5234,.F.);
#7378=ORIENTED_EDGE('',*,*,#5235,.T.);
#7379=ORIENTED_EDGE('',*,*,#5236,.T.);
#7380=ORIENTED_EDGE('',*,*,#5237,.T.);
#7381=ORIENTED_EDGE('',*,*,#5238,.T.);
#7382=ORIENTED_EDGE('',*,*,#5239,.T.);
#7383=ORIENTED_EDGE('',*,*,#5240,.T.);
#7384=ORIENTED_EDGE('',*,*,#5241,.T.);
#7385=ORIENTED_EDGE('',*,*,#5242,.T.);
#7386=ORIENTED_EDGE('',*,*,#5243,.T.);
#7387=ORIENTED_EDGE('',*,*,#5244,.T.);
#7388=ORIENTED_EDGE('',*,*,#5245,.T.);
#7389=ORIENTED_EDGE('',*,*,#5246,.T.);
#7390=ORIENTED_EDGE('',*,*,#5247,.T.);
#7391=ORIENTED_EDGE('',*,*,#5203,.T.);
#7392=ORIENTED_EDGE('',*,*,#5185,.T.);
#7393=ORIENTED_EDGE('',*,*,#5248,.T.);
#7394=ORIENTED_EDGE('',*,*,#5249,.F.);
#7395=ORIENTED_EDGE('',*,*,#5250,.T.);
#7396=ORIENTED_EDGE('',*,*,#5204,.T.);
#7397=ORIENTED_EDGE('',*,*,#5247,.F.);
#7398=ORIENTED_EDGE('',*,*,#5251,.F.);
#7399=ORIENTED_EDGE('',*,*,#5201,.F.);
#7400=ORIENTED_EDGE('',*,*,#5252,.F.);
#7401=ORIENTED_EDGE('',*,*,#5240,.F.);
#7402=ORIENTED_EDGE('',*,*,#5221,.T.);
#7403=ORIENTED_EDGE('',*,*,#5219,.T.);
#7404=ORIENTED_EDGE('',*,*,#5217,.T.);
#7405=ORIENTED_EDGE('',*,*,#5215,.T.);
#7406=ORIENTED_EDGE('',*,*,#5213,.T.);
#7407=ORIENTED_EDGE('',*,*,#5236,.F.);
#7408=ORIENTED_EDGE('',*,*,#5253,.T.);
#7409=ORIENTED_EDGE('',*,*,#5254,.F.);
#7410=ORIENTED_EDGE('',*,*,#5253,.F.);
#7411=ORIENTED_EDGE('',*,*,#5235,.F.);
#7412=ORIENTED_EDGE('',*,*,#5255,.T.);
#7413=ORIENTED_EDGE('',*,*,#5256,.F.);
#7414=ORIENTED_EDGE('',*,*,#5255,.F.);
#7415=ORIENTED_EDGE('',*,*,#5257,.F.);
#7416=ORIENTED_EDGE('',*,*,#5194,.F.);
#7417=ORIENTED_EDGE('',*,*,#5205,.T.);
#7418=ORIENTED_EDGE('',*,*,#5250,.F.);
#7419=ORIENTED_EDGE('',*,*,#5258,.F.);
#7420=ORIENTED_EDGE('',*,*,#5182,.F.);
#7421=ORIENTED_EDGE('',*,*,#5226,.F.);
#7422=ORIENTED_EDGE('',*,*,#5196,.F.);
#7423=ORIENTED_EDGE('',*,*,#5183,.T.);
#7424=ORIENTED_EDGE('',*,*,#5258,.T.);
#7425=ORIENTED_EDGE('',*,*,#5195,.T.);
#7426=ORIENTED_EDGE('',*,*,#5259,.F.);
#7427=ORIENTED_EDGE('',*,*,#5260,.T.);
#7428=ORIENTED_EDGE('',*,*,#5261,.F.);
#7429=ORIENTED_EDGE('',*,*,#5262,.T.);
#7430=ORIENTED_EDGE('',*,*,#5263,.F.);
#7431=ORIENTED_EDGE('',*,*,#5264,.T.);
#7432=ORIENTED_EDGE('',*,*,#5265,.F.);
#7433=ORIENTED_EDGE('',*,*,#5266,.F.);
#7434=ORIENTED_EDGE('',*,*,#5267,.F.);
#7435=ORIENTED_EDGE('',*,*,#5268,.F.);
#7436=ORIENTED_EDGE('',*,*,#5269,.F.);
#7437=ORIENTED_EDGE('',*,*,#5270,.F.);
#7438=ORIENTED_EDGE('',*,*,#5271,.F.);
#7439=ORIENTED_EDGE('',*,*,#5272,.F.);
#7440=ORIENTED_EDGE('',*,*,#5273,.F.);
#7441=ORIENTED_EDGE('',*,*,#5256,.T.);
#7442=ORIENTED_EDGE('',*,*,#5254,.T.);
#7443=ORIENTED_EDGE('',*,*,#5176,.F.);
#7444=ORIENTED_EDGE('',*,*,#5202,.F.);
#7445=ORIENTED_EDGE('',*,*,#5251,.T.);
#7446=ORIENTED_EDGE('',*,*,#5239,.F.);
#7447=ORIENTED_EDGE('',*,*,#5274,.F.);
#7448=ORIENTED_EDGE('',*,*,#5223,.T.);
#7449=ORIENTED_EDGE('',*,*,#5187,.F.);
#7450=ORIENTED_EDGE('',*,*,#5184,.T.);
#7451=ORIENTED_EDGE('',*,*,#5265,.T.);
#7452=ORIENTED_EDGE('',*,*,#5275,.T.);
#7453=ORIENTED_EDGE('',*,*,#5248,.F.);
#7454=ORIENTED_EDGE('',*,*,#5275,.F.);
#7455=ORIENTED_EDGE('',*,*,#5264,.F.);
#7456=ORIENTED_EDGE('',*,*,#5276,.T.);
#7457=ORIENTED_EDGE('',*,*,#5241,.F.);
#7458=ORIENTED_EDGE('',*,*,#5263,.T.);
#7459=ORIENTED_EDGE('',*,*,#5277,.T.);
#7460=ORIENTED_EDGE('',*,*,#5242,.F.);
#7461=ORIENTED_EDGE('',*,*,#5276,.F.);
#7462=ORIENTED_EDGE('',*,*,#5262,.F.);
#7463=ORIENTED_EDGE('',*,*,#5278,.T.);
#7464=ORIENTED_EDGE('',*,*,#5243,.F.);
#7465=ORIENTED_EDGE('',*,*,#5277,.F.);
#7466=ORIENTED_EDGE('',*,*,#5249,.T.);
#7467=ORIENTED_EDGE('',*,*,#5246,.F.);
#7468=ORIENTED_EDGE('',*,*,#5279,.F.);
#7469=ORIENTED_EDGE('',*,*,#5259,.T.);
#7470=ORIENTED_EDGE('',*,*,#5257,.T.);
#7471=ORIENTED_EDGE('',*,*,#5280,.F.);
#7472=ORIENTED_EDGE('',*,*,#5260,.F.);
#7473=ORIENTED_EDGE('',*,*,#5279,.T.);
#7474=ORIENTED_EDGE('',*,*,#5245,.F.);
#7475=ORIENTED_EDGE('',*,*,#5261,.T.);
#7476=ORIENTED_EDGE('',*,*,#5280,.T.);
#7477=ORIENTED_EDGE('',*,*,#5244,.F.);
#7478=ORIENTED_EDGE('',*,*,#5278,.F.);
#7479=ORIENTED_EDGE('',*,*,#5189,.F.);
#7480=ORIENTED_EDGE('',*,*,#5212,.F.);
#7481=ORIENTED_EDGE('',*,*,#5225,.T.);
#7482=ORIENTED_EDGE('',*,*,#5281,.T.);
#7483=ORIENTED_EDGE('',*,*,#5237,.F.);
#7484=ORIENTED_EDGE('',*,*,#5252,.T.);
#7485=ORIENTED_EDGE('',*,*,#5200,.T.);
#7486=ORIENTED_EDGE('',*,*,#5224,.T.);
#7487=ORIENTED_EDGE('',*,*,#5274,.T.);
#7488=ORIENTED_EDGE('',*,*,#5238,.F.);
#7489=ORIENTED_EDGE('',*,*,#5281,.F.);
#7490=ORIENTED_EDGE('',*,*,#5227,.T.);
#7491=ORIENTED_EDGE('',*,*,#5282,.T.);
#7492=ORIENTED_EDGE('',*,*,#5266,.T.);
#7493=ORIENTED_EDGE('',*,*,#5282,.F.);
#7494=ORIENTED_EDGE('',*,*,#5228,.T.);
#7495=ORIENTED_EDGE('',*,*,#5283,.T.);
#7496=ORIENTED_EDGE('',*,*,#5267,.T.);
#7497=ORIENTED_EDGE('',*,*,#5283,.F.);
#7498=ORIENTED_EDGE('',*,*,#5229,.T.);
#7499=ORIENTED_EDGE('',*,*,#5284,.T.);
#7500=ORIENTED_EDGE('',*,*,#5268,.T.);
#7501=ORIENTED_EDGE('',*,*,#5284,.F.);
#7502=ORIENTED_EDGE('',*,*,#5230,.T.);
#7503=ORIENTED_EDGE('',*,*,#5285,.T.);
#7504=ORIENTED_EDGE('',*,*,#5269,.T.);
#7505=ORIENTED_EDGE('',*,*,#5285,.F.);
#7506=ORIENTED_EDGE('',*,*,#5231,.T.);
#7507=ORIENTED_EDGE('',*,*,#5286,.T.);
#7508=ORIENTED_EDGE('',*,*,#5270,.T.);
#7509=ORIENTED_EDGE('',*,*,#5286,.F.);
#7510=ORIENTED_EDGE('',*,*,#5232,.T.);
#7511=ORIENTED_EDGE('',*,*,#5287,.T.);
#7512=ORIENTED_EDGE('',*,*,#5271,.T.);
#7513=ORIENTED_EDGE('',*,*,#5287,.F.);
#7514=ORIENTED_EDGE('',*,*,#5233,.T.);
#7515=ORIENTED_EDGE('',*,*,#5288,.T.);
#7516=ORIENTED_EDGE('',*,*,#5272,.T.);
#7517=ORIENTED_EDGE('',*,*,#5288,.F.);
#7518=ORIENTED_EDGE('',*,*,#5234,.T.);
#7519=ORIENTED_EDGE('',*,*,#5289,.T.);
#7520=ORIENTED_EDGE('',*,*,#5273,.T.);
#7521=ORIENTED_EDGE('',*,*,#5289,.F.);
#7522=PLANE('',#8176);
#7523=PLANE('',#8180);
#7524=PLANE('',#8206);
#7525=PLANE('',#8209);
#7526=PLANE('',#8212);
#7527=PLANE('',#8259);
#7528=PLANE('',#8279);
#7529=PLANE('',#8288);
#7530=PLANE('',#8289);
#7531=PLANE('',#8292);
#7532=PLANE('',#8293);
#7533=PLANE('',#8294);
#7534=PLANE('',#8295);
#7535=PLANE('',#8296);
#7536=PLANE('',#8297);
#7537=PLANE('',#8298);
#7538=PLANE('',#8299);
#7539=PLANE('',#8300);
#7540=PLANE('',#8301);
#7541=PLANE('',#8302);
#7542=PLANE('',#8303);
#7543=PLANE('',#8304);
#7544=PLANE('',#8305);
#7545=PLANE('',#8306);
#7546=PLANE('',#8307);
#7547=PLANE('',#8308);
#7548=PLANE('',#8310);
#7549=PLANE('',#8312);
#7550=PLANE('',#8314);
#7551=PLANE('',#8316);
#7552=PLANE('',#8318);
#7553=PLANE('',#8320);
#7554=PLANE('',#8322);
#7555=PLANE('',#8324);
#7556=PLANE('',#8326);
#7557=PLANE('',#8328);
#7558=PLANE('',#8329);
#7559=PLANE('',#8331);
#7560=PLANE('',#8333);
#7561=PLANE('',#8335);
#7562=PLANE('',#8337);
#7563=PLANE('',#8339);
#7564=PLANE('',#8341);
#7565=PLANE('',#8343);
#7566=PLANE('',#8344);
#7567=PLANE('',#8345);
#7568=PLANE('',#8346);
#7569=PLANE('',#8347);
#7570=PLANE('',#8349);
#7571=PLANE('',#8359);
#7572=PLANE('',#8360);
#7573=PLANE('',#8361);
#7574=PLANE('',#8362);
#7575=PLANE('',#8363);
#7576=PLANE('',#8364);
#7577=PLANE('',#8365);
#7578=PLANE('',#8403);
#7579=PLANE('',#8404);
#7580=PLANE('',#8405);
#7581=PLANE('',#8406);
#7582=PLANE('',#8407);
#7583=PLANE('',#8408);
#7584=PLANE('',#8409);
#7585=PLANE('',#8411);
#7586=PLANE('',#8412);
#7587=PLANE('',#8413);
#7588=PLANE('',#8414);
#7589=PLANE('',#8415);
#7590=PLANE('',#8416);
#7591=PLANE('',#8417);
#7592=PLANE('',#8418);
#7593=PLANE('',#8419);
#7594=PLANE('',#8420);
#7595=PLANE('',#8425);
#7596=PLANE('',#8430);
#7597=PLANE('',#8431);
#7598=PLANE('',#8432);
#7599=PLANE('',#8433);
#7600=PLANE('',#8434);
#7601=PLANE('',#8435);
#7602=PLANE('',#8436);
#7603=PLANE('',#8437);
#7604=PLANE('',#8438);
#7605=PLANE('',#8439);
#7606=PLANE('',#8440);
#7607=PLANE('',#8441);
#7608=PLANE('',#8442);
#7609=PLANE('',#8443);
#7610=PLANE('',#8444);
#7611=PLANE('',#8445);
#7612=PLANE('',#8446);
#7613=PLANE('',#8453);
#7614=PLANE('',#8460);
#7615=PLANE('',#8461);
#7616=PLANE('',#8462);
#7617=PLANE('',#8463);
#7618=PLANE('',#8464);
#7619=PLANE('',#8465);
#7620=PLANE('',#8466);
#7621=PLANE('',#8467);
#7622=PLANE('',#8468);
#7623=PLANE('',#8469);
#7624=PLANE('',#8470);
#7625=PLANE('',#8471);
#7626=PLANE('',#8472);
#7627=PLANE('',#8473);
#7628=PLANE('',#8474);
#7629=PLANE('',#8475);
#7630=PLANE('',#8476);
#7631=PLANE('',#8477);
#7632=PLANE('',#8478);
#7633=PLANE('',#8479);
#7634=PLANE('',#8480);
#7635=PLANE('',#8481);
#7636=PLANE('',#8482);
#7637=PLANE('',#8483);
#7638=PLANE('',#8484);
#7639=PLANE('',#8485);
#7640=PLANE('',#8486);
#7641=PLANE('',#8487);
#7642=PLANE('',#8488);
#7643=PLANE('',#8489);
#7644=PLANE('',#8490);
#7645=PLANE('',#8491);
#7646=PLANE('',#8492);
#7647=PLANE('',#8493);
#7648=PLANE('',#8494);
#7649=PLANE('',#8501);
#7650=PLANE('',#8508);
#7651=PLANE('',#8509);
#7652=PLANE('',#8510);
#7653=PLANE('',#8511);
#7654=PLANE('',#8512);
#7655=PLANE('',#8513);
#7656=PLANE('',#8514);
#7657=PLANE('',#8515);
#7658=PLANE('',#8516);
#7659=PLANE('',#8531);
#7660=PLANE('',#8540);
#7661=PLANE('',#8541);
#7662=PLANE('',#8542);
#7663=PLANE('',#8543);
#7664=PLANE('',#8544);
#7665=PLANE('',#8545);
#7666=PLANE('',#8546);
#7667=PLANE('',#8547);
#7668=PLANE('',#8548);
#7669=PLANE('',#8549);
#7670=PLANE('',#8550);
#7671=PLANE('',#8553);
#7672=PLANE('',#8554);
#7673=PLANE('',#8555);
#7674=PLANE('',#8556);
#7675=PLANE('',#8557);
#7676=PLANE('',#8558);
#7677=PLANE('',#8559);
#7678=PLANE('',#8560);
#7679=PLANE('',#8561);
#7680=PLANE('',#8562);
#7681=PLANE('',#8563);
#7682=PLANE('',#8564);
#7683=PLANE('',#8565);
#7684=PLANE('',#8566);
#7685=PLANE('',#8567);
#7686=PLANE('',#8568);
#7687=PLANE('',#8569);
#7688=PLANE('',#8570);
#7689=PLANE('',#8577);
#7690=PLANE('',#8584);
#7691=PLANE('',#8585);
#7692=PLANE('',#8586);
#7693=PLANE('',#8587);
#7694=PLANE('',#8588);
#7695=PLANE('',#8589);
#7696=PLANE('',#8590);
#7697=PLANE('',#8591);
#7698=PLANE('',#8592);
#7699=PLANE('',#8593);
#7700=PLANE('',#8594);
#7701=PLANE('',#8595);
#7702=PLANE('',#8596);
#7703=PLANE('',#8597);
#7704=PLANE('',#8598);
#7705=PLANE('',#8599);
#7706=PLANE('',#8600);
#7707=PLANE('',#8601);
#7708=PLANE('',#8602);
#7709=PLANE('',#8603);
#7710=PLANE('',#8604);
#7711=PLANE('',#8613);
#7712=PLANE('',#8622);
#7713=PLANE('',#8623);
#7714=PLANE('',#8624);
#7715=PLANE('',#8625);
#7716=PLANE('',#8626);
#7717=PLANE('',#8627);
#7718=PLANE('',#8628);
#7719=PLANE('',#8630);
#7720=PLANE('',#8631);
#7721=PLANE('',#8632);
#7722=PLANE('',#8633);
#7723=PLANE('',#8634);
#7724=PLANE('',#8635);
#7725=PLANE('',#8636);
#7726=PLANE('',#8642);
#7727=PLANE('',#8653);
#7728=PLANE('',#8664);
#7729=PLANE('',#8669);
#7730=PLANE('',#8670);
#7731=PLANE('',#8675);
#7732=PLANE('',#8677);
#7733=PLANE('',#8678);
#7734=PLANE('',#8691);
#7735=PLANE('',#8693);
#7736=PLANE('',#8695);
#7737=PLANE('',#8697);
#7738=PLANE('',#8699);
#7739=PLANE('',#8700);
#7740=ADVANCED_FACE('',(#1012),#7522,.T.);
#7741=ADVANCED_FACE('',(#1013),#942,.T.);
#7742=ADVANCED_FACE('',(#1014,#692,#693,#694,#695,#696,#697,#698,#699,#700,
#701,#702,#703,#704,#705,#706,#707,#708,#709,#710,#711,#712,#713),#7523,
 .T.);
#7743=ADVANCED_FACE('',(#1015),#7524,.T.);
#7744=ADVANCED_FACE('',(#1016),#943,.T.);
#7745=ADVANCED_FACE('',(#1017),#7525,.T.);
#7746=ADVANCED_FACE('',(#1018),#944,.T.);
#7747=ADVANCED_FACE('',(#1019),#7526,.T.);
#7748=ADVANCED_FACE('',(#1020),#945,.T.);
#7749=ADVANCED_FACE('',(#1021),#946,.F.);
#7750=ADVANCED_FACE('',(#1022),#947,.F.);
#7751=ADVANCED_FACE('',(#1023),#948,.F.);
#7752=ADVANCED_FACE('',(#1024),#949,.F.);
#7753=ADVANCED_FACE('',(#1025),#950,.F.);
#7754=ADVANCED_FACE('',(#1026),#951,.F.);
#7755=ADVANCED_FACE('',(#1027),#952,.F.);
#7756=ADVANCED_FACE('',(#1028),#953,.F.);
#7757=ADVANCED_FACE('',(#1029),#954,.F.);
#7758=ADVANCED_FACE('',(#1030),#955,.F.);
#7759=ADVANCED_FACE('',(#1031),#956,.F.);
#7760=ADVANCED_FACE('',(#1032),#957,.F.);
#7761=ADVANCED_FACE('',(#1033),#958,.F.);
#7762=ADVANCED_FACE('',(#1034),#959,.F.);
#7763=ADVANCED_FACE('',(#1035),#960,.F.);
#7764=ADVANCED_FACE('',(#1036),#961,.F.);
#7765=ADVANCED_FACE('',(#1037),#962,.F.);
#7766=ADVANCED_FACE('',(#1038),#963,.F.);
#7767=ADVANCED_FACE('',(#1039),#964,.F.);
#7768=ADVANCED_FACE('',(#1040),#965,.F.);
#7769=ADVANCED_FACE('',(#1041),#966,.F.);
#7770=ADVANCED_FACE('',(#1042),#967,.F.);
#7771=ADVANCED_FACE('',(#1043,#714,#715,#716,#717,#718,#719,#720,#721,#722,
#723,#724,#725,#726,#727,#728,#729,#730,#731,#732,#733,#734,#735),#7527,
 .F.);
#7772=ADVANCED_FACE('',(#1044),#325,.T.);
#7773=ADVANCED_FACE('',(#1045),#968,.T.);
#7774=ADVANCED_FACE('',(#1046),#969,.T.);
#7775=ADVANCED_FACE('',(#1047),#970,.F.);
#7776=ADVANCED_FACE('',(#1048),#971,.F.);
#7777=ADVANCED_FACE('',(#1049,#736,#737),#7528,.T.);
#7778=ADVANCED_FACE('',(#1050),#7529,.F.);
#7779=ADVANCED_FACE('',(#1051,#738,#739,#740,#741,#742),#7530,.F.);
#7780=ADVANCED_FACE('',(#1052),#7531,.F.);
#7781=ADVANCED_FACE('',(#1053,#743),#7532,.F.);
#7782=ADVANCED_FACE('',(#1054,#744),#7533,.F.);
#7783=ADVANCED_FACE('',(#1055),#7534,.F.);
#7784=ADVANCED_FACE('',(#1056),#7535,.F.);
#7785=ADVANCED_FACE('',(#1057),#7536,.F.);
#7786=ADVANCED_FACE('',(#1058),#7537,.F.);
#7787=ADVANCED_FACE('',(#1059),#7538,.F.);
#7788=ADVANCED_FACE('',(#1060),#7539,.F.);
#7789=ADVANCED_FACE('',(#1061),#7540,.F.);
#7790=ADVANCED_FACE('',(#1062),#7541,.F.);
#7791=ADVANCED_FACE('',(#1063),#7542,.F.);
#7792=ADVANCED_FACE('',(#1064),#7543,.F.);
#7793=ADVANCED_FACE('',(#1065),#7544,.F.);
#7794=ADVANCED_FACE('',(#1066),#7545,.F.);
#7795=ADVANCED_FACE('',(#1067),#7546,.F.);
#7796=ADVANCED_FACE('',(#1068),#7547,.F.);
#7797=ADVANCED_FACE('',(#1069),#7548,.F.);
#7798=ADVANCED_FACE('',(#1070),#7549,.F.);
#7799=ADVANCED_FACE('',(#1071),#7550,.F.);
#7800=ADVANCED_FACE('',(#1072),#7551,.F.);
#7801=ADVANCED_FACE('',(#1073),#7552,.F.);
#7802=ADVANCED_FACE('',(#1074),#7553,.F.);
#7803=ADVANCED_FACE('',(#1075),#7554,.F.);
#7804=ADVANCED_FACE('',(#1076),#7555,.F.);
#7805=ADVANCED_FACE('',(#1077),#7556,.T.);
#7806=ADVANCED_FACE('',(#1078),#7557,.T.);
#7807=ADVANCED_FACE('',(#1079),#7558,.T.);
#7808=ADVANCED_FACE('',(#1080),#7559,.T.);
#7809=ADVANCED_FACE('',(#1081),#7560,.T.);
#7810=ADVANCED_FACE('',(#1082),#7561,.T.);
#7811=ADVANCED_FACE('',(#1083),#7562,.T.);
#7812=ADVANCED_FACE('',(#1084),#7563,.T.);
#7813=ADVANCED_FACE('',(#1085),#7564,.T.);
#7814=ADVANCED_FACE('',(#1086),#7565,.F.);
#7815=ADVANCED_FACE('',(#1087),#7566,.F.);
#7816=ADVANCED_FACE('',(#1088),#7567,.F.);
#7817=ADVANCED_FACE('',(#1089),#7568,.F.);
#7818=ADVANCED_FACE('',(#1090),#7569,.T.);
#7819=ADVANCED_FACE('',(#1091),#7570,.F.);
#7820=ADVANCED_FACE('',(#1092),#972,.F.);
#7821=ADVANCED_FACE('',(#1093),#973,.F.);
#7822=ADVANCED_FACE('',(#1094),#974,.F.);
#7823=ADVANCED_FACE('',(#1095),#975,.F.);
#7824=ADVANCED_FACE('',(#1096),#976,.F.);
#7825=ADVANCED_FACE('',(#1097),#977,.F.);
#7826=ADVANCED_FACE('',(#1098),#978,.F.);
#7827=ADVANCED_FACE('',(#1099),#979,.F.);
#7828=ADVANCED_FACE('',(#1100),#980,.F.);
#7829=ADVANCED_FACE('',(#1101),#7571,.F.);
#7830=ADVANCED_FACE('',(#1102),#7572,.F.);
#7831=ADVANCED_FACE('',(#1103),#7573,.F.);
#7832=ADVANCED_FACE('',(#1104),#7574,.F.);
#7833=ADVANCED_FACE('',(#1105),#7575,.F.);
#7834=ADVANCED_FACE('',(#1106),#7576,.F.);
#7835=ADVANCED_FACE('',(#1107),#7577,.F.);
#7836=ADVANCED_FACE('',(#1108),#981,.T.);
#7837=ADVANCED_FACE('',(#1109),#982,.T.);
#7838=ADVANCED_FACE('',(#1110),#983,.T.);
#7839=ADVANCED_FACE('',(#1111),#194,.T.);
#7840=ADVANCED_FACE('',(#1112),#195,.T.);
#7841=ADVANCED_FACE('',(#1113),#984,.F.);
#7842=ADVANCED_FACE('',(#1114),#985,.T.);
#7843=ADVANCED_FACE('',(#1115),#986,.T.);
#7844=ADVANCED_FACE('',(#1116),#987,.T.);
#7845=ADVANCED_FACE('',(#1117),#193,.T.);
#7846=ADVANCED_FACE('',(#1118),#196,.T.);
#7847=ADVANCED_FACE('',(#1119),#988,.T.);
#7848=ADVANCED_FACE('',(#1120),#989,.T.);
#7849=ADVANCED_FACE('',(#1121),#990,.T.);
#7850=ADVANCED_FACE('',(#1122),#991,.T.);
#7851=ADVANCED_FACE('',(#1123),#197,.T.);
#7852=ADVANCED_FACE('',(#1124),#198,.T.);
#7853=ADVANCED_FACE('',(#1125),#992,.T.);
#7854=ADVANCED_FACE('',(#1126),#7578,.F.);
#7855=ADVANCED_FACE('',(#1127),#7579,.F.);
#7856=ADVANCED_FACE('',(#1128),#7580,.F.);
#7857=ADVANCED_FACE('',(#1129),#7581,.F.);
#7858=ADVANCED_FACE('',(#1130,#745),#7582,.T.);
#7859=ADVANCED_FACE('',(#1131,#746),#7583,.T.);
#7860=ADVANCED_FACE('',(#1132),#7584,.T.);
#7861=ADVANCED_FACE('',(#1133,#747),#7585,.T.);
#7862=ADVANCED_FACE('',(#1134),#326,.T.);
#7863=ADVANCED_FACE('',(#1135),#7586,.F.);
#7864=ADVANCED_FACE('',(#1136),#7587,.F.);
#7865=ADVANCED_FACE('',(#1137),#7588,.F.);
#7866=ADVANCED_FACE('',(#1138),#7589,.F.);
#7867=ADVANCED_FACE('',(#1139),#7590,.F.);
#7868=ADVANCED_FACE('',(#1140),#7591,.F.);
#7869=ADVANCED_FACE('',(#1141),#7592,.F.);
#7870=ADVANCED_FACE('',(#1142),#7593,.T.);
#7871=ADVANCED_FACE('',(#1143),#95,.F.);
#7872=ADVANCED_FACE('',(#1144),#7594,.F.);
#7873=ADVANCED_FACE('',(#1145),#96,.F.);
#7874=ADVANCED_FACE('',(#1146),#97,.F.);
#7875=ADVANCED_FACE('',(#1147),#98,.F.);
#7876=ADVANCED_FACE('',(#1148),#99,.F.);
#7877=ADVANCED_FACE('',(#1149),#100,.F.);
#7878=ADVANCED_FACE('',(#1150),#101,.F.);
#7879=ADVANCED_FACE('',(#1151),#7595,.F.);
#7880=ADVANCED_FACE('',(#1152),#102,.F.);
#7881=ADVANCED_FACE('',(#1153),#103,.F.);
#7882=ADVANCED_FACE('',(#1154),#104,.F.);
#7883=ADVANCED_FACE('',(#1155),#105,.F.);
#7884=ADVANCED_FACE('',(#1156),#106,.F.);
#7885=ADVANCED_FACE('',(#1157),#7596,.T.);
#7886=ADVANCED_FACE('',(#1158),#7597,.F.);
#7887=ADVANCED_FACE('',(#1159),#7598,.F.);
#7888=ADVANCED_FACE('',(#1160),#7599,.F.);
#7889=ADVANCED_FACE('',(#1161),#7600,.F.);
#7890=ADVANCED_FACE('',(#1162),#7601,.F.);
#7891=ADVANCED_FACE('',(#1163),#7602,.F.);
#7892=ADVANCED_FACE('',(#1164),#7603,.F.);
#7893=ADVANCED_FACE('',(#1165),#7604,.F.);
#7894=ADVANCED_FACE('',(#1166),#7605,.F.);
#7895=ADVANCED_FACE('',(#1167),#7606,.F.);
#7896=ADVANCED_FACE('',(#1168),#7607,.F.);
#7897=ADVANCED_FACE('',(#1169),#7608,.F.);
#7898=ADVANCED_FACE('',(#1170),#7609,.F.);
#7899=ADVANCED_FACE('',(#1171),#7610,.F.);
#7900=ADVANCED_FACE('',(#1172),#7611,.T.);
#7901=ADVANCED_FACE('',(#1173,#748),#7612,.T.);
#7902=ADVANCED_FACE('',(#1174,#749),#7613,.F.);
#7903=ADVANCED_FACE('',(#1175),#7614,.F.);
#7904=ADVANCED_FACE('',(#1176),#107,.F.);
#7905=ADVANCED_FACE('',(#1177),#108,.F.);
#7906=ADVANCED_FACE('',(#1178),#109,.F.);
#7907=ADVANCED_FACE('',(#1179),#110,.F.);
#7908=ADVANCED_FACE('',(#1180),#7615,.F.);
#7909=ADVANCED_FACE('',(#1181),#7616,.F.);
#7910=ADVANCED_FACE('',(#1182),#7617,.T.);
#7911=ADVANCED_FACE('',(#1183),#7618,.T.);
#7912=ADVANCED_FACE('',(#1184),#7619,.T.);
#7913=ADVANCED_FACE('',(#1185),#111,.T.);
#7914=ADVANCED_FACE('',(#1186),#112,.T.);
#7915=ADVANCED_FACE('',(#1187),#113,.T.);
#7916=ADVANCED_FACE('',(#1188),#114,.T.);
#7917=ADVANCED_FACE('',(#1189,#750),#7620,.F.);
#7918=ADVANCED_FACE('',(#1190,#751),#7621,.T.);
#7919=ADVANCED_FACE('',(#1191),#7622,.F.);
#7920=ADVANCED_FACE('',(#1192),#7623,.F.);
#7921=ADVANCED_FACE('',(#1193),#7624,.F.);
#7922=ADVANCED_FACE('',(#1194),#7625,.F.);
#7923=ADVANCED_FACE('',(#1195),#7626,.F.);
#7924=ADVANCED_FACE('',(#1196),#7627,.F.);
#7925=ADVANCED_FACE('',(#1197),#7628,.F.);
#7926=ADVANCED_FACE('',(#1198),#7629,.F.);
#7927=ADVANCED_FACE('',(#1199),#7630,.T.);
#7928=ADVANCED_FACE('',(#1200),#7631,.T.);
#7929=ADVANCED_FACE('',(#1201),#115,.T.);
#7930=ADVANCED_FACE('',(#1202),#7632,.T.);
#7931=ADVANCED_FACE('',(#1203),#116,.T.);
#7932=ADVANCED_FACE('',(#1204),#7633,.T.);
#7933=ADVANCED_FACE('',(#1205),#7634,.F.);
#7934=ADVANCED_FACE('',(#1206),#7635,.F.);
#7935=ADVANCED_FACE('',(#1207),#7636,.F.);
#7936=ADVANCED_FACE('',(#1208),#7637,.F.);
#7937=ADVANCED_FACE('',(#1209),#7638,.F.);
#7938=ADVANCED_FACE('',(#1210),#7639,.F.);
#7939=ADVANCED_FACE('',(#1211),#7640,.F.);
#7940=ADVANCED_FACE('',(#1212),#7641,.F.);
#7941=ADVANCED_FACE('',(#1213),#7642,.F.);
#7942=ADVANCED_FACE('',(#1214),#7643,.F.);
#7943=ADVANCED_FACE('',(#1215),#7644,.F.);
#7944=ADVANCED_FACE('',(#1216),#7645,.F.);
#7945=ADVANCED_FACE('',(#1217),#7646,.F.);
#7946=ADVANCED_FACE('',(#1218),#7647,.T.);
#7947=ADVANCED_FACE('',(#1219,#752),#7648,.T.);
#7948=ADVANCED_FACE('',(#1220,#753),#7649,.F.);
#7949=ADVANCED_FACE('',(#1221),#117,.F.);
#7950=ADVANCED_FACE('',(#1222),#7650,.F.);
#7951=ADVANCED_FACE('',(#1223),#118,.F.);
#7952=ADVANCED_FACE('',(#1224),#119,.F.);
#7953=ADVANCED_FACE('',(#1225),#7651,.F.);
#7954=ADVANCED_FACE('',(#1226),#120,.F.);
#7955=ADVANCED_FACE('',(#1227),#121,.F.);
#7956=ADVANCED_FACE('',(#1228),#122,.F.);
#7957=ADVANCED_FACE('',(#1229),#123,.F.);
#7958=ADVANCED_FACE('',(#1230),#7652,.F.);
#7959=ADVANCED_FACE('',(#1231),#7653,.F.);
#7960=ADVANCED_FACE('',(#1232),#7654,.F.);
#7961=ADVANCED_FACE('',(#1233),#7655,.F.);
#7962=ADVANCED_FACE('',(#1234),#124,.F.);
#7963=ADVANCED_FACE('',(#1235),#125,.T.);
#7964=ADVANCED_FACE('',(#1236),#126,.T.);
#7965=ADVANCED_FACE('',(#1237),#127,.T.);
#7966=ADVANCED_FACE('',(#1238),#128,.T.);
#7967=ADVANCED_FACE('',(#1239),#129,.T.);
#7968=ADVANCED_FACE('',(#1240),#130,.T.);
#7969=ADVANCED_FACE('',(#1241),#7656,.T.);
#7970=ADVANCED_FACE('',(#1242),#7657,.T.);
#7971=ADVANCED_FACE('',(#1243),#131,.F.);
#7972=ADVANCED_FACE('',(#1244),#7658,.F.);
#7973=ADVANCED_FACE('',(#1245),#132,.F.);
#7974=ADVANCED_FACE('',(#1246),#133,.F.);
#7975=ADVANCED_FACE('',(#1247),#134,.F.);
#7976=ADVANCED_FACE('',(#1248),#135,.F.);
#7977=ADVANCED_FACE('',(#1249),#136,.F.);
#7978=ADVANCED_FACE('',(#1250),#137,.F.);
#7979=ADVANCED_FACE('',(#1251),#138,.F.);
#7980=ADVANCED_FACE('',(#1252),#139,.F.);
#7981=ADVANCED_FACE('',(#1253),#140,.F.);
#7982=ADVANCED_FACE('',(#1254),#141,.F.);
#7983=ADVANCED_FACE('',(#1255),#7659,.F.);
#7984=ADVANCED_FACE('',(#1256),#142,.F.);
#7985=ADVANCED_FACE('',(#1257),#143,.F.);
#7986=ADVANCED_FACE('',(#1258),#144,.F.);
#7987=ADVANCED_FACE('',(#1259),#145,.F.);
#7988=ADVANCED_FACE('',(#1260),#146,.F.);
#7989=ADVANCED_FACE('',(#1261),#147,.F.);
#7990=ADVANCED_FACE('',(#1262),#148,.F.);
#7991=ADVANCED_FACE('',(#1263),#149,.F.);
#7992=ADVANCED_FACE('',(#1264),#7660,.F.);
#7993=ADVANCED_FACE('',(#1265),#7661,.T.);
#7994=ADVANCED_FACE('',(#1266),#7662,.F.);
#7995=ADVANCED_FACE('',(#1267),#7663,.F.);
#7996=ADVANCED_FACE('',(#1268),#150,.F.);
#7997=ADVANCED_FACE('',(#1269),#7664,.F.);
#7998=ADVANCED_FACE('',(#1270),#7665,.F.);
#7999=ADVANCED_FACE('',(#1271),#7666,.F.);
#8000=ADVANCED_FACE('',(#1272),#7667,.F.);
#8001=ADVANCED_FACE('',(#1273),#7668,.F.);
#8002=ADVANCED_FACE('',(#1274),#7669,.F.);
#8003=ADVANCED_FACE('',(#1275),#151,.F.);
#8004=ADVANCED_FACE('',(#1276),#152,.F.);
#8005=ADVANCED_FACE('',(#1277),#7670,.F.);
#8006=ADVANCED_FACE('',(#1278),#153,.F.);
#8007=ADVANCED_FACE('',(#1279),#154,.F.);
#8008=ADVANCED_FACE('',(#1280),#7671,.F.);
#8009=ADVANCED_FACE('',(#1281),#7672,.T.);
#8010=ADVANCED_FACE('',(#1282),#7673,.F.);
#8011=ADVANCED_FACE('',(#1283),#7674,.F.);
#8012=ADVANCED_FACE('',(#1284),#7675,.F.);
#8013=ADVANCED_FACE('',(#1285),#7676,.F.);
#8014=ADVANCED_FACE('',(#1286),#7677,.F.);
#8015=ADVANCED_FACE('',(#1287),#7678,.F.);
#8016=ADVANCED_FACE('',(#1288),#7679,.F.);
#8017=ADVANCED_FACE('',(#1289),#7680,.F.);
#8018=ADVANCED_FACE('',(#1290),#7681,.F.);
#8019=ADVANCED_FACE('',(#1291),#7682,.F.);
#8020=ADVANCED_FACE('',(#1292),#7683,.F.);
#8021=ADVANCED_FACE('',(#1293),#7684,.F.);
#8022=ADVANCED_FACE('',(#1294),#7685,.F.);
#8023=ADVANCED_FACE('',(#1295),#7686,.F.);
#8024=ADVANCED_FACE('',(#1296),#7687,.T.);
#8025=ADVANCED_FACE('',(#1297,#754),#7688,.T.);
#8026=ADVANCED_FACE('',(#1298,#755),#7689,.F.);
#8027=ADVANCED_FACE('',(#1299),#7690,.F.);
#8028=ADVANCED_FACE('',(#1300),#155,.F.);
#8029=ADVANCED_FACE('',(#1301),#156,.F.);
#8030=ADVANCED_FACE('',(#1302),#157,.F.);
#8031=ADVANCED_FACE('',(#1303),#158,.F.);
#8032=ADVANCED_FACE('',(#1304),#7691,.F.);
#8033=ADVANCED_FACE('',(#1305),#7692,.F.);
#8034=ADVANCED_FACE('',(#1306),#7693,.T.);
#8035=ADVANCED_FACE('',(#1307),#7694,.T.);
#8036=ADVANCED_FACE('',(#1308),#7695,.T.);
#8037=ADVANCED_FACE('',(#1309),#159,.T.);
#8038=ADVANCED_FACE('',(#1310),#160,.T.);
#8039=ADVANCED_FACE('',(#1311),#161,.T.);
#8040=ADVANCED_FACE('',(#1312),#162,.T.);
#8041=ADVANCED_FACE('',(#1313,#756),#7696,.F.);
#8042=ADVANCED_FACE('',(#1314,#757),#7697,.T.);
#8043=ADVANCED_FACE('',(#1315),#7698,.F.);
#8044=ADVANCED_FACE('',(#1316),#7699,.F.);
#8045=ADVANCED_FACE('',(#1317),#7700,.F.);
#8046=ADVANCED_FACE('',(#1318),#7701,.F.);
#8047=ADVANCED_FACE('',(#1319),#7702,.F.);
#8048=ADVANCED_FACE('',(#1320),#7703,.F.);
#8049=ADVANCED_FACE('',(#1321),#7704,.F.);
#8050=ADVANCED_FACE('',(#1322),#7705,.F.);
#8051=ADVANCED_FACE('',(#1323),#7706,.T.);
#8052=ADVANCED_FACE('',(#1324),#7707,.T.);
#8053=ADVANCED_FACE('',(#1325),#163,.T.);
#8054=ADVANCED_FACE('',(#1326),#7708,.T.);
#8055=ADVANCED_FACE('',(#1327),#164,.T.);
#8056=ADVANCED_FACE('',(#1328),#7709,.T.);
#8057=ADVANCED_FACE('',(#1329,#758),#7710,.F.);
#8058=ADVANCED_FACE('',(#1330,#759),#7711,.T.);
#8059=ADVANCED_FACE('',(#1331),#165,.F.);
#8060=ADVANCED_FACE('',(#1332),#166,.F.);
#8061=ADVANCED_FACE('',(#1333),#167,.F.);
#8062=ADVANCED_FACE('',(#1334),#168,.F.);
#8063=ADVANCED_FACE('',(#1335),#169,.F.);
#8064=ADVANCED_FACE('',(#1336),#170,.F.);
#8065=ADVANCED_FACE('',(#1337),#171,.F.);
#8066=ADVANCED_FACE('',(#1338),#172,.F.);
#8067=ADVANCED_FACE('',(#1339),#173,.F.);
#8068=ADVANCED_FACE('',(#1340),#174,.F.);
#8069=ADVANCED_FACE('',(#1341),#175,.F.);
#8070=ADVANCED_FACE('',(#1342),#176,.F.);
#8071=ADVANCED_FACE('',(#1343),#7712,.F.);
#8072=ADVANCED_FACE('',(#1344),#7713,.F.);
#8073=ADVANCED_FACE('',(#1345),#7714,.F.);
#8074=ADVANCED_FACE('',(#1346),#7715,.F.);
#8075=ADVANCED_FACE('',(#1347),#177,.F.);
#8076=ADVANCED_FACE('',(#1348),#178,.F.);
#8077=ADVANCED_FACE('',(#1349),#179,.F.);
#8078=ADVANCED_FACE('',(#1350),#180,.F.);
#8079=ADVANCED_FACE('',(#1351),#181,.F.);
#8080=ADVANCED_FACE('',(#1352),#182,.F.);
#8081=ADVANCED_FACE('',(#1353),#183,.F.);
#8082=ADVANCED_FACE('',(#1354),#7716,.F.);
#8083=ADVANCED_FACE('',(#1355),#184,.F.);
#8084=ADVANCED_FACE('',(#1356),#185,.F.);
#8085=ADVANCED_FACE('',(#1357),#7717,.F.);
#8086=ADVANCED_FACE('',(#1358),#186,.F.);
#8087=ADVANCED_FACE('',(#1359),#187,.F.);
#8088=ADVANCED_FACE('',(#1360),#188,.F.);
#8089=ADVANCED_FACE('',(#1361),#7718,.F.);
#8090=ADVANCED_FACE('',(#1362),#189,.F.);
#8091=ADVANCED_FACE('',(#1363),#190,.F.);
#8092=ADVANCED_FACE('',(#1364),#191,.T.);
#8093=ADVANCED_FACE('',(#1365),#192,.T.);
#8094=ADVANCED_FACE('',(#1366),#7719,.T.);
#8095=ADVANCED_FACE('',(#1367),#7720,.F.);
#8096=ADVANCED_FACE('',(#1368),#7721,.T.);
#8097=ADVANCED_FACE('',(#1369),#7722,.T.);
#8098=ADVANCED_FACE('',(#1370),#7723,.F.);
#8099=ADVANCED_FACE('',(#1371),#7724,.T.);
#8100=ADVANCED_FACE('',(#1372,#760,#761,#762,#763,#764),#7725,.F.);
#8101=ADVANCED_FACE('',(#1373),#7726,.T.);
#8102=ADVANCED_FACE('',(#1374),#993,.F.);
#8103=ADVANCED_FACE('',(#1375),#994,.F.);
#8104=ADVANCED_FACE('',(#1376),#995,.F.);
#8105=ADVANCED_FACE('',(#1377),#996,.F.);
#8106=ADVANCED_FACE('',(#1378),#997,.F.);
#8107=ADVANCED_FACE('',(#1379,#765,#766,#767,#768,#769,#770,#771,#772,#773,
#774),#7727,.T.);
#8108=ADVANCED_FACE('',(#1380,#775),#7728,.F.);
#8109=ADVANCED_FACE('',(#1381),#7729,.F.);
#8110=ADVANCED_FACE('',(#1382,#776,#777,#778,#779,#780),#7730,.T.);
#8111=ADVANCED_FACE('',(#1383),#998,.F.);
#8112=ADVANCED_FACE('',(#1384),#999,.F.);
#8113=ADVANCED_FACE('',(#1385),#7731,.F.);
#8114=ADVANCED_FACE('',(#1386),#7732,.F.);
#8115=ADVANCED_FACE('',(#1387,#781,#782,#783,#784,#785,#786,#787,#788,#789,
#790),#7733,.F.);
#8116=ADVANCED_FACE('',(#1388),#7734,.T.);
#8117=ADVANCED_FACE('',(#1389),#1000,.F.);
#8118=ADVANCED_FACE('',(#1390),#7735,.T.);
#8119=ADVANCED_FACE('',(#1391),#1001,.F.);
#8120=ADVANCED_FACE('',(#1392),#7736,.T.);
#8121=ADVANCED_FACE('',(#1393),#1002,.F.);
#8122=ADVANCED_FACE('',(#1394),#7737,.T.);
#8123=ADVANCED_FACE('',(#1395),#1003,.F.);
#8124=ADVANCED_FACE('',(#1396),#7738,.T.);
#8125=ADVANCED_FACE('',(#1397),#7739,.T.);
#8126=ADVANCED_FACE('',(#1398),#1004,.F.);
#8127=ADVANCED_FACE('',(#1399),#1005,.F.);
#8128=ADVANCED_FACE('',(#1400),#1006,.F.);
#8129=ADVANCED_FACE('',(#1401),#1007,.F.);
#8130=ADVANCED_FACE('',(#1402),#1008,.F.);
#8131=ADVANCED_FACE('',(#1403),#1009,.F.);
#8132=ADVANCED_FACE('',(#1404),#1010,.F.);
#8133=ADVANCED_FACE('',(#1405),#1011,.F.);
#8134=CLOSED_SHELL('',(#7740,#7741,#7742,#7743,#7744,#7745,#7746,#7747,
#7748,#7749,#7750,#7751,#7752,#7753,#7754,#7755,#7756,#7757,#7758,#7759,
#7760,#7761,#7762,#7763,#7764,#7765,#7766,#7767,#7768,#7769,#7770,#7771));
#8135=CLOSED_SHELL('',(#7772,#7773,#7774,#7775,#7776,#7777,#7778,#7779,
#7780,#7781,#7782,#7783,#7784,#7785,#7786,#7787,#7788,#7789,#7790,#7791,
#7792,#7793,#7794,#7795,#7796,#7797,#7798,#7799,#7800,#7801,#7802,#7803,
#7804,#7805,#7806,#7807,#7808,#7809,#7810,#7811,#7812,#7813,#7814,#7815,
#7816,#7817,#7818,#7819,#7820,#7821,#7822,#7823,#7824,#7825,#7826,#7827,
#7828,#7829,#7830,#7831,#7832,#7833,#7834,#7835,#7836,#7837,#7838,#7839,
#7840,#7841,#7842,#7843,#7844,#7845,#7846,#7847,#7848,#7849,#7850,#7851,
#7852,#7853,#7854,#7855,#7856,#7857,#7858,#7859,#7860,#7861,#7862));
#8136=CLOSED_SHELL('',(#7863,#7864,#7865,#7866,#7867,#7868,#7869,#7870));
#8137=CLOSED_SHELL('',(#7871,#7872,#7873,#7874,#7875,#7876,#7877,#7878,
#7879,#7880,#7881,#7882,#7883,#7884,#7885,#7886));
#8138=CLOSED_SHELL('',(#7887,#7888,#7889,#7890,#7891,#7892,#7893,#7894,
#7895,#7896,#7897,#7898,#7899,#7900));
#8139=CLOSED_SHELL('',(#7901,#7902,#7903,#7904,#7905,#7906,#7907,#7908,
#7909,#7910,#7911,#7912,#7913,#7914,#7915,#7916));
#8140=CLOSED_SHELL('',(#7917,#7918,#7919,#7920,#7921,#7922,#7923,#7924,
#7925,#7926,#7927,#7928,#7929,#7930,#7931,#7932));
#8141=CLOSED_SHELL('',(#7933,#7934,#7935,#7936,#7937,#7938,#7939,#7940,
#7941,#7942,#7943,#7944,#7945,#7946));
#8142=CLOSED_SHELL('',(#7947,#7948,#7949,#7950,#7951,#7952,#7953,#7954,
#7955,#7956,#7957,#7958,#7959,#7960,#7961,#7962,#7963,#7964,#7965,#7966,
#7967,#7968,#7969,#7970));
#8143=CLOSED_SHELL('',(#7971,#7972,#7973,#7974,#7975,#7976,#7977,#7978,
#7979,#7980,#7981,#7982,#7983,#7984,#7985,#7986,#7987,#7988,#7989,#7990,
#7991,#7992,#7993));
#8144=CLOSED_SHELL('',(#7994,#7995,#7996,#7997,#7998,#7999,#8000,#8001,
#8002,#8003,#8004,#8005,#8006,#8007,#8008,#8009,#8010));
#8145=CLOSED_SHELL('',(#8011,#8012,#8013,#8014,#8015,#8016,#8017,#8018,
#8019,#8020,#8021,#8022,#8023,#8024));
#8146=CLOSED_SHELL('',(#8025,#8026,#8027,#8028,#8029,#8030,#8031,#8032,
#8033,#8034,#8035,#8036,#8037,#8038,#8039,#8040));
#8147=CLOSED_SHELL('',(#8041,#8042,#8043,#8044,#8045,#8046,#8047,#8048,
#8049,#8050,#8051,#8052,#8053,#8054,#8055,#8056));
#8148=CLOSED_SHELL('',(#8057,#8058,#8059,#8060,#8061,#8062,#8063,#8064,
#8065,#8066,#8067,#8068,#8069,#8070,#8071,#8072,#8073,#8074,#8075,#8076,
#8077,#8078,#8079,#8080,#8081,#8082,#8083,#8084,#8085,#8086,#8087,#8088,
#8089,#8090,#8091,#8092,#8093));
#8149=CLOSED_SHELL('',(#8094,#8095,#8096,#8097,#8098,#8099,#8100,#8101,
#8102,#8103,#8104,#8105,#8106,#8107,#8108,#8109,#8110,#8111,#8112,#8113,
#8114,#8115,#8116,#8117,#8118,#8119,#8120,#8121,#8122,#8123,#8124,#8125,
#8126,#8127,#8128,#8129,#8130,#8131,#8132,#8133));
#8150=DERIVED_UNIT_ELEMENT(#8154,1.);
#8151=DERIVED_UNIT_ELEMENT(#14207,-3.);
#8152=DERIVED_UNIT_ELEMENT(#8154,1.);
#8153=DERIVED_UNIT_ELEMENT(#14207,-3.);
#8154=(
MASS_UNIT()
NAMED_UNIT(*)
SI_UNIT(.KILO.,.GRAM.)
);
#8155=DERIVED_UNIT((#8150,#8151));
#8156=DERIVED_UNIT((#8152,#8153));
#8157=MEASURE_REPRESENTATION_ITEM('density measure',
POSITIVE_RATIO_MEASURE(7850.),#8155);
#8158=MEASURE_REPRESENTATION_ITEM('density measure',
POSITIVE_RATIO_MEASURE(7850.),#8156);
#8159=PROPERTY_DEFINITION_REPRESENTATION(#8169,#8163);
#8160=PROPERTY_DEFINITION_REPRESENTATION(#8170,#8164);
#8161=PROPERTY_DEFINITION_REPRESENTATION(#8171,#8165);
#8162=PROPERTY_DEFINITION_REPRESENTATION(#8172,#8166);
#8163=REPRESENTATION('material name',(#8167),#14202);
#8164=REPRESENTATION('density',(#8157),#14202);
#8165=REPRESENTATION('material name',(#8168),#14204);
#8166=REPRESENTATION('density',(#8158),#14204);
#8167=DESCRIPTIVE_REPRESENTATION_ITEM('Steel','Steel');
#8168=DESCRIPTIVE_REPRESENTATION_ITEM('Steel','Steel');
#8169=PROPERTY_DEFINITION('material property','material name',#14232);
#8170=PROPERTY_DEFINITION('material property','density of part',#14232);
#8171=PROPERTY_DEFINITION('material property','material name',#14234);
#8172=PROPERTY_DEFINITION('material property','density of part',#14234);
#8173=AXIS2_PLACEMENT_3D('',#10542,#8711,#8712);
#8174=AXIS2_PLACEMENT_3D('',#10543,#8713,#8714);
#8175=AXIS2_PLACEMENT_3D('',#10544,#8715,#8716);
#8176=AXIS2_PLACEMENT_3D('',#10545,#8717,#8718);
#8177=AXIS2_PLACEMENT_3D('',#10554,#8723,#8724);
#8178=AXIS2_PLACEMENT_3D('',#10556,#8725,#8726);
#8179=AXIS2_PLACEMENT_3D('',#10559,#8728,#8729);
#8180=AXIS2_PLACEMENT_3D('',#10560,#8730,#8731);
#8181=AXIS2_PLACEMENT_3D('',#10562,#8732,#8733);
#8182=AXIS2_PLACEMENT_3D('',#10566,#8735,#8736);
#8183=AXIS2_PLACEMENT_3D('',#10570,#8738,#8739);
#8184=AXIS2_PLACEMENT_3D('',#10573,#8741,#8742);
#8185=AXIS2_PLACEMENT_3D('',#10575,#8743,#8744);
#8186=AXIS2_PLACEMENT_3D('',#10577,#8745,#8746);
#8187=AXIS2_PLACEMENT_3D('',#10579,#8747,#8748);
#8188=AXIS2_PLACEMENT_3D('',#10581,#8749,#8750);
#8189=AXIS2_PLACEMENT_3D('',#10583,#8751,#8752);
#8190=AXIS2_PLACEMENT_3D('',#10585,#8753,#8754);
#8191=AXIS2_PLACEMENT_3D('',#10587,#8755,#8756);
#8192=AXIS2_PLACEMENT_3D('',#10589,#8757,#8758);
#8193=AXIS2_PLACEMENT_3D('',#10591,#8759,#8760);
#8194=AXIS2_PLACEMENT_3D('',#10593,#8761,#8762);
#8195=AXIS2_PLACEMENT_3D('',#10595,#8763,#8764);
#8196=AXIS2_PLACEMENT_3D('',#10597,#8765,#8766);
#8197=AXIS2_PLACEMENT_3D('',#10599,#8767,#8768);
#8198=AXIS2_PLACEMENT_3D('',#10601,#8769,#8770);
#8199=AXIS2_PLACEMENT_3D('',#10603,#8771,#8772);
#8200=AXIS2_PLACEMENT_3D('',#10605,#8773,#8774);
#8201=AXIS2_PLACEMENT_3D('',#10607,#8775,#8776);
#8202=AXIS2_PLACEMENT_3D('',#10609,#8777,#8778);
#8203=AXIS2_PLACEMENT_3D('',#10611,#8779,#8780);
#8204=AXIS2_PLACEMENT_3D('',#10613,#8781,#8782);
#8205=AXIS2_PLACEMENT_3D('',#10615,#8783,#8784);
#8206=AXIS2_PLACEMENT_3D('',#10616,#8785,#8786);
#8207=AXIS2_PLACEMENT_3D('',#10620,#8789,#8790);
#8208=AXIS2_PLACEMENT_3D('',#10622,#8791,#8792);
#8209=AXIS2_PLACEMENT_3D('',#10624,#8794,#8795);
#8210=AXIS2_PLACEMENT_3D('',#10628,#8798,#8799);
#8211=AXIS2_PLACEMENT_3D('',#10630,#8800,#8801);
#8212=AXIS2_PLACEMENT_3D('',#10632,#8803,#8804);
#8213=AXIS2_PLACEMENT_3D('',#10636,#8807,#8808);
#8214=AXIS2_PLACEMENT_3D('',#10637,#8809,#8810);
#8215=AXIS2_PLACEMENT_3D('',#10638,#8811,#8812);
#8216=AXIS2_PLACEMENT_3D('',#10640,#8813,#8814);
#8217=AXIS2_PLACEMENT_3D('',#10642,#8816,#8817);
#8218=AXIS2_PLACEMENT_3D('',#10644,#8818,#8819);
#8219=AXIS2_PLACEMENT_3D('',#10646,#8821,#8822);
#8220=AXIS2_PLACEMENT_3D('',#10648,#8823,#8824);
#8221=AXIS2_PLACEMENT_3D('',#10650,#8826,#8827);
#8222=AXIS2_PLACEMENT_3D('',#10652,#8828,#8829);
#8223=AXIS2_PLACEMENT_3D('',#10654,#8831,#8832);
#8224=AXIS2_PLACEMENT_3D('',#10656,#8833,#8834);
#8225=AXIS2_PLACEMENT_3D('',#10658,#8836,#8837);
#8226=AXIS2_PLACEMENT_3D('',#10660,#8838,#8839);
#8227=AXIS2_PLACEMENT_3D('',#10662,#8841,#8842);
#8228=AXIS2_PLACEMENT_3D('',#10664,#8843,#8844);
#8229=AXIS2_PLACEMENT_3D('',#10666,#8846,#8847);
#8230=AXIS2_PLACEMENT_3D('',#10668,#8848,#8849);
#8231=AXIS2_PLACEMENT_3D('',#10670,#8851,#8852);
#8232=AXIS2_PLACEMENT_3D('',#10672,#8853,#8854);
#8233=AXIS2_PLACEMENT_3D('',#10674,#8856,#8857);
#8234=AXIS2_PLACEMENT_3D('',#10676,#8858,#8859);
#8235=AXIS2_PLACEMENT_3D('',#10678,#8861,#8862);
#8236=AXIS2_PLACEMENT_3D('',#10680,#8863,#8864);
#8237=AXIS2_PLACEMENT_3D('',#10682,#8866,#8867);
#8238=AXIS2_PLACEMENT_3D('',#10684,#8868,#8869);
#8239=AXIS2_PLACEMENT_3D('',#10686,#8871,#8872);
#8240=AXIS2_PLACEMENT_3D('',#10688,#8873,#8874);
#8241=AXIS2_PLACEMENT_3D('',#10690,#8876,#8877);
#8242=AXIS2_PLACEMENT_3D('',#10692,#8878,#8879);
#8243=AXIS2_PLACEMENT_3D('',#10694,#8881,#8882);
#8244=AXIS2_PLACEMENT_3D('',#10696,#8883,#8884);
#8245=AXIS2_PLACEMENT_3D('',#10698,#8886,#8887);
#8246=AXIS2_PLACEMENT_3D('',#10700,#8888,#8889);
#8247=AXIS2_PLACEMENT_3D('',#10702,#8891,#8892);
#8248=AXIS2_PLACEMENT_3D('',#10704,#8893,#8894);
#8249=AXIS2_PLACEMENT_3D('',#10706,#8896,#8897);
#8250=AXIS2_PLACEMENT_3D('',#10708,#8898,#8899);
#8251=AXIS2_PLACEMENT_3D('',#10710,#8901,#8902);
#8252=AXIS2_PLACEMENT_3D('',#10712,#8903,#8904);
#8253=AXIS2_PLACEMENT_3D('',#10714,#8906,#8907);
#8254=AXIS2_PLACEMENT_3D('',#10716,#8908,#8909);
#8255=AXIS2_PLACEMENT_3D('',#10718,#8911,#8912);
#8256=AXIS2_PLACEMENT_3D('',#10720,#8913,#8914);
#8257=AXIS2_PLACEMENT_3D('',#10722,#8916,#8917);
#8258=AXIS2_PLACEMENT_3D('',#10724,#8918,#8919);
#8259=AXIS2_PLACEMENT_3D('',#10726,#8921,#8922);
#8260=AXIS2_PLACEMENT_3D('',#10727,#8923,#8924);
#8261=AXIS2_PLACEMENT_3D('',#10728,#8925,#8926);
#8262=AXIS2_PLACEMENT_3D('',#10729,#8927,#8928);
#8263=AXIS2_PLACEMENT_3D('',#10795,#8929,#8930);
#8264=AXIS2_PLACEMENT_3D('',#10797,#8931,#8932);
#8265=AXIS2_PLACEMENT_3D('',#10799,#8933,#8934);
#8266=AXIS2_PLACEMENT_3D('',#10800,#8935,#8936);
#8267=AXIS2_PLACEMENT_3D('',#10801,#8937,#8938);
#8268=AXIS2_PLACEMENT_3D('',#10803,#8939,#8940);
#8269=AXIS2_PLACEMENT_3D('',#10805,#8942,#8943);
#8270=AXIS2_PLACEMENT_3D('',#10806,#8944,#8945);
#8271=AXIS2_PLACEMENT_3D('',#10808,#8946,#8947);
#8272=AXIS2_PLACEMENT_3D('',#10811,#8949,#8950);
#8273=AXIS2_PLACEMENT_3D('',#10812,#8951,#8952);
#8274=AXIS2_PLACEMENT_3D('',#10814,#8953,#8954);
#8275=AXIS2_PLACEMENT_3D('',#10817,#8956,#8957);
#8276=AXIS2_PLACEMENT_3D('',#10818,#8958,#8959);
#8277=AXIS2_PLACEMENT_3D('',#10823,#8961,#8962);
#8278=AXIS2_PLACEMENT_3D('',#10826,#8964,#8965);
#8279=AXIS2_PLACEMENT_3D('',#10827,#8966,#8967);
#8280=AXIS2_PLACEMENT_3D('',#10832,#8969,#8970);
#8281=AXIS2_PLACEMENT_3D('',#10840,#8974,#8975);
#8282=AXIS2_PLACEMENT_3D('',#10912,#9011,#9012);
#8283=AXIS2_PLACEMENT_3D('',#10916,#9014,#9015);
#8284=AXIS2_PLACEMENT_3D('',#10920,#9017,#9018);
#8285=AXIS2_PLACEMENT_3D('',#10924,#9020,#9021);
#8286=AXIS2_PLACEMENT_3D('',#10928,#9023,#9024);
#8287=AXIS2_PLACEMENT_3D('',#10931,#9026,#9027);
#8288=AXIS2_PLACEMENT_3D('',#10940,#9032,#9033);
#8289=AXIS2_PLACEMENT_3D('',#10965,#9038,#9039);
#8290=AXIS2_PLACEMENT_3D('',#10974,#9043,#9044);
#8291=AXIS2_PLACEMENT_3D('',#10982,#9048,#9049);
#8292=AXIS2_PLACEMENT_3D('',#11276,#9113,#9114);
#8293=AXIS2_PLACEMENT_3D('',#11323,#9118,#9119);
#8294=AXIS2_PLACEMENT_3D('',#11324,#9120,#9121);
#8295=AXIS2_PLACEMENT_3D('',#11325,#9122,#9123);
#8296=AXIS2_PLACEMENT_3D('',#11326,#9124,#9125);
#8297=AXIS2_PLACEMENT_3D('',#11327,#9126,#9127);
#8298=AXIS2_PLACEMENT_3D('',#11331,#9131,#9132);
#8299=AXIS2_PLACEMENT_3D('',#11342,#9139,#9140);
#8300=AXIS2_PLACEMENT_3D('',#11353,#9147,#9148);
#8301=AXIS2_PLACEMENT_3D('',#11364,#9155,#9156);
#8302=AXIS2_PLACEMENT_3D('',#11375,#9163,#9164);
#8303=AXIS2_PLACEMENT_3D('',#11386,#9171,#9172);
#8304=AXIS2_PLACEMENT_3D('',#11397,#9179,#9180);
#8305=AXIS2_PLACEMENT_3D('',#11408,#9187,#9188);
#8306=AXIS2_PLACEMENT_3D('',#11415,#9193,#9194);
#8307=AXIS2_PLACEMENT_3D('',#11422,#9199,#9200);
#8308=AXIS2_PLACEMENT_3D('',#11423,#9201,#9202);
#8309=AXIS2_PLACEMENT_3D('',#11424,#9203,#9204);
#8310=AXIS2_PLACEMENT_3D('',#11425,#9205,#9206);
#8311=AXIS2_PLACEMENT_3D('',#11426,#9207,#9208);
#8312=AXIS2_PLACEMENT_3D('',#11427,#9209,#9210);
#8313=AXIS2_PLACEMENT_3D('',#11428,#9211,#9212);
#8314=AXIS2_PLACEMENT_3D('',#11429,#9213,#9214);
#8315=AXIS2_PLACEMENT_3D('',#11430,#9215,#9216);
#8316=AXIS2_PLACEMENT_3D('',#11431,#9217,#9218);
#8317=AXIS2_PLACEMENT_3D('',#11432,#9219,#9220);
#8318=AXIS2_PLACEMENT_3D('',#11433,#9221,#9222);
#8319=AXIS2_PLACEMENT_3D('',#11434,#9223,#9224);
#8320=AXIS2_PLACEMENT_3D('',#11435,#9225,#9226);
#8321=AXIS2_PLACEMENT_3D('',#11436,#9227,#9228);
#8322=AXIS2_PLACEMENT_3D('',#11437,#9229,#9230);
#8323=AXIS2_PLACEMENT_3D('',#11440,#9232,#9233);
#8324=AXIS2_PLACEMENT_3D('',#11441,#9234,#9235);
#8325=AXIS2_PLACEMENT_3D('',#11444,#9237,#9238);
#8326=AXIS2_PLACEMENT_3D('',#11445,#9239,#9240);
#8327=AXIS2_PLACEMENT_3D('',#11447,#9241,#9242);
#8328=AXIS2_PLACEMENT_3D('',#11449,#9244,#9245);
#8329=AXIS2_PLACEMENT_3D('',#11451,#9247,#9248);
#8330=AXIS2_PLACEMENT_3D('',#11453,#9249,#9250);
#8331=AXIS2_PLACEMENT_3D('',#11455,#9252,#9253);
#8332=AXIS2_PLACEMENT_3D('',#11456,#9254,#9255);
#8333=AXIS2_PLACEMENT_3D('',#11457,#9256,#9257);
#8334=AXIS2_PLACEMENT_3D('',#11458,#9258,#9259);
#8335=AXIS2_PLACEMENT_3D('',#11459,#9260,#9261);
#8336=AXIS2_PLACEMENT_3D('',#11460,#9262,#9263);
#8337=AXIS2_PLACEMENT_3D('',#11461,#9264,#9265);
#8338=AXIS2_PLACEMENT_3D('',#11462,#9266,#9267);
#8339=AXIS2_PLACEMENT_3D('',#11463,#9268,#9269);
#8340=AXIS2_PLACEMENT_3D('',#11464,#9270,#9271);
#8341=AXIS2_PLACEMENT_3D('',#11465,#9272,#9273);
#8342=AXIS2_PLACEMENT_3D('',#11466,#9274,#9275);
#8343=AXIS2_PLACEMENT_3D('',#11467,#9276,#9277);
#8344=AXIS2_PLACEMENT_3D('',#11469,#9279,#9280);
#8345=AXIS2_PLACEMENT_3D('',#11471,#9282,#9283);
#8346=AXIS2_PLACEMENT_3D('',#11474,#9286,#9287);
#8347=AXIS2_PLACEMENT_3D('',#11475,#9288,#9289);
#8348=AXIS2_PLACEMENT_3D('',#11476,#9290,#9291);
#8349=AXIS2_PLACEMENT_3D('',#11477,#9292,#9293);
#8350=AXIS2_PLACEMENT_3D('',#11478,#9294,#9295);
#8351=AXIS2_PLACEMENT_3D('',#11479,#9296,#9297);
#8352=AXIS2_PLACEMENT_3D('',#11480,#9298,#9299);
#8353=AXIS2_PLACEMENT_3D('',#11481,#9300,#9301);
#8354=AXIS2_PLACEMENT_3D('',#11482,#9302,#9303);
#8355=AXIS2_PLACEMENT_3D('',#11483,#9304,#9305);
#8356=AXIS2_PLACEMENT_3D('',#11484,#9306,#9307);
#8357=AXIS2_PLACEMENT_3D('',#11485,#9308,#9309);
#8358=AXIS2_PLACEMENT_3D('',#11486,#9310,#9311);
#8359=AXIS2_PLACEMENT_3D('',#11487,#9312,#9313);
#8360=AXIS2_PLACEMENT_3D('',#11493,#9317,#9318);
#8361=AXIS2_PLACEMENT_3D('',#11499,#9322,#9323);
#8362=AXIS2_PLACEMENT_3D('',#11505,#9327,#9328);
#8363=AXIS2_PLACEMENT_3D('',#11511,#9332,#9333);
#8364=AXIS2_PLACEMENT_3D('',#11517,#9337,#9338);
#8365=AXIS2_PLACEMENT_3D('',#11523,#9342,#9343);
#8366=AXIS2_PLACEMENT_3D('',#11526,#9344,#9345);
#8367=AXIS2_PLACEMENT_3D('',#11538,#9352,#9353);
#8368=AXIS2_PLACEMENT_3D('',#11539,#9354,#9355);
#8369=AXIS2_PLACEMENT_3D('',#11540,#9356,#9357);
#8370=AXIS2_PLACEMENT_3D('',#11541,#9358,#9359);
#8371=AXIS2_PLACEMENT_3D('',#11542,#9360,#9361);
#8372=AXIS2_PLACEMENT_3D('',#11543,#9362,#9363);
#8373=AXIS2_PLACEMENT_3D('',#11544,#9364,#9365);
#8374=AXIS2_PLACEMENT_3D('',#11545,#9366,#9367);
#8375=AXIS2_PLACEMENT_3D('',#11546,#9368,#9369);
#8376=AXIS2_PLACEMENT_3D('',#11547,#9370,#9371);
#8377=AXIS2_PLACEMENT_3D('',#11548,#9372,#9373);
#8378=AXIS2_PLACEMENT_3D('',#11549,#9374,#9375);
#8379=AXIS2_PLACEMENT_3D('',#11550,#9376,#9377);
#8380=AXIS2_PLACEMENT_3D('',#11551,#9378,#9379);
#8381=AXIS2_PLACEMENT_3D('',#11552,#9380,#9381);
#8382=AXIS2_PLACEMENT_3D('',#11553,#9382,#9383);
#8383=AXIS2_PLACEMENT_3D('',#11554,#9384,#9385);
#8384=AXIS2_PLACEMENT_3D('',#11555,#9386,#9387);
#8385=AXIS2_PLACEMENT_3D('',#11556,#9388,#9389);
#8386=AXIS2_PLACEMENT_3D('',#11557,#9390,#9391);
#8387=AXIS2_PLACEMENT_3D('',#11558,#9392,#9393);
#8388=AXIS2_PLACEMENT_3D('',#11559,#9394,#9395);
#8389=AXIS2_PLACEMENT_3D('',#11560,#9396,#9397);
#8390=AXIS2_PLACEMENT_3D('',#11561,#9398,#9399);
#8391=AXIS2_PLACEMENT_3D('',#11562,#9400,#9401);
#8392=AXIS2_PLACEMENT_3D('',#11563,#9402,#9403);
#8393=AXIS2_PLACEMENT_3D('',#11564,#9404,#9405);
#8394=AXIS2_PLACEMENT_3D('',#11565,#9406,#9407);
#8395=AXIS2_PLACEMENT_3D('',#11566,#9408,#9409);
#8396=AXIS2_PLACEMENT_3D('',#11567,#9410,#9411);
#8397=AXIS2_PLACEMENT_3D('',#11568,#9412,#9413);
#8398=AXIS2_PLACEMENT_3D('',#11569,#9414,#9415);
#8399=AXIS2_PLACEMENT_3D('',#11570,#9416,#9417);
#8400=AXIS2_PLACEMENT_3D('',#11571,#9418,#9419);
#8401=AXIS2_PLACEMENT_3D('',#11572,#9420,#9421);
#8402=AXIS2_PLACEMENT_3D('',#11573,#9422,#9423);
#8403=AXIS2_PLACEMENT_3D('',#11574,#9424,#9425);
#8404=AXIS2_PLACEMENT_3D('',#11580,#9429,#9430);
#8405=AXIS2_PLACEMENT_3D('',#11584,#9433,#9434);
#8406=AXIS2_PLACEMENT_3D('',#11588,#9437,#9438);
#8407=AXIS2_PLACEMENT_3D('',#11590,#9440,#9441);
#8408=AXIS2_PLACEMENT_3D('',#11591,#9442,#9443);
#8409=AXIS2_PLACEMENT_3D('',#11592,#9444,#9445);
#8410=AXIS2_PLACEMENT_3D('',#11593,#9446,#9447);
#8411=AXIS2_PLACEMENT_3D('',#11594,#9448,#9449);
#8412=AXIS2_PLACEMENT_3D('',#11658,#9450,#9451);
#8413=AXIS2_PLACEMENT_3D('',#11667,#9456,#9457);
#8414=AXIS2_PLACEMENT_3D('',#11673,#9461,#9462);
#8415=AXIS2_PLACEMENT_3D('',#11679,#9466,#9467);
#8416=AXIS2_PLACEMENT_3D('',#11685,#9471,#9472);
#8417=AXIS2_PLACEMENT_3D('',#11691,#9476,#9477);
#8418=AXIS2_PLACEMENT_3D('',#11694,#9480,#9481);
#8419=AXIS2_PLACEMENT_3D('',#11695,#9482,#9483);
#8420=AXIS2_PLACEMENT_3D('',#11718,#9486,#9487);
#8421=AXIS2_PLACEMENT_3D('',#11733,#9491,#9492);
#8422=AXIS2_PLACEMENT_3D('',#11736,#9494,#9495);
#8423=AXIS2_PLACEMENT_3D('',#11746,#9496,#9497);
#8424=AXIS2_PLACEMENT_3D('',#11749,#9499,#9500);
#8425=AXIS2_PLACEMENT_3D('',#11826,#9505,#9506);
#8426=AXIS2_PLACEMENT_3D('',#11841,#9510,#9511);
#8427=AXIS2_PLACEMENT_3D('',#11844,#9513,#9514);
#8428=AXIS2_PLACEMENT_3D('',#11892,#9517,#9518);
#8429=AXIS2_PLACEMENT_3D('',#11895,#9520,#9521);
#8430=AXIS2_PLACEMENT_3D('',#11912,#9522,#9523);
#8431=AXIS2_PLACEMENT_3D('',#11913,#9524,#9525);
#8432=AXIS2_PLACEMENT_3D('',#11914,#9526,#9527);
#8433=AXIS2_PLACEMENT_3D('',#11923,#9532,#9533);
#8434=AXIS2_PLACEMENT_3D('',#11929,#9537,#9538);
#8435=AXIS2_PLACEMENT_3D('',#11935,#9542,#9543);
#8436=AXIS2_PLACEMENT_3D('',#11941,#9547,#9548);
#8437=AXIS2_PLACEMENT_3D('',#11947,#9552,#9553);
#8438=AXIS2_PLACEMENT_3D('',#11953,#9557,#9558);
#8439=AXIS2_PLACEMENT_3D('',#11959,#9562,#9563);
#8440=AXIS2_PLACEMENT_3D('',#11965,#9567,#9568);
#8441=AXIS2_PLACEMENT_3D('',#11971,#9572,#9573);
#8442=AXIS2_PLACEMENT_3D('',#11977,#9577,#9578);
#8443=AXIS2_PLACEMENT_3D('',#11983,#9582,#9583);
#8444=AXIS2_PLACEMENT_3D('',#11986,#9586,#9587);
#8445=AXIS2_PLACEMENT_3D('',#11987,#9588,#9589);
#8446=AXIS2_PLACEMENT_3D('',#11988,#9590,#9591);
#8447=AXIS2_PLACEMENT_3D('',#11993,#9593,#9594);
#8448=AXIS2_PLACEMENT_3D('',#11995,#9595,#9596);
#8449=AXIS2_PLACEMENT_3D('',#12015,#9601,#9602);
#8450=AXIS2_PLACEMENT_3D('',#12017,#9603,#9604);
#8451=AXIS2_PLACEMENT_3D('',#12019,#9605,#9606);
#8452=AXIS2_PLACEMENT_3D('',#12021,#9607,#9608);
#8453=AXIS2_PLACEMENT_3D('',#12023,#9610,#9611);
#8454=AXIS2_PLACEMENT_3D('',#12042,#9615,#9616);
#8455=AXIS2_PLACEMENT_3D('',#12043,#9617,#9618);
#8456=AXIS2_PLACEMENT_3D('',#12052,#9622,#9623);
#8457=AXIS2_PLACEMENT_3D('',#12054,#9624,#9625);
#8458=AXIS2_PLACEMENT_3D('',#12056,#9626,#9627);
#8459=AXIS2_PLACEMENT_3D('',#12057,#9628,#9629);
#8460=AXIS2_PLACEMENT_3D('',#12058,#9630,#9631);
#8461=AXIS2_PLACEMENT_3D('',#12097,#9638,#9639);
#8462=AXIS2_PLACEMENT_3D('',#12099,#9641,#9642);
#8463=AXIS2_PLACEMENT_3D('',#12100,#9643,#9644);
#8464=AXIS2_PLACEMENT_3D('',#12103,#9647,#9648);
#8465=AXIS2_PLACEMENT_3D('',#12105,#9650,#9651);
#8466=AXIS2_PLACEMENT_3D('',#12142,#9656,#9657);
#8467=AXIS2_PLACEMENT_3D('',#12177,#9670,#9671);
#8468=AXIS2_PLACEMENT_3D('',#12212,#9684,#9685);
#8469=AXIS2_PLACEMENT_3D('',#12215,#9688,#9689);
#8470=AXIS2_PLACEMENT_3D('',#12217,#9691,#9692);
#8471=AXIS2_PLACEMENT_3D('',#12219,#9694,#9695);
#8472=AXIS2_PLACEMENT_3D('',#12221,#9697,#9698);
#8473=AXIS2_PLACEMENT_3D('',#12223,#9700,#9701);
#8474=AXIS2_PLACEMENT_3D('',#12225,#9703,#9704);
#8475=AXIS2_PLACEMENT_3D('',#12227,#9706,#9707);
#8476=AXIS2_PLACEMENT_3D('',#12228,#9708,#9709);
#8477=AXIS2_PLACEMENT_3D('',#12231,#9712,#9713);
#8478=AXIS2_PLACEMENT_3D('',#12242,#9716,#9717);
#8479=AXIS2_PLACEMENT_3D('',#12253,#9720,#9721);
#8480=AXIS2_PLACEMENT_3D('',#12254,#9722,#9723);
#8481=AXIS2_PLACEMENT_3D('',#12263,#9728,#9729);
#8482=AXIS2_PLACEMENT_3D('',#12269,#9733,#9734);
#8483=AXIS2_PLACEMENT_3D('',#12275,#9738,#9739);
#8484=AXIS2_PLACEMENT_3D('',#12281,#9743,#9744);
#8485=AXIS2_PLACEMENT_3D('',#12287,#9748,#9749);
#8486=AXIS2_PLACEMENT_3D('',#12293,#9753,#9754);
#8487=AXIS2_PLACEMENT_3D('',#12299,#9758,#9759);
#8488=AXIS2_PLACEMENT_3D('',#12305,#9763,#9764);
#8489=AXIS2_PLACEMENT_3D('',#12311,#9768,#9769);
#8490=AXIS2_PLACEMENT_3D('',#12317,#9773,#9774);
#8491=AXIS2_PLACEMENT_3D('',#12323,#9778,#9779);
#8492=AXIS2_PLACEMENT_3D('',#12326,#9782,#9783);
#8493=AXIS2_PLACEMENT_3D('',#12327,#9784,#9785);
#8494=AXIS2_PLACEMENT_3D('',#12328,#9786,#9787);
#8495=AXIS2_PLACEMENT_3D('',#12343,#9789,#9790);
#8496=AXIS2_PLACEMENT_3D('',#12357,#9792,#9793);
#8497=AXIS2_PLACEMENT_3D('',#12359,#9794,#9795);
#8498=AXIS2_PLACEMENT_3D('',#12374,#9800,#9801);
#8499=AXIS2_PLACEMENT_3D('',#12390,#9804,#9805);
#8500=AXIS2_PLACEMENT_3D('',#12392,#9806,#9807);
#8501=AXIS2_PLACEMENT_3D('',#12397,#9808,#9809);
#8502=AXIS2_PLACEMENT_3D('',#12418,#9814,#9815);
#8503=AXIS2_PLACEMENT_3D('',#12420,#9816,#9817);
#8504=AXIS2_PLACEMENT_3D('',#12434,#9819,#9820);
#8505=AXIS2_PLACEMENT_3D('',#12448,#9822,#9823);
#8506=AXIS2_PLACEMENT_3D('',#12455,#9824,#9825);
#8507=AXIS2_PLACEMENT_3D('',#12457,#9826,#9827);
#8508=AXIS2_PLACEMENT_3D('',#12476,#9832,#9833);
#8509=AXIS2_PLACEMENT_3D('',#12496,#9837,#9838);
#8510=AXIS2_PLACEMENT_3D('',#12534,#9844,#9845);
#8511=AXIS2_PLACEMENT_3D('',#12536,#9847,#9848);
#8512=AXIS2_PLACEMENT_3D('',#12538,#9850,#9851);
#8513=AXIS2_PLACEMENT_3D('',#12540,#9853,#9854);
#8514=AXIS2_PLACEMENT_3D('',#12605,#9863,#9864);
#8515=AXIS2_PLACEMENT_3D('',#12607,#9866,#9867);
#8516=AXIS2_PLACEMENT_3D('',#12630,#9870,#9871);
#8517=AXIS2_PLACEMENT_3D('',#12645,#9875,#9876);
#8518=AXIS2_PLACEMENT_3D('',#12648,#9878,#9879);
#8519=AXIS2_PLACEMENT_3D('',#12658,#9880,#9881);
#8520=AXIS2_PLACEMENT_3D('',#12661,#9883,#9884);
#8521=AXIS2_PLACEMENT_3D('',#12671,#9885,#9886);
#8522=AXIS2_PLACEMENT_3D('',#12674,#9888,#9889);
#8523=AXIS2_PLACEMENT_3D('',#12684,#9890,#9891);
#8524=AXIS2_PLACEMENT_3D('',#12687,#9893,#9894);
#8525=AXIS2_PLACEMENT_3D('',#12697,#9895,#9896);
#8526=AXIS2_PLACEMENT_3D('',#12700,#9898,#9899);
#8527=AXIS2_PLACEMENT_3D('',#12710,#9900,#9901);
#8528=AXIS2_PLACEMENT_3D('',#12713,#9903,#9904);
#8529=AXIS2_PLACEMENT_3D('',#12742,#9906,#9907);
#8530=AXIS2_PLACEMENT_3D('',#12745,#9909,#9910);
#8531=AXIS2_PLACEMENT_3D('',#12784,#9913,#9914);
#8532=AXIS2_PLACEMENT_3D('',#12856,#9921,#9922);
#8533=AXIS2_PLACEMENT_3D('',#12859,#9924,#9925);
#8534=AXIS2_PLACEMENT_3D('',#12869,#9926,#9927);
#8535=AXIS2_PLACEMENT_3D('',#12872,#9929,#9930);
#8536=AXIS2_PLACEMENT_3D('',#12882,#9931,#9932);
#8537=AXIS2_PLACEMENT_3D('',#12885,#9934,#9935);
#8538=AXIS2_PLACEMENT_3D('',#12913,#9937,#9938);
#8539=AXIS2_PLACEMENT_3D('',#12914,#9939,#9940);
#8540=AXIS2_PLACEMENT_3D('',#12915,#9941,#9942);
#8541=AXIS2_PLACEMENT_3D('',#12916,#9943,#9944);
#8542=AXIS2_PLACEMENT_3D('',#12917,#9945,#9946);
#8543=AXIS2_PLACEMENT_3D('',#12926,#9951,#9952);
#8544=AXIS2_PLACEMENT_3D('',#12951,#9957,#9958);
#8545=AXIS2_PLACEMENT_3D('',#12957,#9962,#9963);
#8546=AXIS2_PLACEMENT_3D('',#12963,#9967,#9968);
#8547=AXIS2_PLACEMENT_3D('',#12969,#9972,#9973);
#8548=AXIS2_PLACEMENT_3D('',#12975,#9977,#9978);
#8549=AXIS2_PLACEMENT_3D('',#12981,#9982,#9983);
#8550=AXIS2_PLACEMENT_3D('',#13025,#9989,#9990);
#8551=AXIS2_PLACEMENT_3D('',#13040,#9994,#9995);
#8552=AXIS2_PLACEMENT_3D('',#13043,#9997,#9998);
#8553=AXIS2_PLACEMENT_3D('',#13063,#10000,#10001);
#8554=AXIS2_PLACEMENT_3D('',#13066,#10004,#10005);
#8555=AXIS2_PLACEMENT_3D('',#13067,#10006,#10007);
#8556=AXIS2_PLACEMENT_3D('',#13068,#10008,#10009);
#8557=AXIS2_PLACEMENT_3D('',#13077,#10014,#10015);
#8558=AXIS2_PLACEMENT_3D('',#13083,#10019,#10020);
#8559=AXIS2_PLACEMENT_3D('',#13089,#10024,#10025);
#8560=AXIS2_PLACEMENT_3D('',#13095,#10029,#10030);
#8561=AXIS2_PLACEMENT_3D('',#13101,#10034,#10035);
#8562=AXIS2_PLACEMENT_3D('',#13107,#10039,#10040);
#8563=AXIS2_PLACEMENT_3D('',#13113,#10044,#10045);
#8564=AXIS2_PLACEMENT_3D('',#13119,#10049,#10050);
#8565=AXIS2_PLACEMENT_3D('',#13125,#10054,#10055);
#8566=AXIS2_PLACEMENT_3D('',#13131,#10059,#10060);
#8567=AXIS2_PLACEMENT_3D('',#13137,#10064,#10065);
#8568=AXIS2_PLACEMENT_3D('',#13140,#10068,#10069);
#8569=AXIS2_PLACEMENT_3D('',#13141,#10070,#10071);
#8570=AXIS2_PLACEMENT_3D('',#13142,#10072,#10073);
#8571=AXIS2_PLACEMENT_3D('',#13147,#10075,#10076);
#8572=AXIS2_PLACEMENT_3D('',#13149,#10077,#10078);
#8573=AXIS2_PLACEMENT_3D('',#13169,#10083,#10084);
#8574=AXIS2_PLACEMENT_3D('',#13171,#10085,#10086);
#8575=AXIS2_PLACEMENT_3D('',#13173,#10087,#10088);
#8576=AXIS2_PLACEMENT_3D('',#13175,#10089,#10090);
#8577=AXIS2_PLACEMENT_3D('',#13177,#10092,#10093);
#8578=AXIS2_PLACEMENT_3D('',#13196,#10097,#10098);
#8579=AXIS2_PLACEMENT_3D('',#13197,#10099,#10100);
#8580=AXIS2_PLACEMENT_3D('',#13206,#10104,#10105);
#8581=AXIS2_PLACEMENT_3D('',#13208,#10106,#10107);
#8582=AXIS2_PLACEMENT_3D('',#13210,#10108,#10109);
#8583=AXIS2_PLACEMENT_3D('',#13211,#10110,#10111);
#8584=AXIS2_PLACEMENT_3D('',#13212,#10112,#10113);
#8585=AXIS2_PLACEMENT_3D('',#13251,#10120,#10121);
#8586=AXIS2_PLACEMENT_3D('',#13253,#10123,#10124);
#8587=AXIS2_PLACEMENT_3D('',#13254,#10125,#10126);
#8588=AXIS2_PLACEMENT_3D('',#13257,#10129,#10130);
#8589=AXIS2_PLACEMENT_3D('',#13259,#10132,#10133);
#8590=AXIS2_PLACEMENT_3D('',#13296,#10138,#10139);
#8591=AXIS2_PLACEMENT_3D('',#13331,#10152,#10153);
#8592=AXIS2_PLACEMENT_3D('',#13366,#10166,#10167);
#8593=AXIS2_PLACEMENT_3D('',#13369,#10170,#10171);
#8594=AXIS2_PLACEMENT_3D('',#13371,#10173,#10174);
#8595=AXIS2_PLACEMENT_3D('',#13373,#10176,#10177);
#8596=AXIS2_PLACEMENT_3D('',#13375,#10179,#10180);
#8597=AXIS2_PLACEMENT_3D('',#13377,#10182,#10183);
#8598=AXIS2_PLACEMENT_3D('',#13379,#10185,#10186);
#8599=AXIS2_PLACEMENT_3D('',#13381,#10188,#10189);
#8600=AXIS2_PLACEMENT_3D('',#13382,#10190,#10191);
#8601=AXIS2_PLACEMENT_3D('',#13385,#10194,#10195);
#8602=AXIS2_PLACEMENT_3D('',#13396,#10198,#10199);
#8603=AXIS2_PLACEMENT_3D('',#13407,#10202,#10203);
#8604=AXIS2_PLACEMENT_3D('',#13408,#10204,#10205);
#8605=AXIS2_PLACEMENT_3D('',#13416,#10206,#10207);
#8606=AXIS2_PLACEMENT_3D('',#13423,#10208,#10209);
#8607=AXIS2_PLACEMENT_3D('',#13435,#10210,#10211);
#8608=AXIS2_PLACEMENT_3D('',#13437,#10212,#10213);
#8609=AXIS2_PLACEMENT_3D('',#13439,#10214,#10215);
#8610=AXIS2_PLACEMENT_3D('',#13441,#10216,#10217);
#8611=AXIS2_PLACEMENT_3D('',#13527,#10225,#10226);
#8612=AXIS2_PLACEMENT_3D('',#13528,#10227,#10228);
#8613=AXIS2_PLACEMENT_3D('',#13544,#10229,#10230);
#8614=AXIS2_PLACEMENT_3D('',#13552,#10231,#10232);
#8615=AXIS2_PLACEMENT_3D('',#13554,#10233,#10234);
#8616=AXIS2_PLACEMENT_3D('',#13646,#10242,#10243);
#8617=AXIS2_PLACEMENT_3D('',#13648,#10244,#10245);
#8618=AXIS2_PLACEMENT_3D('',#13650,#10246,#10247);
#8619=AXIS2_PLACEMENT_3D('',#13652,#10248,#10249);
#8620=AXIS2_PLACEMENT_3D('',#13664,#10250,#10251);
#8621=AXIS2_PLACEMENT_3D('',#13670,#10252,#10253);
#8622=AXIS2_PLACEMENT_3D('',#13795,#10267,#10268);
#8623=AXIS2_PLACEMENT_3D('',#13797,#10270,#10271);
#8624=AXIS2_PLACEMENT_3D('',#13799,#10273,#10274);
#8625=AXIS2_PLACEMENT_3D('',#13801,#10276,#10277);
#8626=AXIS2_PLACEMENT_3D('',#13866,#10286,#10287);
#8627=AXIS2_PLACEMENT_3D('',#13886,#10291,#10292);
#8628=AXIS2_PLACEMENT_3D('',#13915,#10297,#10298);
#8629=AXIS2_PLACEMENT_3D('',#13962,#10303,#10304);
#8630=AXIS2_PLACEMENT_3D('',#13963,#10305,#10306);
#8631=AXIS2_PLACEMENT_3D('',#13972,#10311,#10312);
#8632=AXIS2_PLACEMENT_3D('',#13986,#10320,#10321);
#8633=AXIS2_PLACEMENT_3D('',#13990,#10324,#10325);
#8634=AXIS2_PLACEMENT_3D('',#13999,#10330,#10331);
#8635=AXIS2_PLACEMENT_3D('',#14011,#10338,#10339);
#8636=AXIS2_PLACEMENT_3D('',#14018,#10344,#10345);
#8637=AXIS2_PLACEMENT_3D('',#14025,#10349,#10350);
#8638=AXIS2_PLACEMENT_3D('',#14027,#10351,#10352);
#8639=AXIS2_PLACEMENT_3D('',#14029,#10353,#10354);
#8640=AXIS2_PLACEMENT_3D('',#14031,#10355,#10356);
#8641=AXIS2_PLACEMENT_3D('',#14033,#10357,#10358);
#8642=AXIS2_PLACEMENT_3D('',#14034,#10359,#10360);
#8643=AXIS2_PLACEMENT_3D('',#14038,#10363,#10364);
#8644=AXIS2_PLACEMENT_3D('',#14040,#10365,#10366);
#8645=AXIS2_PLACEMENT_3D('',#14042,#10368,#10369);
#8646=AXIS2_PLACEMENT_3D('',#14044,#10370,#10371);
#8647=AXIS2_PLACEMENT_3D('',#14046,#10373,#10374);
#8648=AXIS2_PLACEMENT_3D('',#14048,#10375,#10376);
#8649=AXIS2_PLACEMENT_3D('',#14050,#10378,#10379);
#8650=AXIS2_PLACEMENT_3D('',#14052,#10380,#10381);
#8651=AXIS2_PLACEMENT_3D('',#14054,#10383,#10384);
#8652=AXIS2_PLACEMENT_3D('',#14056,#10385,#10386);
#8653=AXIS2_PLACEMENT_3D('',#14058,#10388,#10389);
#8654=AXIS2_PLACEMENT_3D('',#14066,#10394,#10395);
#8655=AXIS2_PLACEMENT_3D('',#14068,#10396,#10397);
#8656=AXIS2_PLACEMENT_3D('',#14070,#10398,#10399);
#8657=AXIS2_PLACEMENT_3D('',#14072,#10400,#10401);
#8658=AXIS2_PLACEMENT_3D('',#14074,#10402,#10403);
#8659=AXIS2_PLACEMENT_3D('',#14076,#10404,#10405);
#8660=AXIS2_PLACEMENT_3D('',#14078,#10406,#10407);
#8661=AXIS2_PLACEMENT_3D('',#14080,#10408,#10409);
#8662=AXIS2_PLACEMENT_3D('',#14082,#10410,#10411);
#8663=AXIS2_PLACEMENT_3D('',#14084,#10412,#10413);
#8664=AXIS2_PLACEMENT_3D('',#14085,#10414,#10415);
#8665=AXIS2_PLACEMENT_3D('',#14098,#10421,#10422);
#8666=AXIS2_PLACEMENT_3D('',#14102,#10424,#10425);
#8667=AXIS2_PLACEMENT_3D('',#14106,#10427,#10428);
#8668=AXIS2_PLACEMENT_3D('',#14108,#10430,#10431);
#8669=AXIS2_PLACEMENT_3D('',#14109,#10432,#10433);
#8670=AXIS2_PLACEMENT_3D('',#14113,#10436,#10437);
#8671=AXIS2_PLACEMENT_3D('',#14116,#10440,#10441);
#8672=AXIS2_PLACEMENT_3D('',#14119,#10443,#10444);
#8673=AXIS2_PLACEMENT_3D('',#14120,#10445,#10446);
#8674=AXIS2_PLACEMENT_3D('',#14123,#10448,#10449);
#8675=AXIS2_PLACEMENT_3D('',#14124,#10450,#10451);
#8676=AXIS2_PLACEMENT_3D('',#14125,#10452,#10453);
#8677=AXIS2_PLACEMENT_3D('',#14126,#10454,#10455);
#8678=AXIS2_PLACEMENT_3D('',#14128,#10457,#10458);
#8679=AXIS2_PLACEMENT_3D('',#14130,#10459,#10460);
#8680=AXIS2_PLACEMENT_3D('',#14134,#10462,#10463);
#8681=AXIS2_PLACEMENT_3D('',#14138,#10465,#10466);
#8682=AXIS2_PLACEMENT_3D('',#14141,#10468,#10469);
#8683=AXIS2_PLACEMENT_3D('',#14143,#10470,#10471);
#8684=AXIS2_PLACEMENT_3D('',#14145,#10472,#10473);
#8685=AXIS2_PLACEMENT_3D('',#14147,#10474,#10475);
#8686=AXIS2_PLACEMENT_3D('',#14149,#10476,#10477);
#8687=AXIS2_PLACEMENT_3D('',#14151,#10478,#10479);
#8688=AXIS2_PLACEMENT_3D('',#14153,#10480,#10481);
#8689=AXIS2_PLACEMENT_3D('',#14155,#10482,#10483);
#8690=AXIS2_PLACEMENT_3D('',#14157,#10484,#10485);
#8691=AXIS2_PLACEMENT_3D('',#14158,#10486,#10487);
#8692=AXIS2_PLACEMENT_3D('',#14160,#10489,#10490);
#8693=AXIS2_PLACEMENT_3D('',#14162,#10492,#10493);
#8694=AXIS2_PLACEMENT_3D('',#14164,#10495,#10496);
#8695=AXIS2_PLACEMENT_3D('',#14166,#10498,#10499);
#8696=AXIS2_PLACEMENT_3D('',#14168,#10501,#10502);
#8697=AXIS2_PLACEMENT_3D('',#14170,#10504,#10505);
#8698=AXIS2_PLACEMENT_3D('',#14172,#10507,#10508);
#8699=AXIS2_PLACEMENT_3D('',#14173,#10509,#10510);
#8700=AXIS2_PLACEMENT_3D('',#14175,#10512,#10513);
#8701=AXIS2_PLACEMENT_3D('',#14176,#10514,#10515);
#8702=AXIS2_PLACEMENT_3D('',#14178,#10517,#10518);
#8703=AXIS2_PLACEMENT_3D('',#14180,#10520,#10521);
#8704=AXIS2_PLACEMENT_3D('',#14182,#10523,#10524);
#8705=AXIS2_PLACEMENT_3D('',#14184,#10526,#10527);
#8706=AXIS2_PLACEMENT_3D('',#14186,#10529,#10530);
#8707=AXIS2_PLACEMENT_3D('',#14188,#10532,#10533);
#8708=AXIS2_PLACEMENT_3D('',#14190,#10535,#10536);
#8709=AXIS2_PLACEMENT_3D('',#14192,#10538,#10539);
#8710=AXIS2_PLACEMENT_3D('',#14193,#10540,#10541);
#8711=DIRECTION('axis',(0.,0.,1.));
#8712=DIRECTION('refdir',(1.,0.,0.));
#8713=DIRECTION('axis',(0.,0.,1.));
#8714=DIRECTION('refdir',(1.,0.,0.));
#8715=DIRECTION('axis',(0.,0.,1.));
#8716=DIRECTION('refdir',(1.,0.,0.));
#8717=DIRECTION('center_axis',(0.,1.,0.));
#8718=DIRECTION('ref_axis',(-1.,0.,0.));
#8719=DIRECTION('',(-1.,0.,0.));
#8720=DIRECTION('',(0.,0.,1.));
#8721=DIRECTION('',(1.,0.,0.));
#8722=DIRECTION('',(0.,0.,-1.));
#8723=DIRECTION('center_axis',(0.,0.,-1.));
#8724=DIRECTION('ref_axis',(-0.999999964308662,-0.00026717536215351,0.));
#8725=DIRECTION('center_axis',(0.,0.,-1.));
#8726=DIRECTION('ref_axis',(-0.999999964308662,-0.00026717536215351,0.));
#8727=DIRECTION('',(0.,0.,1.));
#8728=DIRECTION('center_axis',(0.,0.,-1.));
#8729=DIRECTION('ref_axis',(-0.999999964308662,-0.00026717536215351,0.));
#8730=DIRECTION('center_axis',(0.,0.,-1.));
#8731=DIRECTION('ref_axis',(-1.,0.,0.));
#8732=DIRECTION('center_axis',(0.,0.,-1.));
#8733=DIRECTION('ref_axis',(-0.00026717536215351,0.999999964308662,0.));
#8734=DIRECTION('',(0.,-1.,0.));
#8735=DIRECTION('center_axis',(0.,0.,-1.));
#8736=DIRECTION('ref_axis',(0.999999964308662,0.00026717536215751,0.));
#8737=DIRECTION('',(-1.,0.,0.));
#8738=DIRECTION('center_axis',(0.,0.,-1.));
#8739=DIRECTION('ref_axis',(0.00026717536215571,-0.999999964308662,0.));
#8740=DIRECTION('',(0.,1.,0.));
#8741=DIRECTION('center_axis',(0.,0.,1.));
#8742=DIRECTION('ref_axis',(1.,0.,0.));
#8743=DIRECTION('center_axis',(0.,0.,1.));
#8744=DIRECTION('ref_axis',(1.,0.,0.));
#8745=DIRECTION('center_axis',(0.,0.,1.));
#8746=DIRECTION('ref_axis',(1.,0.,0.));
#8747=DIRECTION('center_axis',(0.,0.,1.));
#8748=DIRECTION('ref_axis',(1.,0.,0.));
#8749=DIRECTION('center_axis',(0.,0.,1.));
#8750=DIRECTION('ref_axis',(1.,0.,0.));
#8751=DIRECTION('center_axis',(0.,0.,1.));
#8752=DIRECTION('ref_axis',(1.,0.,0.));
#8753=DIRECTION('center_axis',(0.,0.,1.));
#8754=DIRECTION('ref_axis',(1.,0.,0.));
#8755=DIRECTION('center_axis',(0.,0.,1.));
#8756=DIRECTION('ref_axis',(1.,0.,0.));
#8757=DIRECTION('center_axis',(0.,0.,1.));
#8758=DIRECTION('ref_axis',(1.,0.,0.));
#8759=DIRECTION('center_axis',(0.,0.,1.));
#8760=DIRECTION('ref_axis',(1.,0.,0.));
#8761=DIRECTION('center_axis',(0.,0.,1.));
#8762=DIRECTION('ref_axis',(1.,0.,0.));
#8763=DIRECTION('center_axis',(0.,0.,1.));
#8764=DIRECTION('ref_axis',(1.,0.,0.));
#8765=DIRECTION('center_axis',(0.,0.,1.));
#8766=DIRECTION('ref_axis',(1.,0.,0.));
#8767=DIRECTION('center_axis',(0.,0.,1.));
#8768=DIRECTION('ref_axis',(1.,0.,0.));
#8769=DIRECTION('center_axis',(0.,0.,1.));
#8770=DIRECTION('ref_axis',(1.,0.,0.));
#8771=DIRECTION('center_axis',(0.,0.,1.));
#8772=DIRECTION('ref_axis',(1.,0.,0.));
#8773=DIRECTION('center_axis',(0.,0.,1.));
#8774=DIRECTION('ref_axis',(1.,0.,0.));
#8775=DIRECTION('center_axis',(0.,0.,1.));
#8776=DIRECTION('ref_axis',(1.,0.,0.));
#8777=DIRECTION('center_axis',(0.,0.,1.));
#8778=DIRECTION('ref_axis',(1.,0.,0.));
#8779=DIRECTION('center_axis',(0.,0.,1.));
#8780=DIRECTION('ref_axis',(1.,0.,0.));
#8781=DIRECTION('center_axis',(0.,0.,1.));
#8782=DIRECTION('ref_axis',(1.,0.,0.));
#8783=DIRECTION('center_axis',(0.,0.,1.));
#8784=DIRECTION('ref_axis',(1.,0.,0.));
#8785=DIRECTION('center_axis',(-1.,0.,0.));
#8786=DIRECTION('ref_axis',(0.,1.,0.));
#8787=DIRECTION('',(0.,0.,1.));
#8788=DIRECTION('',(0.,1.,0.));
#8789=DIRECTION('center_axis',(0.,0.,-1.));
#8790=DIRECTION('ref_axis',(-0.00026717536215351,0.999999964308662,0.));
#8791=DIRECTION('center_axis',(0.,0.,-1.));
#8792=DIRECTION('ref_axis',(-0.00026717536215351,0.999999964308662,0.));
#8793=DIRECTION('',(0.,0.,1.));
#8794=DIRECTION('center_axis',(1.,0.,0.));
#8795=DIRECTION('ref_axis',(0.,-1.,0.));
#8796=DIRECTION('',(0.,-1.,0.));
#8797=DIRECTION('',(0.,0.,1.));
#8798=DIRECTION('center_axis',(0.,0.,-1.));
#8799=DIRECTION('ref_axis',(0.999999964308662,0.00026717536215751,0.));
#8800=DIRECTION('center_axis',(0.,0.,-1.));
#8801=DIRECTION('ref_axis',(0.999999964308662,0.00026717536215751,0.));
#8802=DIRECTION('',(0.,0.,1.));
#8803=DIRECTION('center_axis',(0.,-1.,0.));
#8804=DIRECTION('ref_axis',(-1.,0.,0.));
#8805=DIRECTION('',(-1.,0.,0.));
#8806=DIRECTION('',(0.,0.,1.));
#8807=DIRECTION('center_axis',(0.,0.,-1.));
#8808=DIRECTION('ref_axis',(0.00026717536215571,-0.999999964308662,0.));
#8809=DIRECTION('center_axis',(0.,0.,-1.));
#8810=DIRECTION('ref_axis',(0.00026717536215571,-0.999999964308662,0.));
#8811=DIRECTION('center_axis',(0.,0.,-1.));
#8812=DIRECTION('ref_axis',(1.,0.,0.));
#8813=DIRECTION('center_axis',(0.,0.,1.));
#8814=DIRECTION('ref_axis',(1.,0.,0.));
#8815=DIRECTION('',(0.,0.,-1.));
#8816=DIRECTION('center_axis',(0.,0.,-1.));
#8817=DIRECTION('ref_axis',(1.,0.,0.));
#8818=DIRECTION('center_axis',(0.,0.,1.));
#8819=DIRECTION('ref_axis',(1.,0.,0.));
#8820=DIRECTION('',(0.,0.,-1.));
#8821=DIRECTION('center_axis',(0.,0.,-1.));
#8822=DIRECTION('ref_axis',(1.,0.,0.));
#8823=DIRECTION('center_axis',(0.,0.,1.));
#8824=DIRECTION('ref_axis',(1.,0.,0.));
#8825=DIRECTION('',(0.,0.,-1.));
#8826=DIRECTION('center_axis',(0.,0.,-1.));
#8827=DIRECTION('ref_axis',(1.,0.,0.));
#8828=DIRECTION('center_axis',(0.,0.,1.));
#8829=DIRECTION('ref_axis',(1.,0.,0.));
#8830=DIRECTION('',(0.,0.,-1.));
#8831=DIRECTION('center_axis',(0.,0.,-1.));
#8832=DIRECTION('ref_axis',(1.,0.,0.));
#8833=DIRECTION('center_axis',(0.,0.,1.));
#8834=DIRECTION('ref_axis',(1.,0.,0.));
#8835=DIRECTION('',(0.,0.,-1.));
#8836=DIRECTION('center_axis',(0.,0.,-1.));
#8837=DIRECTION('ref_axis',(1.,0.,0.));
#8838=DIRECTION('center_axis',(0.,0.,1.));
#8839=DIRECTION('ref_axis',(1.,0.,0.));
#8840=DIRECTION('',(0.,0.,-1.));
#8841=DIRECTION('center_axis',(0.,0.,-1.));
#8842=DIRECTION('ref_axis',(1.,0.,0.));
#8843=DIRECTION('center_axis',(0.,0.,1.));
#8844=DIRECTION('ref_axis',(1.,0.,0.));
#8845=DIRECTION('',(0.,0.,-1.));
#8846=DIRECTION('center_axis',(0.,0.,-1.));
#8847=DIRECTION('ref_axis',(1.,0.,0.));
#8848=DIRECTION('center_axis',(0.,0.,1.));
#8849=DIRECTION('ref_axis',(1.,0.,0.));
#8850=DIRECTION('',(0.,0.,-1.));
#8851=DIRECTION('center_axis',(0.,0.,-1.));
#8852=DIRECTION('ref_axis',(1.,0.,0.));
#8853=DIRECTION('center_axis',(0.,0.,1.));
#8854=DIRECTION('ref_axis',(1.,0.,0.));
#8855=DIRECTION('',(0.,0.,-1.));
#8856=DIRECTION('center_axis',(0.,0.,-1.));
#8857=DIRECTION('ref_axis',(1.,0.,0.));
#8858=DIRECTION('center_axis',(0.,0.,1.));
#8859=DIRECTION('ref_axis',(1.,0.,0.));
#8860=DIRECTION('',(0.,0.,-1.));
#8861=DIRECTION('center_axis',(0.,0.,-1.));
#8862=DIRECTION('ref_axis',(1.,0.,0.));
#8863=DIRECTION('center_axis',(0.,0.,1.));
#8864=DIRECTION('ref_axis',(1.,0.,0.));
#8865=DIRECTION('',(0.,0.,-1.));
#8866=DIRECTION('center_axis',(0.,0.,-1.));
#8867=DIRECTION('ref_axis',(1.,0.,0.));
#8868=DIRECTION('center_axis',(0.,0.,1.));
#8869=DIRECTION('ref_axis',(1.,0.,0.));
#8870=DIRECTION('',(0.,0.,-1.));
#8871=DIRECTION('center_axis',(0.,0.,-1.));
#8872=DIRECTION('ref_axis',(1.,0.,0.));
#8873=DIRECTION('center_axis',(0.,0.,1.));
#8874=DIRECTION('ref_axis',(1.,0.,0.));
#8875=DIRECTION('',(0.,0.,-1.));
#8876=DIRECTION('center_axis',(0.,0.,-1.));
#8877=DIRECTION('ref_axis',(1.,0.,0.));
#8878=DIRECTION('center_axis',(0.,0.,1.));
#8879=DIRECTION('ref_axis',(1.,0.,0.));
#8880=DIRECTION('',(0.,0.,-1.));
#8881=DIRECTION('center_axis',(0.,0.,-1.));
#8882=DIRECTION('ref_axis',(1.,0.,0.));
#8883=DIRECTION('center_axis',(0.,0.,1.));
#8884=DIRECTION('ref_axis',(1.,0.,0.));
#8885=DIRECTION('',(0.,0.,-1.));
#8886=DIRECTION('center_axis',(0.,0.,-1.));
#8887=DIRECTION('ref_axis',(1.,0.,0.));
#8888=DIRECTION('center_axis',(0.,0.,1.));
#8889=DIRECTION('ref_axis',(1.,0.,0.));
#8890=DIRECTION('',(0.,0.,-1.));
#8891=DIRECTION('center_axis',(0.,0.,-1.));
#8892=DIRECTION('ref_axis',(1.,0.,0.));
#8893=DIRECTION('center_axis',(0.,0.,1.));
#8894=DIRECTION('ref_axis',(1.,0.,0.));
#8895=DIRECTION('',(0.,0.,-1.));
#8896=DIRECTION('center_axis',(0.,0.,-1.));
#8897=DIRECTION('ref_axis',(1.,0.,0.));
#8898=DIRECTION('center_axis',(0.,0.,1.));
#8899=DIRECTION('ref_axis',(1.,0.,0.));
#8900=DIRECTION('',(0.,0.,-1.));
#8901=DIRECTION('center_axis',(0.,0.,-1.));
#8902=DIRECTION('ref_axis',(1.,0.,0.));
#8903=DIRECTION('center_axis',(0.,0.,1.));
#8904=DIRECTION('ref_axis',(1.,0.,0.));
#8905=DIRECTION('',(0.,0.,-1.));
#8906=DIRECTION('center_axis',(0.,0.,-1.));
#8907=DIRECTION('ref_axis',(1.,0.,0.));
#8908=DIRECTION('center_axis',(0.,0.,1.));
#8909=DIRECTION('ref_axis',(1.,0.,0.));
#8910=DIRECTION('',(0.,0.,-1.));
#8911=DIRECTION('center_axis',(0.,0.,-1.));
#8912=DIRECTION('ref_axis',(1.,0.,0.));
#8913=DIRECTION('center_axis',(0.,0.,1.));
#8914=DIRECTION('ref_axis',(1.,0.,0.));
#8915=DIRECTION('',(0.,0.,-1.));
#8916=DIRECTION('center_axis',(0.,0.,-1.));
#8917=DIRECTION('ref_axis',(1.,0.,0.));
#8918=DIRECTION('center_axis',(0.,0.,1.));
#8919=DIRECTION('ref_axis',(1.,0.,0.));
#8920=DIRECTION('',(0.,0.,-1.));
#8921=DIRECTION('center_axis',(0.,0.,-1.));
#8922=DIRECTION('ref_axis',(-1.,0.,0.));
#8923=DIRECTION('',(0.,0.,1.));
#8924=DIRECTION('',(1.,0.,0.));
#8925=DIRECTION('axis',(0.,0.,1.));
#8926=DIRECTION('refdir',(1.,0.,0.));
#8927=DIRECTION('axis',(0.,0.,1.));
#8928=DIRECTION('refdir',(1.,0.,0.));
#8929=DIRECTION('center_axis',(0.,0.,-1.));
#8930=DIRECTION('ref_axis',(1.,0.,0.));
#8931=DIRECTION('center_axis',(1.224646799147E-16,1.,0.));
#8932=DIRECTION('ref_axis',(-1.,1.224646799147E-16,0.));
#8933=DIRECTION('center_axis',(0.,0.,1.));
#8934=DIRECTION('ref_axis',(1.,0.,0.));
#8935=DIRECTION('center_axis',(0.,-1.,0.));
#8936=DIRECTION('ref_axis',(0.,0.,-1.));
#8937=DIRECTION('center_axis',(0.,0.,-1.));
#8938=DIRECTION('ref_axis',(-1.,0.,0.));
#8939=DIRECTION('center_axis',(0.,0.,1.));
#8940=DIRECTION('ref_axis',(1.,0.,0.));
#8941=DIRECTION('',(0.,0.,1.));
#8942=DIRECTION('center_axis',(0.,0.,-1.));
#8943=DIRECTION('ref_axis',(1.,0.,0.));
#8944=DIRECTION('center_axis',(0.,0.,-1.));
#8945=DIRECTION('ref_axis',(-1.,0.,0.));
#8946=DIRECTION('center_axis',(0.,0.,1.));
#8947=DIRECTION('ref_axis',(1.,0.,0.));
#8948=DIRECTION('',(0.,0.,1.));
#8949=DIRECTION('center_axis',(0.,0.,1.));
#8950=DIRECTION('ref_axis',(1.,0.,0.));
#8951=DIRECTION('center_axis',(0.,0.,-1.));
#8952=DIRECTION('ref_axis',(-1.,0.,0.));
#8953=DIRECTION('center_axis',(0.,0.,1.));
#8954=DIRECTION('ref_axis',(1.,0.,0.));
#8955=DIRECTION('',(0.,0.,-1.));
#8956=DIRECTION('center_axis',(0.,0.,-1.));
#8957=DIRECTION('ref_axis',(1.,0.,0.));
#8958=DIRECTION('center_axis',(0.,0.,1.));
#8959=DIRECTION('ref_axis',(1.,0.,0.));
#8960=DIRECTION('',(0.,0.,1.));
#8961=DIRECTION('center_axis',(0.,0.,1.));
#8962=DIRECTION('ref_axis',(1.,0.,0.));
#8963=DIRECTION('',(0.,0.,-1.));
#8964=DIRECTION('center_axis',(0.,0.,1.));
#8965=DIRECTION('ref_axis',(1.,0.,0.));
#8966=DIRECTION('center_axis',(0.,0.,1.));
#8967=DIRECTION('ref_axis',(1.,0.,0.));
#8968=DIRECTION('',(0.,1.,0.));
#8969=DIRECTION('center_axis',(0.,0.,-1.));
#8970=DIRECTION('ref_axis',(1.,0.,0.));
#8971=DIRECTION('',(0.,1.,0.));
#8972=DIRECTION('',(-1.,-2.409338161079E-16,0.));
#8973=DIRECTION('',(4.845596301611E-17,-1.,0.));
#8974=DIRECTION('center_axis',(0.,0.,-1.));
#8975=DIRECTION('ref_axis',(1.,0.,0.));
#8976=DIRECTION('',(4.845596301611E-17,-1.,0.));
#8977=DIRECTION('',(1.,1.204669080539E-16,0.));
#8978=DIRECTION('',(-1.084202172486E-15,1.,0.));
#8979=DIRECTION('',(1.,0.,0.));
#8980=DIRECTION('',(-1.084202172486E-15,-1.,0.));
#8981=DIRECTION('',(1.,1.204669080539E-16,0.));
#8982=DIRECTION('',(-1.084202172486E-15,1.,0.));
#8983=DIRECTION('',(1.,0.,0.));
#8984=DIRECTION('',(-1.084202172486E-15,-1.,0.));
#8985=DIRECTION('',(1.,1.204669080539E-16,0.));
#8986=DIRECTION('',(-1.084202172486E-15,1.,0.));
#8987=DIRECTION('',(1.,0.,0.));
#8988=DIRECTION('',(-1.084202172486E-15,-1.,0.));
#8989=DIRECTION('',(1.,1.204669080539E-16,0.));
#8990=DIRECTION('',(-1.084202172486E-15,1.,0.));
#8991=DIRECTION('',(1.,0.,0.));
#8992=DIRECTION('',(-1.084202172486E-15,-1.,0.));
#8993=DIRECTION('',(1.,1.204669080539E-16,0.));
#8994=DIRECTION('',(-1.084202172486E-15,1.,0.));
#8995=DIRECTION('',(1.,0.,0.));
#8996=DIRECTION('',(-1.084202172486E-15,-1.,0.));
#8997=DIRECTION('',(1.,1.204669080539E-16,0.));
#8998=DIRECTION('',(-1.084202172486E-15,1.,0.));
#8999=DIRECTION('',(1.,0.,0.));
#9000=DIRECTION('',(-1.084202172486E-15,-1.,0.));
#9001=DIRECTION('',(1.,1.204669080539E-16,0.));
#9002=DIRECTION('',(-1.084202172486E-15,1.,0.));
#9003=DIRECTION('',(1.,0.,0.));
#9004=DIRECTION('',(-1.084202172486E-15,-1.,0.));
#9005=DIRECTION('',(1.,1.204669080539E-16,0.));
#9006=DIRECTION('',(-1.084202172486E-15,1.,0.));
#9007=DIRECTION('',(1.,0.,0.));
#9008=DIRECTION('',(-1.084202172486E-15,-1.,0.));
#9009=DIRECTION('',(1.,1.204669080539E-16,0.));
#9010=DIRECTION('',(-2.168404344971E-16,1.,0.));
#9011=DIRECTION('center_axis',(0.,0.,1.));
#9012=DIRECTION('ref_axis',(1.,0.,0.));
#9013=DIRECTION('',(-1.,0.,0.));
#9014=DIRECTION('center_axis',(0.,0.,-1.));
#9015=DIRECTION('ref_axis',(1.,0.,0.));
#9016=DIRECTION('',(0.,1.,0.));
#9017=DIRECTION('center_axis',(0.,0.,-1.));
#9018=DIRECTION('ref_axis',(1.,0.,0.));
#9019=DIRECTION('',(1.,0.,0.));
#9020=DIRECTION('center_axis',(0.,0.,-1.));
#9021=DIRECTION('ref_axis',(1.,0.,0.));
#9022=DIRECTION('',(0.,-1.,0.));
#9023=DIRECTION('center_axis',(0.,0.,-1.));
#9024=DIRECTION('ref_axis',(1.,0.,0.));
#9025=DIRECTION('',(-1.,2.06514699521E-16,0.));
#9026=DIRECTION('center_axis',(0.,0.,-1.));
#9027=DIRECTION('ref_axis',(1.,0.,0.));
#9028=DIRECTION('',(1.,0.,0.));
#9029=DIRECTION('',(2.168404344971E-16,-1.,0.));
#9030=DIRECTION('',(-1.,0.,0.));
#9031=DIRECTION('',(0.,1.,0.));
#9032=DIRECTION('center_axis',(0.,0.,1.));
#9033=DIRECTION('ref_axis',(1.,0.,0.));
#9034=DIRECTION('',(0.336390827665096,-0.941722470297269,0.));
#9035=DIRECTION('',(-1.,0.,0.));
#9036=DIRECTION('',(0.339053795485042,0.940766986967117,0.));
#9037=DIRECTION('',(1.,0.,0.));
#9038=DIRECTION('center_axis',(0.,0.,1.));
#9039=DIRECTION('ref_axis',(1.,0.,0.));
#9040=DIRECTION('',(0.,1.,0.));
#9041=DIRECTION('',(1.,1.204669080539E-16,0.));
#9042=DIRECTION('',(4.845596301611E-17,-1.,0.));
#9043=DIRECTION('center_axis',(0.,0.,-1.));
#9044=DIRECTION('ref_axis',(1.,0.,0.));
#9045=DIRECTION('',(4.845596301611E-17,-1.,0.));
#9046=DIRECTION('',(-1.,-2.409338161079E-16,0.));
#9047=DIRECTION('',(0.,1.,0.));
#9048=DIRECTION('center_axis',(0.,0.,-1.));
#9049=DIRECTION('ref_axis',(1.,0.,0.));
#9050=DIRECTION('',(0.,1.,0.));
#9051=DIRECTION('',(1.,1.204669080539E-16,0.));
#9052=DIRECTION('',(0.,-1.,0.));
#9053=DIRECTION('',(1.,0.,0.));
#9054=DIRECTION('',(0.,1.,0.));
#9055=DIRECTION('',(1.,1.204669080539E-16,0.));
#9056=DIRECTION('',(0.,-1.,0.));
#9057=DIRECTION('',(1.,0.,0.));
#9058=DIRECTION('',(0.,1.,0.));
#9059=DIRECTION('',(1.,1.204669080539E-16,0.));
#9060=DIRECTION('',(0.,-1.,0.));
#9061=DIRECTION('',(1.,0.,0.));
#9062=DIRECTION('',(0.,1.,0.));
#9063=DIRECTION('',(1.,1.204669080539E-16,0.));
#9064=DIRECTION('',(0.,-1.,0.));
#9065=DIRECTION('',(1.,0.,0.));
#9066=DIRECTION('',(0.,1.,0.));
#9067=DIRECTION('',(1.,1.204669080539E-16,0.));
#9068=DIRECTION('',(0.,-1.,0.));
#9069=DIRECTION('',(1.,0.,0.));
#9070=DIRECTION('',(0.,1.,0.));
#9071=DIRECTION('',(1.,1.204669080539E-16,0.));
#9072=DIRECTION('',(0.,-1.,0.));
#9073=DIRECTION('',(1.,0.,0.));
#9074=DIRECTION('',(0.,1.,0.));
#9075=DIRECTION('',(1.,1.204669080539E-16,0.));
#9076=DIRECTION('',(0.,-1.,0.));
#9077=DIRECTION('',(1.,0.,0.));
#9078=DIRECTION('',(0.,1.,0.));
#9079=DIRECTION('',(1.,1.204669080539E-16,0.));
#9080=DIRECTION('',(0.,-1.,0.));
#9081=DIRECTION('',(1.,0.,0.));
#9082=DIRECTION('',(-1.,0.,0.));
#9083=DIRECTION('',(0.,-1.,0.));
#9084=DIRECTION('',(1.,0.,0.));
#9085=DIRECTION('',(0.,1.,0.));
#9086=DIRECTION('',(-1.,0.,0.));
#9087=DIRECTION('',(0.,-1.,0.));
#9088=DIRECTION('',(0.,-1.,0.));
#9089=DIRECTION('',(0.,-1.,0.));
#9090=DIRECTION('',(-1.,0.,0.));
#9091=DIRECTION('',(0.,-1.,0.));
#9092=DIRECTION('',(1.,0.,0.));
#9093=DIRECTION('',(0.,1.,0.));
#9094=DIRECTION('',(-1.,0.,0.));
#9095=DIRECTION('',(0.,-1.,0.));
#9096=DIRECTION('',(1.,0.,0.));
#9097=DIRECTION('',(0.,-1.,0.));
#9098=DIRECTION('',(-1.,0.,0.));
#9099=DIRECTION('',(0.,-1.,0.));
#9100=DIRECTION('',(1.,0.,0.));
#9101=DIRECTION('',(0.,-1.,0.));
#9102=DIRECTION('',(1.,0.,0.));
#9103=DIRECTION('',(0.,1.,0.));
#9104=DIRECTION('',(-1.,0.,0.));
#9105=DIRECTION('',(-1.,0.,0.));
#9106=DIRECTION('',(-0.363542485652982,-0.931577619484953,0.));
#9107=DIRECTION('',(1.,0.,0.));
#9108=DIRECTION('',(0.339330377274839,0.940667260543555,0.));
#9109=DIRECTION('',(1.,0.,0.));
#9110=DIRECTION('',(0.322202485606089,-0.946670776072262,0.));
#9111=DIRECTION('',(1.,0.,0.));
#9112=DIRECTION('',(-0.353622392329054,0.935388263580144,0.));
#9113=DIRECTION('center_axis',(0.,0.,1.));
#9114=DIRECTION('ref_axis',(1.,0.,0.));
#9115=DIRECTION('',(1.,0.,0.));
#9116=DIRECTION('',(0.,-1.,0.));
#9117=DIRECTION('',(-1.,0.,0.));
#9118=DIRECTION('center_axis',(0.,0.,1.));
#9119=DIRECTION('ref_axis',(1.,0.,0.));
#9120=DIRECTION('center_axis',(0.,0.,1.));
#9121=DIRECTION('ref_axis',(1.,0.,0.));
#9122=DIRECTION('center_axis',(0.,0.,1.));
#9123=DIRECTION('ref_axis',(1.,0.,0.));
#9124=DIRECTION('center_axis',(0.,0.,1.));
#9125=DIRECTION('ref_axis',(1.,0.,0.));
#9126=DIRECTION('center_axis',(1.,4.845596301611E-17,0.));
#9127=DIRECTION('ref_axis',(-4.845596301611E-17,1.,0.));
#9128=DIRECTION('',(4.845596301611E-17,-1.,0.));
#9129=DIRECTION('',(4.845596301611E-17,-1.,0.));
#9130=DIRECTION('',(0.,0.,-1.));
#9131=DIRECTION('center_axis',(-1.204669080539E-16,1.,0.));
#9132=DIRECTION('ref_axis',(-1.,-1.204669080539E-16,0.));
#9133=DIRECTION('',(1.,1.204669080539E-16,0.));
#9134=DIRECTION('',(0.,0.,1.));
#9135=DIRECTION('',(1.,1.204669080539E-16,0.));
#9136=DIRECTION('',(1.,1.204669080539E-16,0.));
#9137=DIRECTION('',(0.,0.,-1.));
#9138=DIRECTION('',(1.,1.204669080539E-16,0.));
#9139=DIRECTION('center_axis',(-1.204669080539E-16,1.,0.));
#9140=DIRECTION('ref_axis',(-1.,-1.204669080539E-16,0.));
#9141=DIRECTION('',(1.,1.204669080539E-16,0.));
#9142=DIRECTION('',(0.,0.,1.));
#9143=DIRECTION('',(1.,1.204669080539E-16,0.));
#9144=DIRECTION('',(1.,1.204669080539E-16,0.));
#9145=DIRECTION('',(0.,0.,-1.));
#9146=DIRECTION('',(1.,1.204669080539E-16,0.));
#9147=DIRECTION('center_axis',(-1.204669080539E-16,1.,0.));
#9148=DIRECTION('ref_axis',(-1.,-1.204669080539E-16,0.));
#9149=DIRECTION('',(1.,1.204669080539E-16,0.));
#9150=DIRECTION('',(0.,0.,1.));
#9151=DIRECTION('',(1.,1.204669080539E-16,0.));
#9152=DIRECTION('',(1.,1.204669080539E-16,0.));
#9153=DIRECTION('',(0.,0.,-1.));
#9154=DIRECTION('',(1.,1.204669080539E-16,0.));
#9155=DIRECTION('center_axis',(-1.204669080539E-16,1.,0.));
#9156=DIRECTION('ref_axis',(-1.,-1.204669080539E-16,0.));
#9157=DIRECTION('',(1.,1.204669080539E-16,0.));
#9158=DIRECTION('',(0.,0.,1.));
#9159=DIRECTION('',(1.,1.204669080539E-16,0.));
#9160=DIRECTION('',(1.,1.204669080539E-16,0.));
#9161=DIRECTION('',(0.,0.,-1.));
#9162=DIRECTION('',(1.,1.204669080539E-16,0.));
#9163=DIRECTION('center_axis',(-1.204669080539E-16,1.,0.));
#9164=DIRECTION('ref_axis',(-1.,-1.204669080539E-16,0.));
#9165=DIRECTION('',(1.,1.204669080539E-16,0.));
#9166=DIRECTION('',(0.,0.,1.));
#9167=DIRECTION('',(1.,1.204669080539E-16,0.));
#9168=DIRECTION('',(1.,1.204669080539E-16,0.));
#9169=DIRECTION('',(0.,0.,-1.));
#9170=DIRECTION('',(1.,1.204669080539E-16,0.));
#9171=DIRECTION('center_axis',(-1.204669080539E-16,1.,0.));
#9172=DIRECTION('ref_axis',(-1.,-1.204669080539E-16,0.));
#9173=DIRECTION('',(1.,1.204669080539E-16,0.));
#9174=DIRECTION('',(0.,0.,1.));
#9175=DIRECTION('',(1.,1.204669080539E-16,0.));
#9176=DIRECTION('',(1.,1.204669080539E-16,0.));
#9177=DIRECTION('',(0.,0.,-1.));
#9178=DIRECTION('',(1.,1.204669080539E-16,0.));
#9179=DIRECTION('center_axis',(-1.204669080539E-16,1.,0.));
#9180=DIRECTION('ref_axis',(-1.,-1.204669080539E-16,0.));
#9181=DIRECTION('',(1.,1.204669080539E-16,0.));
#9182=DIRECTION('',(0.,0.,1.));
#9183=DIRECTION('',(1.,1.204669080539E-16,0.));
#9184=DIRECTION('',(1.,1.204669080539E-16,0.));
#9185=DIRECTION('',(0.,0.,-1.));
#9186=DIRECTION('',(1.,1.204669080539E-16,0.));
#9187=DIRECTION('center_axis',(-1.204669080539E-16,1.,0.));
#9188=DIRECTION('ref_axis',(-1.,-1.204669080539E-16,0.));
#9189=DIRECTION('',(1.,1.204669080539E-16,0.));
#9190=DIRECTION('',(0.,0.,1.));
#9191=DIRECTION('',(1.,1.204669080539E-16,0.));
#9192=DIRECTION('',(0.,0.,-1.));
#9193=DIRECTION('center_axis',(-1.,0.,0.));
#9194=DIRECTION('ref_axis',(0.,0.,1.));
#9195=DIRECTION('',(0.,1.,0.));
#9196=DIRECTION('',(0.,0.,1.));
#9197=DIRECTION('',(0.,1.,0.));
#9198=DIRECTION('',(0.,0.,-1.));
#9199=DIRECTION('center_axis',(0.,0.,1.));
#9200=DIRECTION('ref_axis',(1.,0.,0.));
#9201=DIRECTION('center_axis',(0.,0.,1.));
#9202=DIRECTION('ref_axis',(1.,0.,0.));
#9203=DIRECTION('center_axis',(0.,0.,1.));
#9204=DIRECTION('ref_axis',(1.,0.,0.));
#9205=DIRECTION('center_axis',(0.,0.,1.));
#9206=DIRECTION('ref_axis',(1.,0.,0.));
#9207=DIRECTION('center_axis',(0.,0.,1.));
#9208=DIRECTION('ref_axis',(1.,0.,0.));
#9209=DIRECTION('center_axis',(0.,0.,1.));
#9210=DIRECTION('ref_axis',(1.,0.,0.));
#9211=DIRECTION('center_axis',(0.,0.,1.));
#9212=DIRECTION('ref_axis',(1.,0.,0.));
#9213=DIRECTION('center_axis',(0.,0.,1.));
#9214=DIRECTION('ref_axis',(1.,0.,0.));
#9215=DIRECTION('center_axis',(0.,0.,1.));
#9216=DIRECTION('ref_axis',(1.,0.,0.));
#9217=DIRECTION('center_axis',(0.,0.,1.));
#9218=DIRECTION('ref_axis',(1.,0.,0.));
#9219=DIRECTION('center_axis',(0.,0.,1.));
#9220=DIRECTION('ref_axis',(1.,0.,0.));
#9221=DIRECTION('center_axis',(0.,0.,1.));
#9222=DIRECTION('ref_axis',(1.,0.,0.));
#9223=DIRECTION('center_axis',(0.,0.,1.));
#9224=DIRECTION('ref_axis',(1.,0.,0.));
#9225=DIRECTION('center_axis',(0.,0.,1.));
#9226=DIRECTION('ref_axis',(1.,0.,0.));
#9227=DIRECTION('center_axis',(0.,0.,1.));
#9228=DIRECTION('ref_axis',(1.,0.,0.));
#9229=DIRECTION('center_axis',(0.,0.,1.));
#9230=DIRECTION('ref_axis',(1.,0.,0.));
#9231=DIRECTION('',(1.,1.204669080539E-16,0.));
#9232=DIRECTION('center_axis',(0.,0.,1.));
#9233=DIRECTION('ref_axis',(1.,0.,0.));
#9234=DIRECTION('center_axis',(0.,0.,1.));
#9235=DIRECTION('ref_axis',(1.,0.,0.));
#9236=DIRECTION('',(0.,1.,0.));
#9237=DIRECTION('center_axis',(0.,0.,1.));
#9238=DIRECTION('ref_axis',(-1.,0.,0.));
#9239=DIRECTION('center_axis',(0.,0.,1.));
#9240=DIRECTION('ref_axis',(1.,0.,0.));
#9241=DIRECTION('center_axis',(0.,0.,1.));
#9242=DIRECTION('ref_axis',(-1.,0.,0.));
#9243=DIRECTION('',(0.,1.,0.));
#9244=DIRECTION('center_axis',(0.,0.,1.));
#9245=DIRECTION('ref_axis',(1.,0.,0.));
#9246=DIRECTION('',(4.845596301611E-17,-1.,0.));
#9247=DIRECTION('center_axis',(0.,0.,1.));
#9248=DIRECTION('ref_axis',(1.,0.,0.));
#9249=DIRECTION('center_axis',(0.,0.,1.));
#9250=DIRECTION('ref_axis',(1.,0.,0.));
#9251=DIRECTION('',(1.,1.204669080539E-16,0.));
#9252=DIRECTION('center_axis',(0.,0.,1.));
#9253=DIRECTION('ref_axis',(1.,0.,0.));
#9254=DIRECTION('center_axis',(0.,0.,1.));
#9255=DIRECTION('ref_axis',(1.,0.,0.));
#9256=DIRECTION('center_axis',(0.,0.,1.));
#9257=DIRECTION('ref_axis',(1.,0.,0.));
#9258=DIRECTION('center_axis',(0.,0.,1.));
#9259=DIRECTION('ref_axis',(1.,0.,0.));
#9260=DIRECTION('center_axis',(0.,0.,1.));
#9261=DIRECTION('ref_axis',(1.,0.,0.));
#9262=DIRECTION('center_axis',(0.,0.,1.));
#9263=DIRECTION('ref_axis',(1.,0.,0.));
#9264=DIRECTION('center_axis',(0.,0.,1.));
#9265=DIRECTION('ref_axis',(1.,0.,0.));
#9266=DIRECTION('center_axis',(0.,0.,1.));
#9267=DIRECTION('ref_axis',(1.,0.,0.));
#9268=DIRECTION('center_axis',(0.,0.,1.));
#9269=DIRECTION('ref_axis',(1.,0.,0.));
#9270=DIRECTION('center_axis',(0.,0.,1.));
#9271=DIRECTION('ref_axis',(1.,0.,0.));
#9272=DIRECTION('center_axis',(0.,0.,1.));
#9273=DIRECTION('ref_axis',(1.,0.,0.));
#9274=DIRECTION('center_axis',(0.,0.,1.));
#9275=DIRECTION('ref_axis',(1.,0.,0.));
#9276=DIRECTION('center_axis',(1.,4.845596301611E-17,0.));
#9277=DIRECTION('ref_axis',(-4.845596301611E-17,1.,0.));
#9278=DIRECTION('',(4.845596301611E-17,-1.,0.));
#9279=DIRECTION('center_axis',(-1.204669080539E-16,1.,0.));
#9280=DIRECTION('ref_axis',(-1.,-1.204669080539E-16,0.));
#9281=DIRECTION('',(0.,0.,-1.));
#9282=DIRECTION('center_axis',(-1.,0.,0.));
#9283=DIRECTION('ref_axis',(0.,0.,1.));
#9284=DIRECTION('',(0.,0.,-1.));
#9285=DIRECTION('',(0.,0.,-1.));
#9286=DIRECTION('center_axis',(2.409338161079E-16,-1.,0.));
#9287=DIRECTION('ref_axis',(1.,2.409338161079E-16,0.));
#9288=DIRECTION('center_axis',(0.,0.,1.));
#9289=DIRECTION('ref_axis',(1.,0.,0.));
#9290=DIRECTION('center_axis',(0.,0.,1.));
#9291=DIRECTION('ref_axis',(1.,0.,0.));
#9292=DIRECTION('center_axis',(0.,0.,1.));
#9293=DIRECTION('ref_axis',(1.,0.,0.));
#9294=DIRECTION('center_axis',(0.,0.,1.));
#9295=DIRECTION('ref_axis',(1.,0.,0.));
#9296=DIRECTION('center_axis',(0.,0.,1.));
#9297=DIRECTION('ref_axis',(-1.,-1.22464679914735E-16,0.));
#9298=DIRECTION('center_axis',(0.,0.,1.));
#9299=DIRECTION('ref_axis',(1.,0.,0.));
#9300=DIRECTION('center_axis',(0.,0.,1.));
#9301=DIRECTION('ref_axis',(1.,0.,0.));
#9302=DIRECTION('center_axis',(0.,0.,1.));
#9303=DIRECTION('ref_axis',(1.,0.,0.));
#9304=DIRECTION('center_axis',(0.,0.,1.));
#9305=DIRECTION('ref_axis',(1.,0.,0.));
#9306=DIRECTION('center_axis',(0.,0.,1.));
#9307=DIRECTION('ref_axis',(1.,0.,0.));
#9308=DIRECTION('center_axis',(0.,0.,1.));
#9309=DIRECTION('ref_axis',(1.,0.,0.));
#9310=DIRECTION('center_axis',(0.,0.,1.));
#9311=DIRECTION('ref_axis',(1.,0.,0.));
#9312=DIRECTION('center_axis',(1.,0.,0.));
#9313=DIRECTION('ref_axis',(0.,0.,-1.));
#9314=DIRECTION('',(0.,1.,0.));
#9315=DIRECTION('',(0.,0.,-1.));
#9316=DIRECTION('',(0.,0.,1.));
#9317=DIRECTION('center_axis',(0.,1.,0.));
#9318=DIRECTION('ref_axis',(0.,0.,1.));
#9319=DIRECTION('',(-1.,0.,0.));
#9320=DIRECTION('',(0.,0.,-1.));
#9321=DIRECTION('',(0.,0.,1.));
#9322=DIRECTION('center_axis',(-1.,0.,0.));
#9323=DIRECTION('ref_axis',(0.,0.,1.));
#9324=DIRECTION('',(0.,0.,1.));
#9325=DIRECTION('',(0.,-1.,0.));
#9326=DIRECTION('',(0.,0.,-1.));
#9327=DIRECTION('center_axis',(0.,-1.,0.));
#9328=DIRECTION('ref_axis',(0.,0.,-1.));
#9329=DIRECTION('',(0.,0.,1.));
#9330=DIRECTION('',(1.,0.,0.));
#9331=DIRECTION('',(0.,0.,-1.));
#9332=DIRECTION('center_axis',(-1.,-2.168404344971E-16,0.));
#9333=DIRECTION('ref_axis',(2.168404344971E-16,-1.,0.));
#9334=DIRECTION('',(0.,0.,1.));
#9335=DIRECTION('',(2.168404344971E-16,-1.,0.));
#9336=DIRECTION('',(0.,0.,-1.));
#9337=DIRECTION('center_axis',(-2.06514699521E-16,-1.,0.));
#9338=DIRECTION('ref_axis',(1.,-2.06514699521E-16,0.));
#9339=DIRECTION('',(0.,0.,1.));
#9340=DIRECTION('',(1.,-2.06514699521E-16,0.));
#9341=DIRECTION('',(0.,0.,-1.));
#9342=DIRECTION('center_axis',(0.,0.,-1.));
#9343=DIRECTION('ref_axis',(-1.,0.,0.));
#9344=DIRECTION('center_axis',(0.,0.,1.));
#9345=DIRECTION('ref_axis',(-1.,0.,0.));
#9346=DIRECTION('',(-2.168404344971E-16,1.,0.));
#9347=DIRECTION('',(-1.,2.06514699521E-16,0.));
#9348=DIRECTION('',(0.,-1.,0.));
#9349=DIRECTION('',(1.,0.,0.));
#9350=DIRECTION('',(0.,1.,0.));
#9351=DIRECTION('',(-1.,0.,0.));
#9352=DIRECTION('center_axis',(0.,0.,-1.));
#9353=DIRECTION('ref_axis',(-1.,0.,0.));
#9354=DIRECTION('center_axis',(0.,0.,1.));
#9355=DIRECTION('ref_axis',(1.,0.,0.));
#9356=DIRECTION('center_axis',(0.,1.,0.));
#9357=DIRECTION('ref_axis',(0.,0.,1.));
#9358=DIRECTION('center_axis',(0.,-1.,0.));
#9359=DIRECTION('ref_axis',(0.,0.,-1.));
#9360=DIRECTION('center_axis',(0.,1.,0.));
#9361=DIRECTION('ref_axis',(0.,0.,1.));
#9362=DIRECTION('center_axis',(0.,0.,-1.));
#9363=DIRECTION('ref_axis',(-1.,0.,0.));
#9364=DIRECTION('center_axis',(0.,0.,1.));
#9365=DIRECTION('ref_axis',(1.,0.,0.));
#9366=DIRECTION('center_axis',(0.,1.,0.));
#9367=DIRECTION('ref_axis',(1.,0.,0.));
#9368=DIRECTION('center_axis',(-1.,0.,0.));
#9369=DIRECTION('ref_axis',(0.,0.,-1.));
#9370=DIRECTION('center_axis',(0.,1.,0.));
#9371=DIRECTION('ref_axis',(1.,0.,0.));
#9372=DIRECTION('center_axis',(-1.,0.,0.));
#9373=DIRECTION('ref_axis',(0.,0.,-1.));
#9374=DIRECTION('center_axis',(0.,0.,1.));
#9375=DIRECTION('ref_axis',(1.,0.,0.));
#9376=DIRECTION('center_axis',(0.,0.,-1.));
#9377=DIRECTION('ref_axis',(-1.,0.,0.));
#9378=DIRECTION('center_axis',(-1.,0.,0.));
#9379=DIRECTION('ref_axis',(0.,0.,1.));
#9380=DIRECTION('center_axis',(-1.,0.,0.));
#9381=DIRECTION('ref_axis',(0.,0.,1.));
#9382=DIRECTION('center_axis',(1.,0.,0.));
#9383=DIRECTION('ref_axis',(0.,0.,-1.));
#9384=DIRECTION('center_axis',(-1.,0.,0.));
#9385=DIRECTION('ref_axis',(0.,0.,1.));
#9386=DIRECTION('center_axis',(0.,0.,-1.));
#9387=DIRECTION('ref_axis',(-1.,0.,0.));
#9388=DIRECTION('center_axis',(0.,0.,1.));
#9389=DIRECTION('ref_axis',(1.,0.,0.));
#9390=DIRECTION('center_axis',(0.,0.,-1.));
#9391=DIRECTION('ref_axis',(-1.,0.,0.));
#9392=DIRECTION('center_axis',(0.,1.,0.));
#9393=DIRECTION('ref_axis',(0.,0.,-1.));
#9394=DIRECTION('center_axis',(0.,1.,0.));
#9395=DIRECTION('ref_axis',(1.,0.,0.));
#9396=DIRECTION('center_axis',(0.,1.,0.));
#9397=DIRECTION('ref_axis',(0.,0.,-1.));
#9398=DIRECTION('center_axis',(0.,0.,-1.));
#9399=DIRECTION('ref_axis',(-1.,0.,0.));
#9400=DIRECTION('center_axis',(0.,0.,1.));
#9401=DIRECTION('ref_axis',(1.,0.,0.));
#9402=DIRECTION('center_axis',(-2.168404344971E-16,1.,0.));
#9403=DIRECTION('ref_axis',(-1.,-2.168404344971E-16,0.));
#9404=DIRECTION('center_axis',(0.,1.,0.));
#9405=DIRECTION('ref_axis',(0.,0.,1.));
#9406=DIRECTION('center_axis',(0.,-1.,0.));
#9407=DIRECTION('ref_axis',(0.,0.,-1.));
#9408=DIRECTION('center_axis',(0.,1.,0.));
#9409=DIRECTION('ref_axis',(0.,0.,1.));
#9410=DIRECTION('center_axis',(0.,0.,-1.));
#9411=DIRECTION('ref_axis',(-1.,0.,0.));
#9412=DIRECTION('center_axis',(0.,0.,1.));
#9413=DIRECTION('ref_axis',(1.,0.,0.));
#9414=DIRECTION('center_axis',(0.,1.,0.));
#9415=DIRECTION('ref_axis',(1.,0.,0.));
#9416=DIRECTION('center_axis',(-1.,0.,-2.891205793295E-15));
#9417=DIRECTION('ref_axis',(2.891205793295E-15,0.,-1.));
#9418=DIRECTION('center_axis',(0.,1.,0.));
#9419=DIRECTION('ref_axis',(1.,0.,0.));
#9420=DIRECTION('center_axis',(1.,0.,0.));
#9421=DIRECTION('ref_axis',(0.,0.,1.));
#9422=DIRECTION('center_axis',(-1.,2.06514699521E-16,0.));
#9423=DIRECTION('ref_axis',(-2.06514699521E-16,-1.,0.));
#9424=DIRECTION('center_axis',(1.,2.168404344971E-16,0.));
#9425=DIRECTION('ref_axis',(-2.168404344971E-16,1.,0.));
#9426=DIRECTION('',(0.,0.,-1.));
#9427=DIRECTION('',(2.168404344971E-16,-1.,0.));
#9428=DIRECTION('',(0.,0.,-1.));
#9429=DIRECTION('center_axis',(0.,1.,0.));
#9430=DIRECTION('ref_axis',(0.,0.,1.));
#9431=DIRECTION('',(0.,0.,-1.));
#9432=DIRECTION('',(1.,0.,0.));
#9433=DIRECTION('center_axis',(-1.,0.,0.));
#9434=DIRECTION('ref_axis',(0.,0.,1.));
#9435=DIRECTION('',(0.,0.,-1.));
#9436=DIRECTION('',(0.,1.,0.));
#9437=DIRECTION('center_axis',(0.,-1.,0.));
#9438=DIRECTION('ref_axis',(0.,0.,-1.));
#9439=DIRECTION('',(-1.,0.,0.));
#9440=DIRECTION('center_axis',(0.,0.,1.));
#9441=DIRECTION('ref_axis',(1.,0.,0.));
#9442=DIRECTION('center_axis',(0.,0.,1.));
#9443=DIRECTION('ref_axis',(1.,0.,0.));
#9444=DIRECTION('center_axis',(0.,0.,1.));
#9445=DIRECTION('ref_axis',(1.,0.,0.));
#9446=DIRECTION('center_axis',(0.,0.,1.));
#9447=DIRECTION('ref_axis',(1.,0.,0.));
#9448=DIRECTION('center_axis',(0.,0.,1.));
#9449=DIRECTION('ref_axis',(1.,0.,0.));
#9450=DIRECTION('center_axis',(-1.,0.,0.));
#9451=DIRECTION('ref_axis',(0.,0.,1.));
#9452=DIRECTION('',(0.,1.,0.));
#9453=DIRECTION('',(0.,0.,-1.));
#9454=DIRECTION('',(0.,1.,0.));
#9455=DIRECTION('',(0.,0.,-1.));
#9456=DIRECTION('center_axis',(0.,-1.,0.));
#9457=DIRECTION('ref_axis',(0.,0.,-1.));
#9458=DIRECTION('',(-1.,0.,0.));
#9459=DIRECTION('',(0.,0.,-1.));
#9460=DIRECTION('',(-1.,0.,0.));
#9461=DIRECTION('center_axis',(-1.,0.,0.));
#9462=DIRECTION('ref_axis',(0.,0.,1.));
#9463=DIRECTION('',(0.,1.,0.));
#9464=DIRECTION('',(0.,0.,-1.));
#9465=DIRECTION('',(0.,1.,0.));
#9466=DIRECTION('center_axis',(0.,-1.,0.));
#9467=DIRECTION('ref_axis',(0.,0.,-1.));
#9468=DIRECTION('',(-1.,0.,0.));
#9469=DIRECTION('',(0.,0.,-1.));
#9470=DIRECTION('',(-1.,0.,0.));
#9471=DIRECTION('center_axis',(1.,0.,0.));
#9472=DIRECTION('ref_axis',(0.,0.,-1.));
#9473=DIRECTION('',(0.,-1.,0.));
#9474=DIRECTION('',(0.,0.,-1.));
#9475=DIRECTION('',(0.,-1.,0.));
#9476=DIRECTION('center_axis',(0.,1.,0.));
#9477=DIRECTION('ref_axis',(0.,0.,1.));
#9478=DIRECTION('',(1.,0.,0.));
#9479=DIRECTION('',(1.,0.,0.));
#9480=DIRECTION('center_axis',(0.,0.,-1.));
#9481=DIRECTION('ref_axis',(-1.,0.,0.));
#9482=DIRECTION('center_axis',(0.,0.,-1.));
#9483=DIRECTION('ref_axis',(-1.,0.,0.));
#9484=DIRECTION('',(0.,0.,-1.));
#9485=DIRECTION('',(0.,0.,-1.));
#9486=DIRECTION('center_axis',(-1.,0.,0.));
#9487=DIRECTION('ref_axis',(0.,0.,1.));
#9488=DIRECTION('',(0.,1.,0.));
#9489=DIRECTION('',(0.,0.,-1.));
#9490=DIRECTION('',(0.,1.,0.));
#9491=DIRECTION('center_axis',(0.,0.,-1.));
#9492=DIRECTION('ref_axis',(-0.503601089604026,0.863936306998171,0.));
#9493=DIRECTION('',(0.,0.,-1.));
#9494=DIRECTION('center_axis',(0.,0.,-1.));
#9495=DIRECTION('ref_axis',(-0.503601089604026,0.863936306998171,0.));
#9496=DIRECTION('center_axis',(0.,0.,-1.));
#9497=DIRECTION('ref_axis',(0.496746828905799,0.867895493692664,0.));
#9498=DIRECTION('',(0.,0.,-1.));
#9499=DIRECTION('center_axis',(0.,0.,-1.));
#9500=DIRECTION('ref_axis',(0.496746828905799,0.867895493692664,0.));
#9501=DIRECTION('',(0.,0.,-1.));
#9502=DIRECTION('',(0.,0.,-1.));
#9503=DIRECTION('',(0.,0.,-1.));
#9504=DIRECTION('',(0.,0.,-1.));
#9505=DIRECTION('center_axis',(-1.,0.,0.));
#9506=DIRECTION('ref_axis',(0.,0.,1.));
#9507=DIRECTION('',(0.,1.,0.));
#9508=DIRECTION('',(0.,0.,-1.));
#9509=DIRECTION('',(0.,1.,0.));
#9510=DIRECTION('center_axis',(0.,0.,1.));
#9511=DIRECTION('ref_axis',(0.784633149698892,0.61996033775847,0.));
#9512=DIRECTION('',(0.,0.,-1.));
#9513=DIRECTION('center_axis',(0.,0.,1.));
#9514=DIRECTION('ref_axis',(0.784633149698892,0.61996033775847,0.));
#9515=DIRECTION('',(0.,0.,-1.));
#9516=DIRECTION('',(0.,0.,-1.));
#9517=DIRECTION('center_axis',(0.,0.,1.));
#9518=DIRECTION('ref_axis',(0.821258604467477,0.570556136228621,0.));
#9519=DIRECTION('',(0.,0.,-1.));
#9520=DIRECTION('center_axis',(0.,0.,1.));
#9521=DIRECTION('ref_axis',(0.821258604467477,0.570556136228621,0.));
#9522=DIRECTION('center_axis',(0.,0.,1.));
#9523=DIRECTION('ref_axis',(1.,0.,0.));
#9524=DIRECTION('center_axis',(0.,0.,1.));
#9525=DIRECTION('ref_axis',(1.,0.,0.));
#9526=DIRECTION('center_axis',(-1.,0.,0.));
#9527=DIRECTION('ref_axis',(0.,0.,1.));
#9528=DIRECTION('',(0.,1.,0.));
#9529=DIRECTION('',(0.,0.,-1.));
#9530=DIRECTION('',(0.,1.,0.));
#9531=DIRECTION('',(0.,0.,-1.));
#9532=DIRECTION('center_axis',(0.,-1.,0.));
#9533=DIRECTION('ref_axis',(0.,0.,-1.));
#9534=DIRECTION('',(-1.,0.,0.));
#9535=DIRECTION('',(0.,0.,-1.));
#9536=DIRECTION('',(-1.,0.,0.));
#9537=DIRECTION('center_axis',(-1.,0.,0.));
#9538=DIRECTION('ref_axis',(0.,0.,1.));
#9539=DIRECTION('',(0.,1.,0.));
#9540=DIRECTION('',(0.,0.,-1.));
#9541=DIRECTION('',(0.,1.,0.));
#9542=DIRECTION('center_axis',(0.,1.,0.));
#9543=DIRECTION('ref_axis',(0.,0.,1.));
#9544=DIRECTION('',(1.,0.,0.));
#9545=DIRECTION('',(0.,0.,-1.));
#9546=DIRECTION('',(1.,0.,0.));
#9547=DIRECTION('center_axis',(-1.,0.,0.));
#9548=DIRECTION('ref_axis',(0.,0.,1.));
#9549=DIRECTION('',(0.,1.,0.));
#9550=DIRECTION('',(0.,0.,-1.));
#9551=DIRECTION('',(0.,1.,0.));
#9552=DIRECTION('center_axis',(0.,-1.,0.));
#9553=DIRECTION('ref_axis',(0.,0.,-1.));
#9554=DIRECTION('',(-1.,0.,0.));
#9555=DIRECTION('',(0.,0.,-1.));
#9556=DIRECTION('',(-1.,0.,0.));
#9557=DIRECTION('center_axis',(-1.,0.,0.));
#9558=DIRECTION('ref_axis',(0.,0.,1.));
#9559=DIRECTION('',(0.,1.,0.));
#9560=DIRECTION('',(0.,0.,-1.));
#9561=DIRECTION('',(0.,1.,0.));
#9562=DIRECTION('center_axis',(0.,1.,0.));
#9563=DIRECTION('ref_axis',(0.,0.,1.));
#9564=DIRECTION('',(1.,0.,0.));
#9565=DIRECTION('',(0.,0.,-1.));
#9566=DIRECTION('',(1.,0.,0.));
#9567=DIRECTION('center_axis',(-1.,0.,0.));
#9568=DIRECTION('ref_axis',(0.,0.,1.));
#9569=DIRECTION('',(0.,1.,0.));
#9570=DIRECTION('',(0.,0.,-1.));
#9571=DIRECTION('',(0.,1.,0.));
#9572=DIRECTION('center_axis',(0.,-1.,0.));
#9573=DIRECTION('ref_axis',(0.,0.,-1.));
#9574=DIRECTION('',(-1.,0.,0.));
#9575=DIRECTION('',(0.,0.,-1.));
#9576=DIRECTION('',(-1.,0.,0.));
#9577=DIRECTION('center_axis',(1.,0.,0.));
#9578=DIRECTION('ref_axis',(0.,0.,-1.));
#9579=DIRECTION('',(0.,-1.,0.));
#9580=DIRECTION('',(0.,0.,-1.));
#9581=DIRECTION('',(0.,-1.,0.));
#9582=DIRECTION('center_axis',(0.,1.,0.));
#9583=DIRECTION('ref_axis',(0.,0.,1.));
#9584=DIRECTION('',(1.,0.,0.));
#9585=DIRECTION('',(1.,0.,0.));
#9586=DIRECTION('center_axis',(0.,0.,-1.));
#9587=DIRECTION('ref_axis',(-1.,0.,0.));
#9588=DIRECTION('center_axis',(0.,0.,-1.));
#9589=DIRECTION('ref_axis',(-1.,0.,0.));
#9590=DIRECTION('center_axis',(0.,0.,1.));
#9591=DIRECTION('ref_axis',(1.,0.,0.));
#9592=DIRECTION('',(1.,0.,0.));
#9593=DIRECTION('center_axis',(0.,0.,1.));
#9594=DIRECTION('ref_axis',(0.530486932655087,-0.84769311326812,0.));
#9595=DIRECTION('center_axis',(0.,0.,1.));
#9596=DIRECTION('ref_axis',(0.853949602935646,-0.520355720297232,0.));
#9597=DIRECTION('',(-1.,0.,0.));
#9598=DIRECTION('',(0.,-1.,0.));
#9599=DIRECTION('',(0.,-1.,0.));
#9600=DIRECTION('',(-1.,0.,0.));
#9601=DIRECTION('center_axis',(0.,0.,1.));
#9602=DIRECTION('ref_axis',(-0.597443168835617,-0.801911254448805,0.));
#9603=DIRECTION('center_axis',(0.,0.,1.));
#9604=DIRECTION('ref_axis',(0.760071414667208,0.649839552971185,0.));
#9605=DIRECTION('center_axis',(0.,0.,1.));
#9606=DIRECTION('ref_axis',(0.784248311079956,-0.620447086034125,0.));
#9607=DIRECTION('center_axis',(0.,0.,1.));
#9608=DIRECTION('ref_axis',(0.629544902394564,-0.776964102046561,0.));
#9609=DIRECTION('',(1.,0.,0.));
#9610=DIRECTION('center_axis',(0.,0.,1.));
#9611=DIRECTION('ref_axis',(1.,0.,0.));
#9612=DIRECTION('',(1.,0.,0.));
#9613=DIRECTION('',(0.,-1.,0.));
#9614=DIRECTION('',(-1.,0.,0.));
#9615=DIRECTION('center_axis',(0.,0.,1.));
#9616=DIRECTION('ref_axis',(0.853949602935646,-0.520355720297232,0.));
#9617=DIRECTION('center_axis',(0.,0.,1.));
#9618=DIRECTION('ref_axis',(0.530486932655087,-0.84769311326812,0.));
#9619=DIRECTION('',(-1.,0.,0.));
#9620=DIRECTION('',(0.,-1.,0.));
#9621=DIRECTION('',(1.,0.,0.));
#9622=DIRECTION('center_axis',(0.,0.,1.));
#9623=DIRECTION('ref_axis',(0.629544902394564,-0.776964102046561,0.));
#9624=DIRECTION('center_axis',(0.,0.,1.));
#9625=DIRECTION('ref_axis',(0.784248311079956,-0.620447086034125,0.));
#9626=DIRECTION('center_axis',(0.,0.,1.));
#9627=DIRECTION('ref_axis',(0.760071414667208,0.649839552971185,0.));
#9628=DIRECTION('center_axis',(0.,0.,1.));
#9629=DIRECTION('ref_axis',(-0.597443168835617,-0.801911254448805,0.));
#9630=DIRECTION('center_axis',(0.,1.,0.));
#9631=DIRECTION('ref_axis',(0.,0.,1.));
#9632=DIRECTION('',(0.,0.,-1.));
#9633=DIRECTION('',(0.,0.,-1.));
#9634=DIRECTION('',(0.,0.,-1.));
#9635=DIRECTION('',(0.,0.,-1.));
#9636=DIRECTION('',(0.,0.,-1.));
#9637=DIRECTION('',(0.,0.,-1.));
#9638=DIRECTION('center_axis',(0.,-1.,0.));
#9639=DIRECTION('ref_axis',(0.,0.,-1.));
#9640=DIRECTION('',(0.,0.,-1.));
#9641=DIRECTION('center_axis',(1.,0.,0.));
#9642=DIRECTION('ref_axis',(0.,0.,-1.));
#9643=DIRECTION('center_axis',(0.,-1.,0.));
#9644=DIRECTION('ref_axis',(0.,0.,-1.));
#9645=DIRECTION('',(0.,0.,-1.));
#9646=DIRECTION('',(0.,0.,-1.));
#9647=DIRECTION('center_axis',(1.,0.,0.));
#9648=DIRECTION('ref_axis',(0.,0.,-1.));
#9649=DIRECTION('',(0.,0.,-1.));
#9650=DIRECTION('center_axis',(0.,1.,0.));
#9651=DIRECTION('ref_axis',(0.,0.,1.));
#9652=DIRECTION('',(0.,0.,-1.));
#9653=DIRECTION('',(0.,0.,-1.));
#9654=DIRECTION('',(0.,0.,-1.));
#9655=DIRECTION('',(0.,0.,-1.));
#9656=DIRECTION('center_axis',(0.,0.,-1.));
#9657=DIRECTION('ref_axis',(-1.,0.,0.));
#9658=DIRECTION('',(-0.3559357243699,0.934510438741738,0.));
#9659=DIRECTION('',(-1.,0.,0.));
#9660=DIRECTION('',(-0.355935724363995,-0.934510438743987,0.));
#9661=DIRECTION('',(1.,0.,0.));
#9662=DIRECTION('',(0.331528418350199,0.943445233082565,0.));
#9663=DIRECTION('',(1.,0.,0.));
#9664=DIRECTION('',(0.349395479469176,-0.936975345954473,0.));
#9665=DIRECTION('',(1.,0.,0.));
#9666=DIRECTION('',(1.,0.,0.));
#9667=DIRECTION('',(-0.338535034314035,-0.940953787676098,0.));
#9668=DIRECTION('',(-1.,0.,0.));
#9669=DIRECTION('',(-0.341603830681941,0.939844041776838,0.));
#9670=DIRECTION('center_axis',(0.,0.,-1.));
#9671=DIRECTION('ref_axis',(-1.,0.,0.));
#9672=DIRECTION('',(-0.3559357243699,0.934510438741738,0.));
#9673=DIRECTION('',(1.,0.,0.));
#9674=DIRECTION('',(0.349395479469176,-0.936975345954473,0.));
#9675=DIRECTION('',(1.,0.,0.));
#9676=DIRECTION('',(0.331528418350199,0.943445233082565,0.));
#9677=DIRECTION('',(1.,0.,0.));
#9678=DIRECTION('',(-0.355935724363995,-0.934510438743987,0.));
#9679=DIRECTION('',(-1.,0.,0.));
#9680=DIRECTION('',(-0.338535034314035,-0.940953787676098,0.));
#9681=DIRECTION('',(1.,0.,0.));
#9682=DIRECTION('',(-0.341603830681941,0.939844041776838,0.));
#9683=DIRECTION('',(-1.,0.,0.));
#9684=DIRECTION('center_axis',(-0.934510438741738,-0.3559357243699,0.));
#9685=DIRECTION('ref_axis',(0.3559357243699,-0.934510438741738,0.));
#9686=DIRECTION('',(0.,0.,-1.));
#9687=DIRECTION('',(0.,0.,-1.));
#9688=DIRECTION('center_axis',(0.,-1.,0.));
#9689=DIRECTION('ref_axis',(0.,0.,-1.));
#9690=DIRECTION('',(0.,0.,-1.));
#9691=DIRECTION('center_axis',(0.934510438743987,-0.355935724363995,0.));
#9692=DIRECTION('ref_axis',(0.355935724363995,0.934510438743987,0.));
#9693=DIRECTION('',(0.,0.,-1.));
#9694=DIRECTION('center_axis',(0.,1.,0.));
#9695=DIRECTION('ref_axis',(0.,0.,1.));
#9696=DIRECTION('',(0.,0.,-1.));
#9697=DIRECTION('center_axis',(-0.943445233082565,0.331528418350199,0.));
#9698=DIRECTION('ref_axis',(-0.331528418350199,-0.943445233082565,0.));
#9699=DIRECTION('',(0.,0.,-1.));
#9700=DIRECTION('center_axis',(0.,1.,0.));
#9701=DIRECTION('ref_axis',(0.,0.,1.));
#9702=DIRECTION('',(0.,0.,-1.));
#9703=DIRECTION('center_axis',(0.936975345954473,0.349395479469176,0.));
#9704=DIRECTION('ref_axis',(-0.349395479469176,0.936975345954473,0.));
#9705=DIRECTION('',(0.,0.,-1.));
#9706=DIRECTION('center_axis',(0.,1.,0.));
#9707=DIRECTION('ref_axis',(0.,0.,1.));
#9708=DIRECTION('center_axis',(0.,1.,0.));
#9709=DIRECTION('ref_axis',(0.,0.,1.));
#9710=DIRECTION('',(0.,0.,-1.));
#9711=DIRECTION('',(0.,0.,-1.));
#9712=DIRECTION('center_axis',(-0.939844041776838,-0.341603830681941,0.));
#9713=DIRECTION('ref_axis',(0.341603830681941,-0.939844041776838,0.));
#9714=DIRECTION('',(0.,0.,-1.));
#9715=DIRECTION('',(0.,0.,-1.));
#9716=DIRECTION('center_axis',(0.,-1.,0.));
#9717=DIRECTION('ref_axis',(0.,0.,-1.));
#9718=DIRECTION('',(0.,0.,-1.));
#9719=DIRECTION('',(0.,0.,-1.));
#9720=DIRECTION('center_axis',(0.940953787676098,-0.338535034314035,0.));
#9721=DIRECTION('ref_axis',(0.338535034314035,0.940953787676098,0.));
#9722=DIRECTION('center_axis',(-1.,0.,0.));
#9723=DIRECTION('ref_axis',(0.,0.,1.));
#9724=DIRECTION('',(0.,1.,0.));
#9725=DIRECTION('',(0.,0.,-1.));
#9726=DIRECTION('',(0.,1.,0.));
#9727=DIRECTION('',(0.,0.,-1.));
#9728=DIRECTION('center_axis',(0.,-1.,0.));
#9729=DIRECTION('ref_axis',(0.,0.,-1.));
#9730=DIRECTION('',(-1.,0.,0.));
#9731=DIRECTION('',(0.,0.,-1.));
#9732=DIRECTION('',(-1.,0.,0.));
#9733=DIRECTION('center_axis',(-1.,0.,0.));
#9734=DIRECTION('ref_axis',(0.,0.,1.));
#9735=DIRECTION('',(0.,1.,0.));
#9736=DIRECTION('',(0.,0.,-1.));
#9737=DIRECTION('',(0.,1.,0.));
#9738=DIRECTION('center_axis',(0.,1.,0.));
#9739=DIRECTION('ref_axis',(0.,0.,1.));
#9740=DIRECTION('',(1.,0.,0.));
#9741=DIRECTION('',(0.,0.,-1.));
#9742=DIRECTION('',(1.,0.,0.));
#9743=DIRECTION('center_axis',(-1.,0.,0.));
#9744=DIRECTION('ref_axis',(0.,0.,1.));
#9745=DIRECTION('',(0.,1.,0.));
#9746=DIRECTION('',(0.,0.,-1.));
#9747=DIRECTION('',(0.,1.,0.));
#9748=DIRECTION('center_axis',(0.,-1.,0.));
#9749=DIRECTION('ref_axis',(0.,0.,-1.));
#9750=DIRECTION('',(-1.,0.,0.));
#9751=DIRECTION('',(0.,0.,-1.));
#9752=DIRECTION('',(-1.,0.,0.));
#9753=DIRECTION('center_axis',(-1.,0.,0.));
#9754=DIRECTION('ref_axis',(0.,0.,1.));
#9755=DIRECTION('',(0.,1.,0.));
#9756=DIRECTION('',(0.,0.,-1.));
#9757=DIRECTION('',(0.,1.,0.));
#9758=DIRECTION('center_axis',(0.,1.,0.));
#9759=DIRECTION('ref_axis',(0.,0.,1.));
#9760=DIRECTION('',(1.,0.,0.));
#9761=DIRECTION('',(0.,0.,-1.));
#9762=DIRECTION('',(1.,0.,0.));
#9763=DIRECTION('center_axis',(-1.,0.,0.));
#9764=DIRECTION('ref_axis',(0.,0.,1.));
#9765=DIRECTION('',(0.,1.,0.));
#9766=DIRECTION('',(0.,0.,-1.));
#9767=DIRECTION('',(0.,1.,0.));
#9768=DIRECTION('center_axis',(0.,-1.,0.));
#9769=DIRECTION('ref_axis',(0.,0.,-1.));
#9770=DIRECTION('',(-1.,0.,0.));
#9771=DIRECTION('',(0.,0.,-1.));
#9772=DIRECTION('',(-1.,0.,0.));
#9773=DIRECTION('center_axis',(1.,0.,0.));
#9774=DIRECTION('ref_axis',(0.,0.,-1.));
#9775=DIRECTION('',(0.,-1.,0.));
#9776=DIRECTION('',(0.,0.,-1.));
#9777=DIRECTION('',(0.,-1.,0.));
#9778=DIRECTION('center_axis',(0.,1.,0.));
#9779=DIRECTION('ref_axis',(0.,0.,1.));
#9780=DIRECTION('',(1.,0.,0.));
#9781=DIRECTION('',(1.,0.,0.));
#9782=DIRECTION('center_axis',(0.,0.,-1.));
#9783=DIRECTION('ref_axis',(-1.,0.,0.));
#9784=DIRECTION('center_axis',(0.,0.,-1.));
#9785=DIRECTION('ref_axis',(-1.,0.,0.));
#9786=DIRECTION('center_axis',(0.,0.,1.));
#9787=DIRECTION('ref_axis',(1.,0.,0.));
#9788=DIRECTION('',(0.,-1.,0.));
#9789=DIRECTION('center_axis',(0.,0.,-1.));
#9790=DIRECTION('ref_axis',(0.637270892490379,0.770639870227667,0.));
#9791=DIRECTION('',(-0.99032860398817,-0.138741688482024,0.));
#9792=DIRECTION('center_axis',(0.,0.,1.));
#9793=DIRECTION('ref_axis',(-0.598948206870727,-0.800787765569843,0.));
#9794=DIRECTION('center_axis',(0.,0.,1.));
#9795=DIRECTION('ref_axis',(0.485909131861248,-0.874009333802476,0.));
#9796=DIRECTION('',(1.,0.,0.));
#9797=DIRECTION('',(0.,-1.,0.));
#9798=DIRECTION('',(1.,0.,0.));
#9799=DIRECTION('',(0.,1.,0.));
#9800=DIRECTION('center_axis',(0.,0.,1.));
#9801=DIRECTION('ref_axis',(0.786040503111553,-0.618174997446626,0.));
#9802=DIRECTION('',(-0.99106836629976,-0.133354764893968,0.));
#9803=DIRECTION('',(0.,1.,0.));
#9804=DIRECTION('center_axis',(0.,0.,1.));
#9805=DIRECTION('ref_axis',(0.452172278246133,-0.891930619939523,0.));
#9806=DIRECTION('center_axis',(0.,0.,1.));
#9807=DIRECTION('ref_axis',(-0.596204489224601,-0.802832614576932,0.));
#9808=DIRECTION('center_axis',(0.,0.,1.));
#9809=DIRECTION('ref_axis',(1.,0.,0.));
#9810=DIRECTION('',(0.,1.,0.));
#9811=DIRECTION('',(1.,0.,0.));
#9812=DIRECTION('',(0.,-1.,0.));
#9813=DIRECTION('',(1.,0.,0.));
#9814=DIRECTION('center_axis',(0.,0.,1.));
#9815=DIRECTION('ref_axis',(0.485909131861248,-0.874009333802476,0.));
#9816=DIRECTION('center_axis',(0.,0.,1.));
#9817=DIRECTION('ref_axis',(-0.598948206870727,-0.800787765569843,0.));
#9818=DIRECTION('',(-0.99032860398817,-0.138741688482024,0.));
#9819=DIRECTION('center_axis',(0.,0.,-1.));
#9820=DIRECTION('ref_axis',(0.637270892490379,0.770639870227667,0.));
#9821=DIRECTION('',(0.,-1.,0.));
#9822=DIRECTION('center_axis',(0.,0.,1.));
#9823=DIRECTION('ref_axis',(0.786040503111553,-0.618174997446626,0.));
#9824=DIRECTION('center_axis',(0.,0.,1.));
#9825=DIRECTION('ref_axis',(-0.596204489224601,-0.802832614576932,0.));
#9826=DIRECTION('center_axis',(0.,0.,1.));
#9827=DIRECTION('ref_axis',(0.452172278246133,-0.891930619939523,0.));
#9828=DIRECTION('',(0.,1.,0.));
#9829=DIRECTION('',(-0.99106836629976,-0.133354764893968,0.));
#9830=DIRECTION('',(0.,0.,-1.));
#9831=DIRECTION('',(0.,0.,-1.));
#9832=DIRECTION('center_axis',(1.,0.,0.));
#9833=DIRECTION('ref_axis',(0.,0.,-1.));
#9834=DIRECTION('',(0.,0.,-1.));
#9835=DIRECTION('',(0.,0.,-1.));
#9836=DIRECTION('',(0.,0.,-1.));
#9837=DIRECTION('center_axis',(0.138741688482024,-0.99032860398817,0.));
#9838=DIRECTION('ref_axis',(0.99032860398817,0.138741688482024,0.));
#9839=DIRECTION('',(0.,0.,-1.));
#9840=DIRECTION('',(0.,0.,-1.));
#9841=DIRECTION('',(0.,0.,-1.));
#9842=DIRECTION('',(0.,0.,-1.));
#9843=DIRECTION('',(0.,0.,-1.));
#9844=DIRECTION('center_axis',(0.,1.,0.));
#9845=DIRECTION('ref_axis',(0.,0.,1.));
#9846=DIRECTION('',(0.,0.,-1.));
#9847=DIRECTION('center_axis',(1.,0.,0.));
#9848=DIRECTION('ref_axis',(0.,0.,-1.));
#9849=DIRECTION('',(0.,0.,-1.));
#9850=DIRECTION('center_axis',(0.,1.,0.));
#9851=DIRECTION('ref_axis',(0.,0.,1.));
#9852=DIRECTION('',(0.,0.,-1.));
#9853=DIRECTION('center_axis',(-1.,0.,0.));
#9854=DIRECTION('ref_axis',(0.,0.,1.));
#9855=DIRECTION('',(0.,0.,-1.));
#9856=DIRECTION('',(0.,0.,-1.));
#9857=DIRECTION('',(0.,0.,-1.));
#9858=DIRECTION('',(0.,0.,-1.));
#9859=DIRECTION('',(0.,0.,-1.));
#9860=DIRECTION('',(0.,0.,-1.));
#9861=DIRECTION('',(0.,0.,-1.));
#9862=DIRECTION('',(0.,0.,-1.));
#9863=DIRECTION('center_axis',(-1.,0.,0.));
#9864=DIRECTION('ref_axis',(0.,0.,1.));
#9865=DIRECTION('',(0.,0.,-1.));
#9866=DIRECTION('center_axis',(0.133354764893968,-0.99106836629976,0.));
#9867=DIRECTION('ref_axis',(0.99106836629976,0.133354764893968,0.));
#9868=DIRECTION('',(0.,0.,-1.));
#9869=DIRECTION('',(0.,0.,-1.));
#9870=DIRECTION('center_axis',(1.,0.,0.));
#9871=DIRECTION('ref_axis',(0.,0.,-1.));
#9872=DIRECTION('',(0.,-1.,0.));
#9873=DIRECTION('',(0.,0.,-1.));
#9874=DIRECTION('',(0.,-1.,0.));
#9875=DIRECTION('center_axis',(0.,0.,1.));
#9876=DIRECTION('ref_axis',(-0.532482749705278,-0.846440855149553,0.));
#9877=DIRECTION('',(0.,0.,-1.));
#9878=DIRECTION('center_axis',(0.,0.,1.));
#9879=DIRECTION('ref_axis',(-0.532482749705278,-0.846440855149553,0.));
#9880=DIRECTION('center_axis',(0.,0.,1.));
#9881=DIRECTION('ref_axis',(0.654273524871661,-0.756257994768989,0.));
#9882=DIRECTION('',(0.,0.,-1.));
#9883=DIRECTION('center_axis',(0.,0.,1.));
#9884=DIRECTION('ref_axis',(0.654273524871661,-0.756257994768989,0.));
#9885=DIRECTION('center_axis',(0.,0.,1.));
#9886=DIRECTION('ref_axis',(0.884633875127183,-0.466286292933284,0.));
#9887=DIRECTION('',(0.,0.,-1.));
#9888=DIRECTION('center_axis',(0.,0.,1.));
#9889=DIRECTION('ref_axis',(0.884633875127183,-0.466286292933284,0.));
#9890=DIRECTION('center_axis',(0.,0.,1.));
#9891=DIRECTION('ref_axis',(0.878225583750061,0.478246614255517,0.));
#9892=DIRECTION('',(0.,0.,-1.));
#9893=DIRECTION('center_axis',(0.,0.,1.));
#9894=DIRECTION('ref_axis',(0.878225583750061,0.478246614255517,0.));
#9895=DIRECTION('center_axis',(0.,0.,1.));
#9896=DIRECTION('ref_axis',(0.999979312118067,0.00643236627354251,0.));
#9897=DIRECTION('',(0.,0.,-1.));
#9898=DIRECTION('center_axis',(0.,0.,1.));
#9899=DIRECTION('ref_axis',(0.999979312118067,0.00643236627354251,0.));
#9900=DIRECTION('center_axis',(0.,0.,-1.));
#9901=DIRECTION('ref_axis',(0.983196813183903,-0.182548696366247,0.));
#9902=DIRECTION('',(0.,0.,-1.));
#9903=DIRECTION('center_axis',(0.,0.,-1.));
#9904=DIRECTION('ref_axis',(0.983196813183903,-0.182548696366247,0.));
#9905=DIRECTION('',(0.,0.,-1.));
#9906=DIRECTION('center_axis',(0.,0.,-1.));
#9907=DIRECTION('ref_axis',(0.914599592112299,-0.404360712864165,0.));
#9908=DIRECTION('',(0.,0.,-1.));
#9909=DIRECTION('center_axis',(0.,0.,-1.));
#9910=DIRECTION('ref_axis',(0.914599592112299,-0.404360712864165,0.));
#9911=DIRECTION('',(0.,0.,-1.));
#9912=DIRECTION('',(0.,0.,-1.));
#9913=DIRECTION('center_axis',(-1.,0.,0.));
#9914=DIRECTION('ref_axis',(0.,0.,1.));
#9915=DIRECTION('',(0.,1.,0.));
#9916=DIRECTION('',(0.,0.,-1.));
#9917=DIRECTION('',(0.,1.,0.));
#9918=DIRECTION('',(0.,0.,-1.));
#9919=DIRECTION('',(0.,0.,-1.));
#9920=DIRECTION('',(0.,0.,-1.));
#9921=DIRECTION('center_axis',(0.,0.,1.));
#9922=DIRECTION('ref_axis',(0.8691408551434,0.494564630680965,0.));
#9923=DIRECTION('',(0.,0.,-1.));
#9924=DIRECTION('center_axis',(0.,0.,1.));
#9925=DIRECTION('ref_axis',(0.8691408551434,0.494564630680965,0.));
#9926=DIRECTION('center_axis',(0.,0.,1.));
#9927=DIRECTION('ref_axis',(0.999524280604361,-0.0308417328036988,0.));
#9928=DIRECTION('',(0.,0.,-1.));
#9929=DIRECTION('center_axis',(0.,0.,1.));
#9930=DIRECTION('ref_axis',(0.999524280604361,-0.0308417328036988,0.));
#9931=DIRECTION('center_axis',(0.,0.,-1.));
#9932=DIRECTION('ref_axis',(0.985528420500406,-0.169510272213737,0.));
#9933=DIRECTION('',(0.,0.,-1.));
#9934=DIRECTION('center_axis',(0.,0.,-1.));
#9935=DIRECTION('ref_axis',(0.985528420500406,-0.169510272213737,0.));
#9936=DIRECTION('',(0.,0.,-1.));
#9937=DIRECTION('center_axis',(0.,0.,-1.));
#9938=DIRECTION('ref_axis',(0.83726699002222,-0.546794282540639,0.));
#9939=DIRECTION('center_axis',(0.,0.,-1.));
#9940=DIRECTION('ref_axis',(0.83726699002222,-0.546794282540639,0.));
#9941=DIRECTION('center_axis',(0.,0.,-1.));
#9942=DIRECTION('ref_axis',(-1.,0.,0.));
#9943=DIRECTION('center_axis',(0.,0.,-1.));
#9944=DIRECTION('ref_axis',(-1.,0.,0.));
#9945=DIRECTION('center_axis',(0.,-1.,0.));
#9946=DIRECTION('ref_axis',(0.,0.,-1.));
#9947=DIRECTION('',(-1.,0.,0.));
#9948=DIRECTION('',(0.,0.,-1.));
#9949=DIRECTION('',(-1.,0.,0.));
#9950=DIRECTION('',(0.,0.,-1.));
#9951=DIRECTION('center_axis',(0.940093110399828,-0.340917796218938,0.));
#9952=DIRECTION('ref_axis',(0.340917796218938,0.940093110399828,0.));
#9953=DIRECTION('',(-0.340917796218938,-0.940093110399828,0.));
#9954=DIRECTION('',(0.,0.,-1.));
#9955=DIRECTION('',(-0.340917796218938,-0.940093110399828,0.));
#9956=DIRECTION('',(0.,0.,-1.));
#9957=DIRECTION('center_axis',(0.,-1.,0.));
#9958=DIRECTION('ref_axis',(0.,0.,-1.));
#9959=DIRECTION('',(-1.,0.,0.));
#9960=DIRECTION('',(0.,0.,-1.));
#9961=DIRECTION('',(-1.,0.,0.));
#9962=DIRECTION('center_axis',(-0.967617272386139,-0.252421897188036,0.));
#9963=DIRECTION('ref_axis',(0.252421897188036,-0.967617272386139,0.));
#9964=DIRECTION('',(-0.252421897188036,0.967617272386139,0.));
#9965=DIRECTION('',(0.,0.,-1.));
#9966=DIRECTION('',(-0.252421897188036,0.967617272386139,0.));
#9967=DIRECTION('center_axis',(-0.944557460429242,-0.328346164813084,0.));
#9968=DIRECTION('ref_axis',(0.328346164813084,-0.944557460429242,0.));
#9969=DIRECTION('',(-0.328346164813084,0.944557460429242,0.));
#9970=DIRECTION('',(0.,0.,-1.));
#9971=DIRECTION('',(-0.328346164813084,0.944557460429242,0.));
#9972=DIRECTION('center_axis',(0.,-1.,0.));
#9973=DIRECTION('ref_axis',(0.,0.,-1.));
#9974=DIRECTION('',(-1.,0.,0.));
#9975=DIRECTION('',(0.,0.,-1.));
#9976=DIRECTION('',(-1.,0.,0.));
#9977=DIRECTION('center_axis',(0.930670322635907,0.365858921668963,0.));
#9978=DIRECTION('ref_axis',(-0.365858921668963,0.930670322635907,0.));
#9979=DIRECTION('',(0.365858921668963,-0.930670322635907,0.));
#9980=DIRECTION('',(0.,0.,-1.));
#9981=DIRECTION('',(0.365858921668963,-0.930670322635907,0.));
#9982=DIRECTION('center_axis',(0.920917203017399,-0.389758265065169,0.));
#9983=DIRECTION('ref_axis',(0.389758265065169,0.920917203017399,0.));
#9984=DIRECTION('',(-0.389758265065169,-0.920917203017399,0.));
#9985=DIRECTION('',(0.,0.,-1.));
#9986=DIRECTION('',(-0.389758265065169,-0.920917203017399,0.));
#9987=DIRECTION('',(0.,0.,-1.));
#9988=DIRECTION('',(0.,0.,-1.));
#9989=DIRECTION('center_axis',(1.,0.,0.));
#9990=DIRECTION('ref_axis',(0.,0.,-1.));
#9991=DIRECTION('',(0.,-1.,0.));
#9992=DIRECTION('',(0.,0.,-1.));
#9993=DIRECTION('',(0.,-1.,0.));
#9994=DIRECTION('center_axis',(0.,0.,1.));
#9995=DIRECTION('ref_axis',(0.919490988312086,0.393111081518777,0.));
#9996=DIRECTION('',(0.,0.,-1.));
#9997=DIRECTION('center_axis',(0.,0.,1.));
#9998=DIRECTION('ref_axis',(0.919490988312086,0.393111081518777,0.));
#9999=DIRECTION('',(0.,0.,-1.));
#10000=DIRECTION('center_axis',(-0.930300737781133,0.366797678951053,0.));
#10001=DIRECTION('ref_axis',(-0.366797678951053,-0.930300737781133,0.));
#10002=DIRECTION('',(0.366797678951053,0.930300737781133,0.));
#10003=DIRECTION('',(0.366797678951053,0.930300737781133,0.));
#10004=DIRECTION('center_axis',(0.,0.,1.));
#10005=DIRECTION('ref_axis',(1.,0.,0.));
#10006=DIRECTION('center_axis',(0.,0.,1.));
#10007=DIRECTION('ref_axis',(1.,0.,0.));
#10008=DIRECTION('center_axis',(-1.,0.,0.));
#10009=DIRECTION('ref_axis',(0.,0.,1.));
#10010=DIRECTION('',(0.,1.,0.));
#10011=DIRECTION('',(0.,0.,-1.));
#10012=DIRECTION('',(0.,1.,0.));
#10013=DIRECTION('',(0.,0.,-1.));
#10014=DIRECTION('center_axis',(0.,-1.,0.));
#10015=DIRECTION('ref_axis',(0.,0.,-1.));
#10016=DIRECTION('',(-1.,0.,0.));
#10017=DIRECTION('',(0.,0.,-1.));
#10018=DIRECTION('',(-1.,0.,0.));
#10019=DIRECTION('center_axis',(-1.,0.,0.));
#10020=DIRECTION('ref_axis',(0.,0.,1.));
#10021=DIRECTION('',(0.,1.,0.));
#10022=DIRECTION('',(0.,0.,-1.));
#10023=DIRECTION('',(0.,1.,0.));
#10024=DIRECTION('center_axis',(0.,1.,0.));
#10025=DIRECTION('ref_axis',(0.,0.,1.));
#10026=DIRECTION('',(1.,0.,0.));
#10027=DIRECTION('',(0.,0.,-1.));
#10028=DIRECTION('',(1.,0.,0.));
#10029=DIRECTION('center_axis',(-1.,0.,0.));
#10030=DIRECTION('ref_axis',(0.,0.,1.));
#10031=DIRECTION('',(0.,1.,0.));
#10032=DIRECTION('',(0.,0.,-1.));
#10033=DIRECTION('',(0.,1.,0.));
#10034=DIRECTION('center_axis',(0.,-1.,0.));
#10035=DIRECTION('ref_axis',(0.,0.,-1.));
#10036=DIRECTION('',(-1.,0.,0.));
#10037=DIRECTION('',(0.,0.,-1.));
#10038=DIRECTION('',(-1.,0.,0.));
#10039=DIRECTION('center_axis',(-1.,0.,0.));
#10040=DIRECTION('ref_axis',(0.,0.,1.));
#10041=DIRECTION('',(0.,1.,0.));
#10042=DIRECTION('',(0.,0.,-1.));
#10043=DIRECTION('',(0.,1.,0.));
#10044=DIRECTION('center_axis',(0.,1.,0.));
#10045=DIRECTION('ref_axis',(0.,0.,1.));
#10046=DIRECTION('',(1.,0.,0.));
#10047=DIRECTION('',(0.,0.,-1.));
#10048=DIRECTION('',(1.,0.,0.));
#10049=DIRECTION('center_axis',(-1.,0.,0.));
#10050=DIRECTION('ref_axis',(0.,0.,1.));
#10051=DIRECTION('',(0.,1.,0.));
#10052=DIRECTION('',(0.,0.,-1.));
#10053=DIRECTION('',(0.,1.,0.));
#10054=DIRECTION('center_axis',(0.,-1.,0.));
#10055=DIRECTION('ref_axis',(0.,0.,-1.));
#10056=DIRECTION('',(-1.,0.,0.));
#10057=DIRECTION('',(0.,0.,-1.));
#10058=DIRECTION('',(-1.,0.,0.));
#10059=DIRECTION('center_axis',(1.,0.,0.));
#10060=DIRECTION('ref_axis',(0.,0.,-1.));
#10061=DIRECTION('',(0.,-1.,0.));
#10062=DIRECTION('',(0.,0.,-1.));
#10063=DIRECTION('',(0.,-1.,0.));
#10064=DIRECTION('center_axis',(0.,1.,0.));
#10065=DIRECTION('ref_axis',(0.,0.,1.));
#10066=DIRECTION('',(1.,0.,0.));
#10067=DIRECTION('',(1.,0.,0.));
#10068=DIRECTION('center_axis',(0.,0.,-1.));
#10069=DIRECTION('ref_axis',(-1.,0.,0.));
#10070=DIRECTION('center_axis',(0.,0.,-1.));
#10071=DIRECTION('ref_axis',(-1.,0.,0.));
#10072=DIRECTION('center_axis',(0.,0.,1.));
#10073=DIRECTION('ref_axis',(1.,0.,0.));
#10074=DIRECTION('',(1.,0.,0.));
#10075=DIRECTION('center_axis',(0.,0.,1.));
#10076=DIRECTION('ref_axis',(0.530486932775329,-0.847693113192872,0.));
#10077=DIRECTION('center_axis',(0.,0.,1.));
#10078=DIRECTION('ref_axis',(0.853949602962096,-0.520355720253827,0.));
#10079=DIRECTION('',(-1.,0.,0.));
#10080=DIRECTION('',(0.,-1.,0.));
#10081=DIRECTION('',(0.,-1.,0.));
#10082=DIRECTION('',(-1.,0.,0.));
#10083=DIRECTION('center_axis',(0.,0.,1.));
#10084=DIRECTION('ref_axis',(-0.597443168977038,-0.801911254343444,0.));
#10085=DIRECTION('center_axis',(0.,0.,1.));
#10086=DIRECTION('ref_axis',(0.760071414825274,0.649839552786306,0.));
#10087=DIRECTION('center_axis',(0.,0.,1.));
#10088=DIRECTION('ref_axis',(0.784248311068974,-0.620447086048006,0.));
#10089=DIRECTION('center_axis',(0.,0.,1.));
#10090=DIRECTION('ref_axis',(0.629544902359367,-0.77696410207508,0.));
#10091=DIRECTION('',(1.,0.,0.));
#10092=DIRECTION('center_axis',(0.,0.,1.));
#10093=DIRECTION('ref_axis',(1.,0.,0.));
#10094=DIRECTION('',(1.,0.,0.));
#10095=DIRECTION('',(0.,-1.,0.));
#10096=DIRECTION('',(-1.,0.,0.));
#10097=DIRECTION('center_axis',(0.,0.,1.));
#10098=DIRECTION('ref_axis',(0.853949602962096,-0.520355720253827,0.));
#10099=DIRECTION('center_axis',(0.,0.,1.));
#10100=DIRECTION('ref_axis',(0.530486932775329,-0.847693113192872,0.));
#10101=DIRECTION('',(-1.,0.,0.));
#10102=DIRECTION('',(0.,-1.,0.));
#10103=DIRECTION('',(1.,0.,0.));
#10104=DIRECTION('center_axis',(0.,0.,1.));
#10105=DIRECTION('ref_axis',(0.629544902359367,-0.77696410207508,0.));
#10106=DIRECTION('center_axis',(0.,0.,1.));
#10107=DIRECTION('ref_axis',(0.784248311068974,-0.620447086048006,0.));
#10108=DIRECTION('center_axis',(0.,0.,1.));
#10109=DIRECTION('ref_axis',(0.760071414825274,0.649839552786306,0.));
#10110=DIRECTION('center_axis',(0.,0.,1.));
#10111=DIRECTION('ref_axis',(-0.597443168977038,-0.801911254343444,0.));
#10112=DIRECTION('center_axis',(0.,1.,0.));
#10113=DIRECTION('ref_axis',(0.,0.,1.));
#10114=DIRECTION('',(0.,0.,-1.));
#10115=DIRECTION('',(0.,0.,-1.));
#10116=DIRECTION('',(0.,0.,-1.));
#10117=DIRECTION('',(0.,0.,-1.));
#10118=DIRECTION('',(0.,0.,-1.));
#10119=DIRECTION('',(0.,0.,-1.));
#10120=DIRECTION('center_axis',(0.,-1.,0.));
#10121=DIRECTION('ref_axis',(0.,0.,-1.));
#10122=DIRECTION('',(0.,0.,-1.));
#10123=DIRECTION('center_axis',(1.,0.,0.));
#10124=DIRECTION('ref_axis',(0.,0.,-1.));
#10125=DIRECTION('center_axis',(0.,-1.,0.));
#10126=DIRECTION('ref_axis',(0.,0.,-1.));
#10127=DIRECTION('',(0.,0.,-1.));
#10128=DIRECTION('',(0.,0.,-1.));
#10129=DIRECTION('center_axis',(1.,0.,0.));
#10130=DIRECTION('ref_axis',(0.,0.,-1.));
#10131=DIRECTION('',(0.,0.,-1.));
#10132=DIRECTION('center_axis',(0.,1.,0.));
#10133=DIRECTION('ref_axis',(0.,0.,1.));
#10134=DIRECTION('',(0.,0.,-1.));
#10135=DIRECTION('',(0.,0.,-1.));
#10136=DIRECTION('',(0.,0.,-1.));
#10137=DIRECTION('',(0.,0.,-1.));
#10138=DIRECTION('center_axis',(0.,0.,-1.));
#10139=DIRECTION('ref_axis',(-1.,0.,0.));
#10140=DIRECTION('',(-0.355935724363995,0.934510438743987,0.));
#10141=DIRECTION('',(-1.,0.,0.));
#10142=DIRECTION('',(-0.3559357243699,-0.934510438741738,0.));
#10143=DIRECTION('',(1.,0.,0.));
#10144=DIRECTION('',(0.331528418357945,0.943445233079843,0.));
#10145=DIRECTION('',(1.,0.,0.));
#10146=DIRECTION('',(0.349395479497032,-0.936975345944086,0.));
#10147=DIRECTION('',(1.,0.,0.));
#10148=DIRECTION('',(1.,0.,0.));
#10149=DIRECTION('',(-0.338535034295868,-0.940953787682634,0.));
#10150=DIRECTION('',(-1.,0.,0.));
#10151=DIRECTION('',(-0.341603830689971,0.93984404177392,0.));
#10152=DIRECTION('center_axis',(0.,0.,-1.));
#10153=DIRECTION('ref_axis',(-1.,0.,0.));
#10154=DIRECTION('',(-0.355935724363995,0.934510438743987,0.));
#10155=DIRECTION('',(1.,0.,0.));
#10156=DIRECTION('',(0.349395479497032,-0.936975345944086,0.));
#10157=DIRECTION('',(1.,0.,0.));
#10158=DIRECTION('',(0.331528418357945,0.943445233079843,0.));
#10159=DIRECTION('',(1.,0.,0.));
#10160=DIRECTION('',(-0.3559357243699,-0.934510438741738,0.));
#10161=DIRECTION('',(-1.,0.,0.));
#10162=DIRECTION('',(-0.338535034295868,-0.940953787682634,0.));
#10163=DIRECTION('',(1.,0.,0.));
#10164=DIRECTION('',(-0.341603830689971,0.93984404177392,0.));
#10165=DIRECTION('',(-1.,0.,0.));
#10166=DIRECTION('center_axis',(-0.934510438743987,-0.355935724363995,0.));
#10167=DIRECTION('ref_axis',(0.355935724363995,-0.934510438743987,0.));
#10168=DIRECTION('',(0.,0.,-1.));
#10169=DIRECTION('',(0.,0.,-1.));
#10170=DIRECTION('center_axis',(0.,-1.,0.));
#10171=DIRECTION('ref_axis',(0.,0.,-1.));
#10172=DIRECTION('',(0.,0.,-1.));
#10173=DIRECTION('center_axis',(0.934510438741738,-0.3559357243699,0.));
#10174=DIRECTION('ref_axis',(0.3559357243699,0.934510438741738,0.));
#10175=DIRECTION('',(0.,0.,-1.));
#10176=DIRECTION('center_axis',(0.,1.,0.));
#10177=DIRECTION('ref_axis',(0.,0.,1.));
#10178=DIRECTION('',(0.,0.,-1.));
#10179=DIRECTION('center_axis',(-0.943445233079843,0.331528418357945,0.));
#10180=DIRECTION('ref_axis',(-0.331528418357945,-0.943445233079843,0.));
#10181=DIRECTION('',(0.,0.,-1.));
#10182=DIRECTION('center_axis',(0.,1.,0.));
#10183=DIRECTION('ref_axis',(0.,0.,1.));
#10184=DIRECTION('',(0.,0.,-1.));
#10185=DIRECTION('center_axis',(0.936975345944086,0.349395479497032,0.));
#10186=DIRECTION('ref_axis',(-0.349395479497032,0.936975345944086,0.));
#10187=DIRECTION('',(0.,0.,-1.));
#10188=DIRECTION('center_axis',(0.,1.,0.));
#10189=DIRECTION('ref_axis',(0.,0.,1.));
#10190=DIRECTION('center_axis',(0.,1.,0.));
#10191=DIRECTION('ref_axis',(0.,0.,1.));
#10192=DIRECTION('',(0.,0.,-1.));
#10193=DIRECTION('',(0.,0.,-1.));
#10194=DIRECTION('center_axis',(-0.93984404177392,-0.341603830689971,0.));
#10195=DIRECTION('ref_axis',(0.341603830689971,-0.93984404177392,0.));
#10196=DIRECTION('',(0.,0.,-1.));
#10197=DIRECTION('',(0.,0.,-1.));
#10198=DIRECTION('center_axis',(0.,-1.,0.));
#10199=DIRECTION('ref_axis',(0.,0.,-1.));
#10200=DIRECTION('',(0.,0.,-1.));
#10201=DIRECTION('',(0.,0.,-1.));
#10202=DIRECTION('center_axis',(0.940953787682634,-0.338535034295868,0.));
#10203=DIRECTION('ref_axis',(0.338535034295868,0.940953787682634,0.));
#10204=DIRECTION('center_axis',(0.,0.,-1.));
#10205=DIRECTION('ref_axis',(-1.,0.,0.));
#10206=DIRECTION('center_axis',(0.,0.,1.));
#10207=DIRECTION('ref_axis',(0.920725708881441,-0.39021041632018,0.));
#10208=DIRECTION('center_axis',(0.,0.,1.));
#10209=DIRECTION('ref_axis',(0.205096093241745,-0.978741841619624,0.));
#10210=DIRECTION('center_axis',(0.,0.,1.));
#10211=DIRECTION('ref_axis',(0.26259953584156,-0.96490490918836,0.));
#10212=DIRECTION('center_axis',(0.,0.,1.));
#10213=DIRECTION('ref_axis',(0.0544811963296829,-0.998514796708835,0.));
#10214=DIRECTION('center_axis',(0.,0.,1.));
#10215=DIRECTION('ref_axis',(0.480678538616208,-0.876896882486069,0.));
#10216=DIRECTION('center_axis',(0.,0.,1.));
#10217=DIRECTION('ref_axis',(-0.518460629005405,-0.855101500508168,0.));
#10218=DIRECTION('',(0.,1.,0.));
#10219=DIRECTION('',(0.884094950247724,0.467307306754854,0.));
#10220=DIRECTION('',(-0.504883048650075,0.863187758941128,0.));
#10221=DIRECTION('',(-0.886348842795766,-0.463018065386878,0.));
#10222=DIRECTION('',(1.,0.,0.));
#10223=DIRECTION('',(-1.,0.,0.));
#10224=DIRECTION('',(1.,0.,0.));
#10225=DIRECTION('center_axis',(0.,0.,1.));
#10226=DIRECTION('ref_axis',(0.303329698945468,-0.952885666666076,0.));
#10227=DIRECTION('center_axis',(0.,0.,1.));
#10228=DIRECTION('ref_axis',(0.290503961418896,-0.956873789169674,0.));
#10229=DIRECTION('center_axis',(0.,0.,-1.));
#10230=DIRECTION('ref_axis',(-1.,0.,0.));
#10231=DIRECTION('center_axis',(0.,0.,1.));
#10232=DIRECTION('ref_axis',(0.290503961418896,-0.956873789169674,0.));
#10233=DIRECTION('center_axis',(0.,0.,1.));
#10234=DIRECTION('ref_axis',(0.303329698945468,-0.952885666666076,0.));
#10235=DIRECTION('',(1.,0.,0.));
#10236=DIRECTION('',(-1.,0.,0.));
#10237=DIRECTION('',(1.,0.,0.));
#10238=DIRECTION('',(-0.886348842795766,-0.463018065386878,0.));
#10239=DIRECTION('',(-0.504883048650075,0.863187758941128,0.));
#10240=DIRECTION('',(0.884094950247724,0.467307306754854,0.));
#10241=DIRECTION('',(0.,1.,0.));
#10242=DIRECTION('center_axis',(0.,0.,1.));
#10243=DIRECTION('ref_axis',(-0.518460629005405,-0.855101500508168,0.));
#10244=DIRECTION('center_axis',(0.,0.,1.));
#10245=DIRECTION('ref_axis',(0.480678538616208,-0.876896882486069,0.));
#10246=DIRECTION('center_axis',(0.,0.,1.));
#10247=DIRECTION('ref_axis',(0.0544811963296829,-0.998514796708835,0.));
#10248=DIRECTION('center_axis',(0.,0.,1.));
#10249=DIRECTION('ref_axis',(0.26259953584156,-0.96490490918836,0.));
#10250=DIRECTION('center_axis',(0.,0.,1.));
#10251=DIRECTION('ref_axis',(0.205096093241745,-0.978741841619624,0.));
#10252=DIRECTION('center_axis',(0.,0.,1.));
#10253=DIRECTION('ref_axis',(0.920725708881441,-0.39021041632018,0.));
#10254=DIRECTION('',(0.,0.,-1.));
#10255=DIRECTION('',(0.,0.,-1.));
#10256=DIRECTION('',(0.,0.,-1.));
#10257=DIRECTION('',(0.,0.,-1.));
#10258=DIRECTION('',(0.,0.,-1.));
#10259=DIRECTION('',(0.,0.,-1.));
#10260=DIRECTION('',(0.,0.,-1.));
#10261=DIRECTION('',(0.,0.,-1.));
#10262=DIRECTION('',(0.,0.,-1.));
#10263=DIRECTION('',(0.,0.,-1.));
#10264=DIRECTION('',(0.,0.,-1.));
#10265=DIRECTION('',(0.,0.,-1.));
#10266=DIRECTION('',(0.,0.,-1.));
#10267=DIRECTION('center_axis',(-1.,0.,0.));
#10268=DIRECTION('ref_axis',(0.,0.,1.));
#10269=DIRECTION('',(0.,0.,-1.));
#10270=DIRECTION('center_axis',(-0.467307306754854,0.884094950247724,0.));
#10271=DIRECTION('ref_axis',(-0.884094950247724,-0.467307306754854,0.));
#10272=DIRECTION('',(0.,0.,-1.));
#10273=DIRECTION('center_axis',(-0.863187758941128,-0.504883048650075,0.));
#10274=DIRECTION('ref_axis',(0.504883048650075,-0.863187758941128,0.));
#10275=DIRECTION('',(0.,0.,-1.));
#10276=DIRECTION('center_axis',(0.463018065386878,-0.886348842795766,0.));
#10277=DIRECTION('ref_axis',(0.886348842795766,0.463018065386878,0.));
#10278=DIRECTION('',(0.,0.,-1.));
#10279=DIRECTION('',(0.,0.,-1.));
#10280=DIRECTION('',(0.,0.,-1.));
#10281=DIRECTION('',(0.,0.,-1.));
#10282=DIRECTION('',(0.,0.,-1.));
#10283=DIRECTION('',(0.,0.,-1.));
#10284=DIRECTION('',(0.,0.,-1.));
#10285=DIRECTION('',(0.,0.,-1.));
#10286=DIRECTION('center_axis',(0.,1.,0.));
#10287=DIRECTION('ref_axis',(0.,0.,1.));
#10288=DIRECTION('',(0.,0.,-1.));
#10289=DIRECTION('',(0.,0.,-1.));
#10290=DIRECTION('',(0.,0.,-1.));
#10291=DIRECTION('center_axis',(0.,-1.,0.));
#10292=DIRECTION('ref_axis',(0.,0.,-1.));
#10293=DIRECTION('',(0.,0.,-1.));
#10294=DIRECTION('',(0.,0.,-1.));
#10295=DIRECTION('',(0.,0.,-1.));
#10296=DIRECTION('',(0.,0.,-1.));
#10297=DIRECTION('center_axis',(0.,1.,0.));
#10298=DIRECTION('ref_axis',(0.,0.,1.));
#10299=DIRECTION('',(0.,0.,-1.));
#10300=DIRECTION('',(0.,0.,-1.));
#10301=DIRECTION('',(0.,0.,-1.));
#10302=DIRECTION('',(0.,0.,-1.));
#10303=DIRECTION('',(0.,0.,1.));
#10304=DIRECTION('',(0.999999999999985,1.74845553146897E-7,0.));
#10305=DIRECTION('center_axis',(0.,-0.707106781186549,0.707106781186546));
#10306=DIRECTION('ref_axis',(1.,0.,0.));
#10307=DIRECTION('',(0.,-0.707106781186546,-0.707106781186549));
#10308=DIRECTION('',(1.,0.,0.));
#10309=DIRECTION('',(0.,0.707106781186546,0.707106781186549));
#10310=DIRECTION('',(-1.,0.,0.));
#10311=DIRECTION('center_axis',(-1.,0.,0.));
#10312=DIRECTION('ref_axis',(0.,0.,-1.));
#10313=DIRECTION('',(0.,0.,1.));
#10314=DIRECTION('',(0.,1.,0.));
#10315=DIRECTION('',(0.,0.,-1.));
#10316=DIRECTION('',(0.,-1.,0.));
#10317=DIRECTION('',(0.,0.,1.));
#10318=DIRECTION('',(0.,-1.,0.));
#10319=DIRECTION('',(0.,0.,-1.));
#10320=DIRECTION('center_axis',(0.,-1.,0.));
#10321=DIRECTION('ref_axis',(0.,0.,-1.));
#10322=DIRECTION('',(0.,0.,-1.));
#10323=DIRECTION('',(-1.,0.,0.));
#10324=DIRECTION('center_axis',(0.,-0.707106781186549,0.707106781186546));
#10325=DIRECTION('ref_axis',(1.,0.,0.));
#10326=DIRECTION('',(0.,0.707106781186546,0.707106781186549));
#10327=DIRECTION('',(-1.,0.,0.));
#10328=DIRECTION('',(0.,-0.707106781186546,-0.707106781186549));
#10329=DIRECTION('',(1.,0.,0.));
#10330=DIRECTION('center_axis',(1.,0.,0.));
#10331=DIRECTION('ref_axis',(0.,0.,1.));
#10332=DIRECTION('',(0.,0.,-1.));
#10333=DIRECTION('',(0.,-1.,0.));
#10334=DIRECTION('',(0.,1.,0.));
#10335=DIRECTION('',(0.,0.,1.));
#10336=DIRECTION('',(0.,-1.,0.));
#10337=DIRECTION('',(0.,0.,-1.));
#10338=DIRECTION('center_axis',(0.,0.,1.));
#10339=DIRECTION('ref_axis',(1.,0.,0.));
#10340=DIRECTION('',(1.,0.,0.));
#10341=DIRECTION('',(0.,-1.,0.));
#10342=DIRECTION('',(-1.,0.,0.));
#10343=DIRECTION('',(0.,-1.,0.));
#10344=DIRECTION('center_axis',(0.,1.,0.));
#10345=DIRECTION('ref_axis',(0.,0.,1.));
#10346=DIRECTION('',(-1.,0.,0.));
#10347=DIRECTION('',(0.,0.,-1.));
#10348=DIRECTION('',(-1.,0.,0.));
#10349=DIRECTION('center_axis',(0.,1.,0.));
#10350=DIRECTION('ref_axis',(-1.,0.,0.));
#10351=DIRECTION('center_axis',(0.,1.,0.));
#10352=DIRECTION('ref_axis',(-1.,0.,0.));
#10353=DIRECTION('center_axis',(0.,1.,0.));
#10354=DIRECTION('ref_axis',(-1.,0.,0.));
#10355=DIRECTION('center_axis',(0.,1.,0.));
#10356=DIRECTION('ref_axis',(-1.,0.,0.));
#10357=DIRECTION('center_axis',(0.,1.,0.));
#10358=DIRECTION('ref_axis',(-1.,0.,0.));
#10359=DIRECTION('center_axis',(0.,-1.,0.));
#10360=DIRECTION('ref_axis',(0.,0.,-1.));
#10361=DIRECTION('',(-1.,0.,0.));
#10362=DIRECTION('',(0.,0.,1.));
#10363=DIRECTION('center_axis',(0.,-1.,0.));
#10364=DIRECTION('ref_axis',(-1.,0.,0.));
#10365=DIRECTION('center_axis',(0.,-1.,0.));
#10366=DIRECTION('ref_axis',(-1.,0.,0.));
#10367=DIRECTION('',(0.,-1.,0.));
#10368=DIRECTION('center_axis',(0.,-1.,0.));
#10369=DIRECTION('ref_axis',(-1.,0.,0.));
#10370=DIRECTION('center_axis',(0.,-1.,0.));
#10371=DIRECTION('ref_axis',(-1.,0.,0.));
#10372=DIRECTION('',(0.,-1.,0.));
#10373=DIRECTION('center_axis',(0.,-1.,0.));
#10374=DIRECTION('ref_axis',(-1.,0.,0.));
#10375=DIRECTION('center_axis',(0.,-1.,0.));
#10376=DIRECTION('ref_axis',(-1.,0.,0.));
#10377=DIRECTION('',(0.,-1.,0.));
#10378=DIRECTION('center_axis',(0.,-1.,0.));
#10379=DIRECTION('ref_axis',(-1.,0.,0.));
#10380=DIRECTION('center_axis',(0.,-1.,0.));
#10381=DIRECTION('ref_axis',(-1.,0.,0.));
#10382=DIRECTION('',(0.,-1.,0.));
#10383=DIRECTION('center_axis',(0.,-1.,0.));
#10384=DIRECTION('ref_axis',(-1.,0.,0.));
#10385=DIRECTION('center_axis',(0.,-1.,0.));
#10386=DIRECTION('ref_axis',(-1.,0.,0.));
#10387=DIRECTION('',(0.,-1.,0.));
#10388=DIRECTION('center_axis',(0.,0.,1.));
#10389=DIRECTION('ref_axis',(-1.,0.,0.));
#10390=DIRECTION('',(0.,1.,0.));
#10391=DIRECTION('',(-1.,0.,0.));
#10392=DIRECTION('',(0.,-1.,0.));
#10393=DIRECTION('',(-1.,0.,0.));
#10394=DIRECTION('center_axis',(0.,0.,1.));
#10395=DIRECTION('ref_axis',(-1.,0.,0.));
#10396=DIRECTION('center_axis',(0.,0.,1.));
#10397=DIRECTION('ref_axis',(-1.,0.,0.));
#10398=DIRECTION('center_axis',(0.,0.,1.));
#10399=DIRECTION('ref_axis',(-1.,0.,0.));
#10400=DIRECTION('center_axis',(0.,0.,1.));
#10401=DIRECTION('ref_axis',(-1.,0.,0.));
#10402=DIRECTION('center_axis',(0.,0.,1.));
#10403=DIRECTION('ref_axis',(-1.,0.,0.));
#10404=DIRECTION('center_axis',(0.,0.,1.));
#10405=DIRECTION('ref_axis',(-1.,0.,0.));
#10406=DIRECTION('center_axis',(0.,0.,1.));
#10407=DIRECTION('ref_axis',(-1.,0.,0.));
#10408=DIRECTION('center_axis',(0.,0.,1.));
#10409=DIRECTION('ref_axis',(-1.,0.,0.));
#10410=DIRECTION('center_axis',(0.,0.,-1.));
#10411=DIRECTION('ref_axis',(-1.,0.,0.));
#10412=DIRECTION('center_axis',(0.,0.,-1.));
#10413=DIRECTION('ref_axis',(-1.,0.,0.));
#10414=DIRECTION('center_axis',(0.,0.,1.));
#10415=DIRECTION('ref_axis',(-1.,0.,0.));
#10416=DIRECTION('',(0.,-1.,0.));
#10417=DIRECTION('',(-1.,0.,0.));
#10418=DIRECTION('',(0.,1.,0.));
#10419=DIRECTION('',(1.,0.,0.));
#10420=DIRECTION('',(-3.48002378322366E-17,-1.,0.));
#10421=DIRECTION('center_axis',(0.,0.,1.));
#10422=DIRECTION('ref_axis',(-0.999999988102888,-0.00015425376222576,0.));
#10423=DIRECTION('',(1.,-3.49670650307713E-16,0.));
#10424=DIRECTION('center_axis',(0.,0.,1.));
#10425=DIRECTION('ref_axis',(0.000154253744333386,-0.999999988102891,0.));
#10426=DIRECTION('',(0.,1.,0.));
#10427=DIRECTION('center_axis',(0.,0.,1.));
#10428=DIRECTION('ref_axis',(0.999999988102819,0.00015425421343177,0.));
#10429=DIRECTION('',(0.,1.,0.));
#10430=DIRECTION('center_axis',(0.,0.,1.));
#10431=DIRECTION('ref_axis',(-0.000154253742529201,0.999999988102891,0.));
#10432=DIRECTION('center_axis',(1.,0.,0.));
#10433=DIRECTION('ref_axis',(0.,0.,-1.));
#10434=DIRECTION('',(0.,0.,-1.));
#10435=DIRECTION('',(0.,1.,0.));
#10436=DIRECTION('center_axis',(0.,1.,0.));
#10437=DIRECTION('ref_axis',(0.,0.,1.));
#10438=DIRECTION('',(0.,0.,-1.));
#10439=DIRECTION('',(0.,0.,1.));
#10440=DIRECTION('center_axis',(0.,0.,-1.));
#10441=DIRECTION('ref_axis',(-1.,0.,0.));
#10442=DIRECTION('',(0.,0.,-1.));
#10443=DIRECTION('center_axis',(0.,0.,1.));
#10444=DIRECTION('ref_axis',(-1.,0.,0.));
#10445=DIRECTION('center_axis',(0.,0.,-1.));
#10446=DIRECTION('ref_axis',(-1.,0.,0.));
#10447=DIRECTION('',(0.,0.,-1.));
#10448=DIRECTION('center_axis',(0.,0.,1.));
#10449=DIRECTION('ref_axis',(-1.,0.,0.));
#10450=DIRECTION('center_axis',(0.,0.,-1.));
#10451=DIRECTION('ref_axis',(1.,0.,0.));
#10452=DIRECTION('center_axis',(0.,0.,1.));
#10453=DIRECTION('ref_axis',(0.999999964308662,-0.000267175361938484,0.));
#10454=DIRECTION('center_axis',(0.,-1.,0.));
#10455=DIRECTION('ref_axis',(0.,0.,-1.));
#10456=DIRECTION('',(1.,0.,0.));
#10457=DIRECTION('center_axis',(0.,0.,1.));
#10458=DIRECTION('ref_axis',(-1.,0.,0.));
#10459=DIRECTION('center_axis',(0.,0.,1.));
#10460=DIRECTION('ref_axis',(0.999999964308662,-0.000267175361938484,0.));
#10461=DIRECTION('',(0.,-1.,0.));
#10462=DIRECTION('center_axis',(0.,0.,1.));
#10463=DIRECTION('ref_axis',(-0.00026717536194723,-0.999999964308662,0.));
#10464=DIRECTION('',(-1.,0.,0.));
#10465=DIRECTION('center_axis',(0.,0.,1.));
#10466=DIRECTION('ref_axis',(-0.999999964308662,0.000267175361950235,0.));
#10467=DIRECTION('',(-5.43311363187009E-18,1.,0.));
#10468=DIRECTION('center_axis',(0.,0.,1.));
#10469=DIRECTION('ref_axis',(0.000267175361945587,0.999999964308662,0.));
#10470=DIRECTION('center_axis',(0.,0.,-1.));
#10471=DIRECTION('ref_axis',(-1.,0.,0.));
#10472=DIRECTION('center_axis',(0.,0.,-1.));
#10473=DIRECTION('ref_axis',(-1.,0.,0.));
#10474=DIRECTION('center_axis',(0.,0.,-1.));
#10475=DIRECTION('ref_axis',(-1.,0.,0.));
#10476=DIRECTION('center_axis',(0.,0.,-1.));
#10477=DIRECTION('ref_axis',(-1.,0.,0.));
#10478=DIRECTION('center_axis',(0.,0.,-1.));
#10479=DIRECTION('ref_axis',(-1.,0.,0.));
#10480=DIRECTION('center_axis',(0.,0.,-1.));
#10481=DIRECTION('ref_axis',(-1.,0.,0.));
#10482=DIRECTION('center_axis',(0.,0.,-1.));
#10483=DIRECTION('ref_axis',(-1.,0.,0.));
#10484=DIRECTION('center_axis',(0.,0.,-1.));
#10485=DIRECTION('ref_axis',(-1.,0.,0.));
#10486=DIRECTION('center_axis',(-1.,0.,0.));
#10487=DIRECTION('ref_axis',(0.,1.,0.));
#10488=DIRECTION('',(0.,0.,-1.));
#10489=DIRECTION('center_axis',(0.,0.,-1.));
#10490=DIRECTION('ref_axis',(-0.000154253742529201,0.999999988102891,0.));
#10491=DIRECTION('',(0.,0.,-1.));
#10492=DIRECTION('center_axis',(1.,-3.48002378322366E-17,0.));
#10493=DIRECTION('ref_axis',(-3.48002378322366E-17,-1.,0.));
#10494=DIRECTION('',(0.,0.,-1.));
#10495=DIRECTION('center_axis',(0.,0.,-1.));
#10496=DIRECTION('ref_axis',(-0.999999988102888,-0.00015425376222576,0.));
#10497=DIRECTION('',(0.,0.,-1.));
#10498=DIRECTION('center_axis',(3.49670650307713E-16,1.,0.));
#10499=DIRECTION('ref_axis',(1.,-3.49670650307713E-16,0.));
#10500=DIRECTION('',(0.,0.,-1.));
#10501=DIRECTION('center_axis',(0.,0.,-1.));
#10502=DIRECTION('ref_axis',(0.999999988102819,0.00015425421343177,0.));
#10503=DIRECTION('',(0.,0.,-1.));
#10504=DIRECTION('center_axis',(-1.,0.,0.));
#10505=DIRECTION('ref_axis',(0.,1.,0.));
#10506=DIRECTION('',(0.,0.,-1.));
#10507=DIRECTION('center_axis',(0.,0.,-1.));
#10508=DIRECTION('ref_axis',(0.000154253744333386,-0.999999988102891,0.));
#10509=DIRECTION('center_axis',(1.,0.,0.));
#10510=DIRECTION('ref_axis',(0.,-1.,0.));
#10511=DIRECTION('',(0.,0.,-1.));
#10512=DIRECTION('center_axis',(0.,-1.,0.));
#10513=DIRECTION('ref_axis',(-1.,0.,0.));
#10514=DIRECTION('center_axis',(0.,0.,1.));
#10515=DIRECTION('ref_axis',(-1.,0.,0.));
#10516=DIRECTION('',(0.,0.,-1.));
#10517=DIRECTION('center_axis',(0.,0.,1.));
#10518=DIRECTION('ref_axis',(-1.,0.,0.));
#10519=DIRECTION('',(0.,0.,-1.));
#10520=DIRECTION('center_axis',(0.,0.,1.));
#10521=DIRECTION('ref_axis',(-1.,0.,0.));
#10522=DIRECTION('',(0.,0.,-1.));
#10523=DIRECTION('center_axis',(0.,0.,1.));
#10524=DIRECTION('ref_axis',(-1.,0.,0.));
#10525=DIRECTION('',(0.,0.,-1.));
#10526=DIRECTION('center_axis',(0.,0.,1.));
#10527=DIRECTION('ref_axis',(-1.,0.,0.));
#10528=DIRECTION('',(0.,0.,-1.));
#10529=DIRECTION('center_axis',(0.,0.,1.));
#10530=DIRECTION('ref_axis',(-1.,0.,0.));
#10531=DIRECTION('',(0.,0.,-1.));
#10532=DIRECTION('center_axis',(0.,0.,1.));
#10533=DIRECTION('ref_axis',(-1.,0.,0.));
#10534=DIRECTION('',(0.,0.,-1.));
#10535=DIRECTION('center_axis',(0.,0.,1.));
#10536=DIRECTION('ref_axis',(-1.,0.,0.));
#10537=DIRECTION('',(0.,0.,-1.));
#10538=DIRECTION('',(0.,0.,1.));
#10539=DIRECTION('',(1.,0.,0.));
#10540=DIRECTION('',(0.,0.,1.));
#10541=DIRECTION('',(1.,0.,0.));
#10542=CARTESIAN_POINT('',(0.,0.,0.));
#10543=CARTESIAN_POINT('',(0.,0.,0.));
#10544=CARTESIAN_POINT('',(0.,0.,0.));
#10545=CARTESIAN_POINT('Origin',(27.4320000000007,83.0000012814999,1.0984219627471));
#10546=CARTESIAN_POINT('',(54.4632440996934,83.0000013625544,1.598422));
#10547=CARTESIAN_POINT('',(0.40075584009017,83.0000012814992,1.598422));
#10548=CARTESIAN_POINT('',(27.4320000000003,83.0000012814999,1.598422));
#10549=CARTESIAN_POINT('',(54.4632440996934,83.0000013625544,0.));
#10550=CARTESIAN_POINT('',(54.4632440996934,83.0000013625544,0.));
#10551=CARTESIAN_POINT('',(0.40075584009017,83.0000012814992,0.));
#10552=CARTESIAN_POINT('',(27.4320000000003,83.0000012814999,0.));
#10553=CARTESIAN_POINT('',(0.40075584009017,83.0000012814992,0.));
#10554=CARTESIAN_POINT('Origin',(2.031457244656,81.788542755344,0.));
#10555=CARTESIAN_POINT('',(-4.440892098501E-16,81.788,0.));
#10556=CARTESIAN_POINT('Origin',(2.031457244656,81.788542755344,0.));
#10557=CARTESIAN_POINT('',(-4.440892098501E-16,81.788,1.598422));
#10558=CARTESIAN_POINT('',(-4.440892098501E-16,81.788,0.));
#10559=CARTESIAN_POINT('Origin',(2.031457244656,81.788542755344,1.598422));
#10560=CARTESIAN_POINT('Origin',(27.432,41.91,0.));
#10561=CARTESIAN_POINT('',(54.864,81.788,0.));
#10562=CARTESIAN_POINT('Origin',(52.832542755344,81.788542755344,0.));
#10563=CARTESIAN_POINT('',(54.864,2.032,0.));
#10564=CARTESIAN_POINT('',(54.864,81.788,0.));
#10565=CARTESIAN_POINT('',(52.832,6.661338147751E-16,0.));
#10566=CARTESIAN_POINT('Origin',(52.832542755344,2.031457244656,0.));
#10567=CARTESIAN_POINT('',(2.032,0.,0.));
#10568=CARTESIAN_POINT('',(52.832,0.,0.));
#10569=CARTESIAN_POINT('',(0.,2.032,0.));
#10570=CARTESIAN_POINT('Origin',(2.031457244656,2.031457244656,0.));
#10571=CARTESIAN_POINT('',(0.,2.032,0.));
#10572=CARTESIAN_POINT('',(40.894,81.788,0.));
#10573=CARTESIAN_POINT('Origin',(41.402,81.788,0.));
#10574=CARTESIAN_POINT('',(38.354,81.788,0.));
#10575=CARTESIAN_POINT('Origin',(38.862,81.788,0.));
#10576=CARTESIAN_POINT('',(43.434,81.788,0.));
#10577=CARTESIAN_POINT('Origin',(43.942,81.788,0.));
#10578=CARTESIAN_POINT('',(33.274,81.788,0.));
#10579=CARTESIAN_POINT('Origin',(33.782,81.788,0.));
#10580=CARTESIAN_POINT('',(28.194,81.788,0.));
#10581=CARTESIAN_POINT('Origin',(28.702,81.788,0.));
#10582=CARTESIAN_POINT('',(35.814,81.788,0.));
#10583=CARTESIAN_POINT('Origin',(36.322,81.788,0.));
#10584=CARTESIAN_POINT('',(30.734,81.788,0.));
#10585=CARTESIAN_POINT('Origin',(31.242,81.788,0.));
#10586=CARTESIAN_POINT('',(30.022,6.301,0.));
#10587=CARTESIAN_POINT('Origin',(30.322,6.301,0.));
#10588=CARTESIAN_POINT('',(50.266,3.048,0.));
#10589=CARTESIAN_POINT('Origin',(51.816,3.048,0.));
#10590=CARTESIAN_POINT('',(25.654,81.788,0.));
#10591=CARTESIAN_POINT('Origin',(26.162,81.788,0.));
#10592=CARTESIAN_POINT('',(24.242,6.301,0.));
#10593=CARTESIAN_POINT('Origin',(24.542,6.301,0.));
#10594=CARTESIAN_POINT('',(20.574,81.788,0.));
#10595=CARTESIAN_POINT('Origin',(21.082,81.788,0.));
#10596=CARTESIAN_POINT('',(18.034,81.788,0.));
#10597=CARTESIAN_POINT('Origin',(18.542,81.788,0.));
#10598=CARTESIAN_POINT('',(23.114,81.788,0.));
#10599=CARTESIAN_POINT('Origin',(23.622,81.788,0.));
#10600=CARTESIAN_POINT('',(12.954,81.788,0.));
#10601=CARTESIAN_POINT('Origin',(13.462,81.788,0.));
#10602=CARTESIAN_POINT('',(10.414,81.788,0.));
#10603=CARTESIAN_POINT('Origin',(10.922,81.788,0.));
#10604=CARTESIAN_POINT('',(15.494,81.788,0.));
#10605=CARTESIAN_POINT('Origin',(16.002,81.788,0.));
#10606=CARTESIAN_POINT('',(16.51,8.89,0.));
#10607=CARTESIAN_POINT('Origin',(16.891,8.89,0.));
#10608=CARTESIAN_POINT('',(13.843,39.497,0.));
#10609=CARTESIAN_POINT('Origin',(14.224,39.497,0.));
#10610=CARTESIAN_POINT('',(16.51,6.35,0.));
#10611=CARTESIAN_POINT('Origin',(16.891,6.35,0.));
#10612=CARTESIAN_POINT('',(10.795,48.26,0.));
#10613=CARTESIAN_POINT('Origin',(11.176,48.26,0.));
#10614=CARTESIAN_POINT('',(1.498,3.048,0.));
#10615=CARTESIAN_POINT('Origin',(3.048,3.048,0.));
#10616=CARTESIAN_POINT('Origin',(0.,2.032,0.));
#10617=CARTESIAN_POINT('',(0.,2.032,1.598422));
#10618=CARTESIAN_POINT('',(0.,2.032,0.));
#10619=CARTESIAN_POINT('',(0.,2.032,1.598422));
#10620=CARTESIAN_POINT('Origin',(52.832542755344,81.788542755344,0.));
#10621=CARTESIAN_POINT('',(54.864,81.788,1.598422));
#10622=CARTESIAN_POINT('Origin',(52.832542755344,81.788542755344,1.598422));
#10623=CARTESIAN_POINT('',(54.864,81.788,0.));
#10624=CARTESIAN_POINT('Origin',(54.864,81.788,0.));
#10625=CARTESIAN_POINT('',(54.864,2.032,1.598422));
#10626=CARTESIAN_POINT('',(54.864,81.788,1.598422));
#10627=CARTESIAN_POINT('',(54.864,2.032,0.));
#10628=CARTESIAN_POINT('Origin',(52.832542755344,2.031457244656,0.));
#10629=CARTESIAN_POINT('',(52.832,6.661338147751E-16,1.598422));
#10630=CARTESIAN_POINT('Origin',(52.832542755344,2.031457244656,1.598422));
#10631=CARTESIAN_POINT('',(52.832,6.661338147751E-16,0.));
#10632=CARTESIAN_POINT('Origin',(52.832,0.,0.));
#10633=CARTESIAN_POINT('',(2.032,0.,1.598422));
#10634=CARTESIAN_POINT('',(52.832,0.,1.598422));
#10635=CARTESIAN_POINT('',(2.032,0.,0.));
#10636=CARTESIAN_POINT('Origin',(2.031457244656,2.031457244656,0.));
#10637=CARTESIAN_POINT('Origin',(2.031457244656,2.031457244656,1.598422));
#10638=CARTESIAN_POINT('Origin',(3.048,3.048,0.));
#10639=CARTESIAN_POINT('',(1.498,3.048,1.598422));
#10640=CARTESIAN_POINT('Origin',(3.048,3.048,1.598422));
#10641=CARTESIAN_POINT('',(1.498,3.048,0.));
#10642=CARTESIAN_POINT('Origin',(11.176,48.26,0.));
#10643=CARTESIAN_POINT('',(10.795,48.26,1.598422));
#10644=CARTESIAN_POINT('Origin',(11.176,48.26,1.598422));
#10645=CARTESIAN_POINT('',(10.795,48.26,0.));
#10646=CARTESIAN_POINT('Origin',(16.891,6.35,0.));
#10647=CARTESIAN_POINT('',(16.51,6.35,1.598422));
#10648=CARTESIAN_POINT('Origin',(16.891,6.35,1.598422));
#10649=CARTESIAN_POINT('',(16.51,6.35,0.));
#10650=CARTESIAN_POINT('Origin',(14.224,39.497,0.));
#10651=CARTESIAN_POINT('',(13.843,39.497,1.598422));
#10652=CARTESIAN_POINT('Origin',(14.224,39.497,1.598422));
#10653=CARTESIAN_POINT('',(13.843,39.497,0.));
#10654=CARTESIAN_POINT('Origin',(16.891,8.89,0.));
#10655=CARTESIAN_POINT('',(16.51,8.89,1.598422));
#10656=CARTESIAN_POINT('Origin',(16.891,8.89,1.598422));
#10657=CARTESIAN_POINT('',(16.51,8.89,0.));
#10658=CARTESIAN_POINT('Origin',(16.002,81.788,0.));
#10659=CARTESIAN_POINT('',(15.494,81.788,1.598422));
#10660=CARTESIAN_POINT('Origin',(16.002,81.788,1.598422));
#10661=CARTESIAN_POINT('',(15.494,81.788,0.));
#10662=CARTESIAN_POINT('Origin',(10.922,81.788,0.));
#10663=CARTESIAN_POINT('',(10.414,81.788,1.598422));
#10664=CARTESIAN_POINT('Origin',(10.922,81.788,1.598422));
#10665=CARTESIAN_POINT('',(10.414,81.788,0.));
#10666=CARTESIAN_POINT('Origin',(13.462,81.788,0.));
#10667=CARTESIAN_POINT('',(12.954,81.788,1.598422));
#10668=CARTESIAN_POINT('Origin',(13.462,81.788,1.598422));
#10669=CARTESIAN_POINT('',(12.954,81.788,0.));
#10670=CARTESIAN_POINT('Origin',(23.622,81.788,0.));
#10671=CARTESIAN_POINT('',(23.114,81.788,1.598422));
#10672=CARTESIAN_POINT('Origin',(23.622,81.788,1.598422));
#10673=CARTESIAN_POINT('',(23.114,81.788,0.));
#10674=CARTESIAN_POINT('Origin',(18.542,81.788,0.));
#10675=CARTESIAN_POINT('',(18.034,81.788,1.598422));
#10676=CARTESIAN_POINT('Origin',(18.542,81.788,1.598422));
#10677=CARTESIAN_POINT('',(18.034,81.788,0.));
#10678=CARTESIAN_POINT('Origin',(21.082,81.788,0.));
#10679=CARTESIAN_POINT('',(20.574,81.788,1.598422));
#10680=CARTESIAN_POINT('Origin',(21.082,81.788,1.598422));
#10681=CARTESIAN_POINT('',(20.574,81.788,0.));
#10682=CARTESIAN_POINT('Origin',(24.542,6.301,0.));
#10683=CARTESIAN_POINT('',(24.242,6.301,1.598422));
#10684=CARTESIAN_POINT('Origin',(24.542,6.301,1.598422));
#10685=CARTESIAN_POINT('',(24.242,6.301,0.));
#10686=CARTESIAN_POINT('Origin',(26.162,81.788,0.));
#10687=CARTESIAN_POINT('',(25.654,81.788,1.598422));
#10688=CARTESIAN_POINT('Origin',(26.162,81.788,1.598422));
#10689=CARTESIAN_POINT('',(25.654,81.788,0.));
#10690=CARTESIAN_POINT('Origin',(51.816,3.048,0.));
#10691=CARTESIAN_POINT('',(50.266,3.048,1.598422));
#10692=CARTESIAN_POINT('Origin',(51.816,3.048,1.598422));
#10693=CARTESIAN_POINT('',(50.266,3.048,0.));
#10694=CARTESIAN_POINT('Origin',(30.322,6.301,0.));
#10695=CARTESIAN_POINT('',(30.022,6.301,1.598422));
#10696=CARTESIAN_POINT('Origin',(30.322,6.301,1.598422));
#10697=CARTESIAN_POINT('',(30.022,6.301,0.));
#10698=CARTESIAN_POINT('Origin',(31.242,81.788,0.));
#10699=CARTESIAN_POINT('',(30.734,81.788,1.598422));
#10700=CARTESIAN_POINT('Origin',(31.242,81.788,1.598422));
#10701=CARTESIAN_POINT('',(30.734,81.788,0.));
#10702=CARTESIAN_POINT('Origin',(36.322,81.788,0.));
#10703=CARTESIAN_POINT('',(35.814,81.788,1.598422));
#10704=CARTESIAN_POINT('Origin',(36.322,81.788,1.598422));
#10705=CARTESIAN_POINT('',(35.814,81.788,0.));
#10706=CARTESIAN_POINT('Origin',(28.702,81.788,0.));
#10707=CARTESIAN_POINT('',(28.194,81.788,1.598422));
#10708=CARTESIAN_POINT('Origin',(28.702,81.788,1.598422));
#10709=CARTESIAN_POINT('',(28.194,81.788,0.));
#10710=CARTESIAN_POINT('Origin',(33.782,81.788,0.));
#10711=CARTESIAN_POINT('',(33.274,81.788,1.598422));
#10712=CARTESIAN_POINT('Origin',(33.782,81.788,1.598422));
#10713=CARTESIAN_POINT('',(33.274,81.788,0.));
#10714=CARTESIAN_POINT('Origin',(43.942,81.788,0.));
#10715=CARTESIAN_POINT('',(43.434,81.788,1.598422));
#10716=CARTESIAN_POINT('Origin',(43.942,81.788,1.598422));
#10717=CARTESIAN_POINT('',(43.434,81.788,0.));
#10718=CARTESIAN_POINT('Origin',(38.862,81.788,0.));
#10719=CARTESIAN_POINT('',(38.354,81.788,1.598422));
#10720=CARTESIAN_POINT('Origin',(38.862,81.788,1.598422));
#10721=CARTESIAN_POINT('',(38.354,81.788,0.));
#10722=CARTESIAN_POINT('Origin',(41.402,81.788,0.));
#10723=CARTESIAN_POINT('',(40.894,81.788,1.598422));
#10724=CARTESIAN_POINT('Origin',(41.402,81.788,1.598422));
#10725=CARTESIAN_POINT('',(40.894,81.788,0.));
#10726=CARTESIAN_POINT('Origin',(27.432,41.91,1.598422));
#10727=CARTESIAN_POINT('',(0.,0.,-1.598422));
#10728=CARTESIAN_POINT('',(0.,0.,0.));
#10729=CARTESIAN_POINT('',(0.,0.,0.));
#10730=CARTESIAN_POINT('Ctrl Pts',(5.149809680393,6.698281283362,1.5));
#10731=CARTESIAN_POINT('Ctrl Pts',(5.149809680393,6.348281283362,1.5));
#10732=CARTESIAN_POINT('Ctrl Pts',(4.799809680393,6.348281283362,1.5));
#10733=CARTESIAN_POINT('Ctrl Pts',(4.449809680393,6.348281283362,1.5));
#10734=CARTESIAN_POINT('Ctrl Pts',(4.449809680393,6.698281283362,1.5));
#10735=CARTESIAN_POINT('Ctrl Pts',(4.449809680393,7.048281283362,1.5));
#10736=CARTESIAN_POINT('Ctrl Pts',(4.799809680393,7.048281283362,1.5));
#10737=CARTESIAN_POINT('Ctrl Pts',(5.149809680393,7.048281283362,1.5));
#10738=CARTESIAN_POINT('Ctrl Pts',(5.149809680393,6.698281283362,1.5));
#10739=CARTESIAN_POINT('Ctrl Pts',(5.149809680393,6.698281283362,1.57853981634));
#10740=CARTESIAN_POINT('Ctrl Pts',(5.149809680393,6.348281283362,1.57853981634));
#10741=CARTESIAN_POINT('Ctrl Pts',(4.799809680393,6.348281283362,1.57853981634));
#10742=CARTESIAN_POINT('Ctrl Pts',(4.449809680393,6.348281283362,1.57853981634));
#10743=CARTESIAN_POINT('Ctrl Pts',(4.449809680393,6.698281283362,1.57853981634));
#10744=CARTESIAN_POINT('Ctrl Pts',(4.449809680393,7.048281283362,1.57853981634));
#10745=CARTESIAN_POINT('Ctrl Pts',(4.799809680393,7.048281283362,1.57853981634));
#10746=CARTESIAN_POINT('Ctrl Pts',(5.149809680393,7.048281283362,1.57853981634));
#10747=CARTESIAN_POINT('Ctrl Pts',(5.149809680393,6.698281283362,1.57853981634));
#10748=CARTESIAN_POINT('Ctrl Pts',(5.125141374587,6.698281283362,1.657072950212));
#10749=CARTESIAN_POINT('Ctrl Pts',(5.125141374587,6.372949589168,1.657072950212));
#10750=CARTESIAN_POINT('Ctrl Pts',(4.799809680393,6.372949589168,1.657072950212));
#10751=CARTESIAN_POINT('Ctrl Pts',(4.474477986199,6.372949589168,1.657072950212));
#10752=CARTESIAN_POINT('Ctrl Pts',(4.474477986199,6.698281283362,1.657072950212));
#10753=CARTESIAN_POINT('Ctrl Pts',(4.474477986199,7.023612977556,1.657072950212));
#10754=CARTESIAN_POINT('Ctrl Pts',(4.799809680393,7.023612977556,1.657072950212));
#10755=CARTESIAN_POINT('Ctrl Pts',(5.125141374587,7.023612977556,1.657072950212));
#10756=CARTESIAN_POINT('Ctrl Pts',(5.125141374587,6.698281283362,1.657072950212));
#10757=CARTESIAN_POINT('Ctrl Pts',(5.075766725285,6.698281283362,1.725957044892));
#10758=CARTESIAN_POINT('Ctrl Pts',(5.075766725285,6.42232423847,1.725957044892));
#10759=CARTESIAN_POINT('Ctrl Pts',(4.799809680393,6.42232423847,1.725957044892));
#10760=CARTESIAN_POINT('Ctrl Pts',(4.523852635501,6.42232423847,1.725957044892));
#10761=CARTESIAN_POINT('Ctrl Pts',(4.523852635501,6.698281283362,1.725957044892));
#10762=CARTESIAN_POINT('Ctrl Pts',(4.523852635501,6.974238328254,1.725957044892));
#10763=CARTESIAN_POINT('Ctrl Pts',(4.799809680393,6.974238328254,1.725957044892));
#10764=CARTESIAN_POINT('Ctrl Pts',(5.075766725285,6.974238328254,1.725957044892));
#10765=CARTESIAN_POINT('Ctrl Pts',(5.075766725285,6.698281283362,1.725957044892));
#10766=CARTESIAN_POINT('Ctrl Pts',(5.006882630604,6.698281283362,1.775331694194));
#10767=CARTESIAN_POINT('Ctrl Pts',(5.006882630604,6.491208333151,1.775331694194));
#10768=CARTESIAN_POINT('Ctrl Pts',(4.799809680393,6.491208333151,1.775331694194));
#10769=CARTESIAN_POINT('Ctrl Pts',(4.592736730182,6.491208333151,1.775331694194));
#10770=CARTESIAN_POINT('Ctrl Pts',(4.592736730182,6.698281283362,1.775331694194));
#10771=CARTESIAN_POINT('Ctrl Pts',(4.592736730182,6.905354233573,1.775331694194));
#10772=CARTESIAN_POINT('Ctrl Pts',(4.799809680393,6.905354233573,1.775331694194));
#10773=CARTESIAN_POINT('Ctrl Pts',(5.006882630604,6.905354233573,1.775331694194));
#10774=CARTESIAN_POINT('Ctrl Pts',(5.006882630604,6.698281283362,1.775331694194));
#10775=CARTESIAN_POINT('Ctrl Pts',(4.928349496733,6.698281283362,1.8));
#10776=CARTESIAN_POINT('Ctrl Pts',(4.928349496733,6.569741467022,1.8));
#10777=CARTESIAN_POINT('Ctrl Pts',(4.799809680393,6.569741467022,1.8));
#10778=CARTESIAN_POINT('Ctrl Pts',(4.671269864053,6.569741467022,1.8));
#10779=CARTESIAN_POINT('Ctrl Pts',(4.671269864053,6.698281283362,1.8));
#10780=CARTESIAN_POINT('Ctrl Pts',(4.671269864053,6.826821099702,1.8));
#10781=CARTESIAN_POINT('Ctrl Pts',(4.799809680393,6.826821099702,1.8));
#10782=CARTESIAN_POINT('Ctrl Pts',(4.928349496733,6.826821099702,1.8));
#10783=CARTESIAN_POINT('Ctrl Pts',(4.928349496733,6.698281283362,1.8));
#10784=CARTESIAN_POINT('Ctrl Pts',(4.849809680393,6.698281283362,1.8));
#10785=CARTESIAN_POINT('Ctrl Pts',(4.849809680393,6.648281283362,1.8));
#10786=CARTESIAN_POINT('Ctrl Pts',(4.799809680393,6.648281283362,1.8));
#10787=CARTESIAN_POINT('Ctrl Pts',(4.749809680393,6.648281283362,1.8));
#10788=CARTESIAN_POINT('Ctrl Pts',(4.749809680393,6.698281283362,1.8));
#10789=CARTESIAN_POINT('Ctrl Pts',(4.749809680393,6.748281283362,1.8));
#10790=CARTESIAN_POINT('Ctrl Pts',(4.799809680393,6.748281283362,1.8));
#10791=CARTESIAN_POINT('Ctrl Pts',(4.849809680393,6.748281283362,1.8));
#10792=CARTESIAN_POINT('Ctrl Pts',(4.849809680393,6.698281283362,1.8));
#10793=CARTESIAN_POINT('',(4.449809680393,6.698281283362,1.5));
#10794=CARTESIAN_POINT('',(5.149809680393,6.698281283362,1.5));
#10795=CARTESIAN_POINT('Origin',(4.799809680393,6.698281283362,1.5));
#10796=CARTESIAN_POINT('',(4.749809680393,6.698281283362,1.8));
#10797=CARTESIAN_POINT('Origin',(4.749809680393,6.698281283362,1.5));
#10798=CARTESIAN_POINT('',(4.849809680393,6.698281283362,1.8));
#10799=CARTESIAN_POINT('Origin',(4.799809680393,6.698281283362,1.8));
#10800=CARTESIAN_POINT('Origin',(4.849809680393,6.698281283362,1.5));
#10801=CARTESIAN_POINT('Origin',(4.799809680393,6.698281283362,1.8));
#10802=CARTESIAN_POINT('',(5.149809680393,6.698281283362,1.));
#10803=CARTESIAN_POINT('Origin',(4.799809680393,6.698281283362,1.));
#10804=CARTESIAN_POINT('',(5.149809680393,6.698281283362,1.8));
#10805=CARTESIAN_POINT('Origin',(4.799809680393,6.698281283362,1.5));
#10806=CARTESIAN_POINT('Origin',(4.799809680393,6.698281283362,1.8));
#10807=CARTESIAN_POINT('',(5.699809680393,6.698281283362,1.));
#10808=CARTESIAN_POINT('Origin',(4.799809680393,6.698281283362,1.));
#10809=CARTESIAN_POINT('',(5.699809680393,6.698281283362,1.8));
#10810=CARTESIAN_POINT('',(5.699809680393,6.698281283362,1.8));
#10811=CARTESIAN_POINT('Origin',(4.799809680393,6.698281283362,1.8));
#10812=CARTESIAN_POINT('Origin',(4.799809680393,6.698281283362,1.8));
#10813=CARTESIAN_POINT('',(5.649809680393,6.698281283362,1.8));
#10814=CARTESIAN_POINT('Origin',(4.799809680393,6.698281283362,1.8));
#10815=CARTESIAN_POINT('',(5.649809680393,6.698281283362,1.));
#10816=CARTESIAN_POINT('',(5.649809680393,6.698281283362,1.8));
#10817=CARTESIAN_POINT('Origin',(4.799809680393,6.698281283362,1.));
#10818=CARTESIAN_POINT('Origin',(-7.2,3.95,0.));
#10819=CARTESIAN_POINT('',(-7.2,4.4,0.));
#10820=CARTESIAN_POINT('',(-7.2,4.4,0.8));
#10821=CARTESIAN_POINT('',(-7.2,4.4,0.));
#10822=CARTESIAN_POINT('',(-7.2,3.5,0.));
#10823=CARTESIAN_POINT('Origin',(-7.2,3.95,0.));
#10824=CARTESIAN_POINT('',(-7.2,3.5,0.8));
#10825=CARTESIAN_POINT('',(-7.2,3.5,0.));
#10826=CARTESIAN_POINT('Origin',(-7.2,3.95,0.8));
#10827=CARTESIAN_POINT('Origin',(0.,0.,0.8));
#10828=CARTESIAN_POINT('',(7.2,-8.95,0.8));
#10829=CARTESIAN_POINT('',(7.2,3.35,0.8));
#10830=CARTESIAN_POINT('',(7.2,-8.95,0.8));
#10831=CARTESIAN_POINT('',(7.2,4.55,0.8));
#10832=CARTESIAN_POINT('Origin',(7.2,3.95,0.8));
#10833=CARTESIAN_POINT('',(7.2,8.95,0.8));
#10834=CARTESIAN_POINT('',(7.2,-8.95,0.8));
#10835=CARTESIAN_POINT('',(-7.2,8.95,0.8));
#10836=CARTESIAN_POINT('',(7.2,8.95,0.8));
#10837=CARTESIAN_POINT('',(-7.2,4.55,0.8));
#10838=CARTESIAN_POINT('',(-7.2,-8.95,0.8));
#10839=CARTESIAN_POINT('',(-7.2,3.35,0.8));
#10840=CARTESIAN_POINT('Origin',(-7.2,3.95,0.8));
#10841=CARTESIAN_POINT('',(-7.2,-8.95,0.8));
#10842=CARTESIAN_POINT('',(-7.2,-8.95,0.8));
#10843=CARTESIAN_POINT('',(-4.95,-8.95,0.8));
#10844=CARTESIAN_POINT('',(7.2,-8.95,0.8));
#10845=CARTESIAN_POINT('',(-4.95,-8.15,0.8));
#10846=CARTESIAN_POINT('',(-4.95,-5.366800753803E-15,0.8));
#10847=CARTESIAN_POINT('',(-3.95,-8.15,0.8));
#10848=CARTESIAN_POINT('',(0.,-8.15,0.8));
#10849=CARTESIAN_POINT('',(-3.95,-8.95,0.8));
#10850=CARTESIAN_POINT('',(-3.95,4.282598581318E-15,0.8));
#10851=CARTESIAN_POINT('',(-3.68,-8.95,0.8));
#10852=CARTESIAN_POINT('',(7.2,-8.95,0.8));
#10853=CARTESIAN_POINT('',(-3.68,-8.15,0.8));
#10854=CARTESIAN_POINT('',(-3.68,-3.989863994747E-15,0.8));
#10855=CARTESIAN_POINT('',(-2.68,-8.15,0.8));
#10856=CARTESIAN_POINT('',(0.,-8.15,0.8));
#10857=CARTESIAN_POINT('',(-2.68,-8.95,0.8));
#10858=CARTESIAN_POINT('',(-2.68,2.905661822261E-15,0.8));
#10859=CARTESIAN_POINT('',(-2.41,-8.95,0.8));
#10860=CARTESIAN_POINT('',(7.2,-8.95,0.8));
#10861=CARTESIAN_POINT('',(-2.41,-8.15,0.8));
#10862=CARTESIAN_POINT('',(-2.41,-2.61292723569E-15,0.8));
#10863=CARTESIAN_POINT('',(-1.41,-8.15,0.8));
#10864=CARTESIAN_POINT('',(0.,-8.15,0.8));
#10865=CARTESIAN_POINT('',(-1.41,-8.95,0.8));
#10866=CARTESIAN_POINT('',(-1.41,1.528725063205E-15,0.8));
#10867=CARTESIAN_POINT('',(-1.14,-8.95,0.8));
#10868=CARTESIAN_POINT('',(7.2,-8.95,0.8));
#10869=CARTESIAN_POINT('',(-1.14,-8.15,0.8));
#10870=CARTESIAN_POINT('',(-1.14,-1.235990476633E-15,0.8));
#10871=CARTESIAN_POINT('',(-0.14,-8.15,0.8));
#10872=CARTESIAN_POINT('',(0.,-8.15,0.8));
#10873=CARTESIAN_POINT('',(-0.14,-8.95,0.8));
#10874=CARTESIAN_POINT('',(-0.14,1.51788304148E-16,0.8));
#10875=CARTESIAN_POINT('',(0.13,-8.95,0.8));
#10876=CARTESIAN_POINT('',(7.2,-8.95,0.8));
#10877=CARTESIAN_POINT('',(0.13,-8.15,0.8));
#10878=CARTESIAN_POINT('',(0.13,1.409462824231E-16,0.8));
#10879=CARTESIAN_POINT('',(1.13,-8.15,0.8));
#10880=CARTESIAN_POINT('',(0.,-8.15,0.8));
#10881=CARTESIAN_POINT('',(1.13,-8.95,0.8));
#10882=CARTESIAN_POINT('',(1.13,-1.225148454909E-15,0.8));
#10883=CARTESIAN_POINT('',(1.4,-8.95,0.8));
#10884=CARTESIAN_POINT('',(7.2,-8.95,0.8));
#10885=CARTESIAN_POINT('',(1.4,-8.15,0.8));
#10886=CARTESIAN_POINT('',(1.4,1.51788304148E-15,0.8));
#10887=CARTESIAN_POINT('',(2.4,-8.15,0.8));
#10888=CARTESIAN_POINT('',(0.,-8.15,0.8));
#10889=CARTESIAN_POINT('',(2.4,-8.95,0.8));
#10890=CARTESIAN_POINT('',(2.4,-2.602085213965E-15,0.8));
#10891=CARTESIAN_POINT('',(2.67,-8.95,0.8));
#10892=CARTESIAN_POINT('',(7.2,-8.95,0.8));
#10893=CARTESIAN_POINT('',(2.67,-8.15,0.8));
#10894=CARTESIAN_POINT('',(2.67,2.894819800536E-15,0.8));
#10895=CARTESIAN_POINT('',(3.67,-8.15,0.8));
#10896=CARTESIAN_POINT('',(0.,-8.15,0.8));
#10897=CARTESIAN_POINT('',(3.67,-8.95,0.8));
#10898=CARTESIAN_POINT('',(3.67,-3.979021973022E-15,0.8));
#10899=CARTESIAN_POINT('',(3.94,-8.95,0.8));
#10900=CARTESIAN_POINT('',(7.2,-8.95,0.8));
#10901=CARTESIAN_POINT('',(3.94,-8.15,0.8));
#10902=CARTESIAN_POINT('',(3.94,4.271756559593E-15,0.8));
#10903=CARTESIAN_POINT('',(4.94,-8.15,0.8));
#10904=CARTESIAN_POINT('',(0.,-8.15,0.8));
#10905=CARTESIAN_POINT('',(4.94,-8.95,0.8));
#10906=CARTESIAN_POINT('',(4.94,-5.355958732078E-15,0.8));
#10907=CARTESIAN_POINT('',(7.2,-8.95,0.8));
#10908=CARTESIAN_POINT('',(2.2,4.75,0.8));
#10909=CARTESIAN_POINT('',(2.2,8.15,0.8));
#10910=CARTESIAN_POINT('',(2.2,8.45,0.8));
#10911=CARTESIAN_POINT('',(2.5,4.45,0.8));
#10912=CARTESIAN_POINT('Origin',(2.5,4.75,0.8));
#10913=CARTESIAN_POINT('',(5.9,4.45,0.8));
#10914=CARTESIAN_POINT('',(2.2,4.45,0.8));
#10915=CARTESIAN_POINT('',(6.2,4.15,0.8));
#10916=CARTESIAN_POINT('Origin',(5.9,4.15,0.8));
#10917=CARTESIAN_POINT('',(6.2,-7.65,0.8));
#10918=CARTESIAN_POINT('',(6.2,-7.95,0.8));
#10919=CARTESIAN_POINT('',(5.9,-7.95,0.8));
#10920=CARTESIAN_POINT('Origin',(5.9,-7.65,0.8));
#10921=CARTESIAN_POINT('',(-5.9,-7.95,0.8));
#10922=CARTESIAN_POINT('',(-6.2,-7.95,0.8));
#10923=CARTESIAN_POINT('',(-6.2,-7.65,0.8));
#10924=CARTESIAN_POINT('Origin',(-5.9,-7.65,0.8));
#10925=CARTESIAN_POINT('',(-6.2,8.15,0.8));
#10926=CARTESIAN_POINT('',(-6.2,-7.95,0.8));
#10927=CARTESIAN_POINT('',(-5.9,8.45,0.8));
#10928=CARTESIAN_POINT('Origin',(-5.9,8.15,0.8));
#10929=CARTESIAN_POINT('',(1.9,8.45,0.8));
#10930=CARTESIAN_POINT('',(-6.2,8.45,0.8));
#10931=CARTESIAN_POINT('Origin',(1.9,8.15,0.8));
#10932=CARTESIAN_POINT('',(3.799809680393,5.698281283362,0.8));
#10933=CARTESIAN_POINT('',(5.799809680393,5.698281283362,0.8));
#10934=CARTESIAN_POINT('',(3.799809680393,5.698281283362,0.8));
#10935=CARTESIAN_POINT('',(3.799809680393,7.698281283362,0.8));
#10936=CARTESIAN_POINT('',(3.799809680393,7.698281283362,0.8));
#10937=CARTESIAN_POINT('',(5.799809680393,7.698281283362,0.8));
#10938=CARTESIAN_POINT('',(3.799809680393,7.698281283362,0.8));
#10939=CARTESIAN_POINT('',(5.799809680393,7.698281283362,0.8));
#10940=CARTESIAN_POINT('Origin',(0.,0.,0.));
#10941=CARTESIAN_POINT('',(-1.518941463427,0.149705873502,0.));
#10942=CARTESIAN_POINT('',(-1.369741768305,-0.267977053327,0.));
#10943=CARTESIAN_POINT('',(-1.518941463427,0.149705873502,0.));
#10944=CARTESIAN_POINT('',(-1.704154878061,-0.267977053327,0.));
#10945=CARTESIAN_POINT('',(-1.369741768305,-0.267977053327,0.));
#10946=CARTESIAN_POINT('',(-1.553621341475,0.149705873502,0.));
#10947=CARTESIAN_POINT('',(-1.704154878061,-0.267977053327,0.));
#10948=CARTESIAN_POINT('',(-1.538186890256,0.219827824722,0.));
#10949=CARTESIAN_POINT('Ctrl Pts',(-1.553621341475,0.149705873502,0.));
#10950=CARTESIAN_POINT('Ctrl Pts',(-1.552373436352,0.153695707955,0.));
#10951=CARTESIAN_POINT('Ctrl Pts',(-1.549524869449,0.162803219542,0.));
#10952=CARTESIAN_POINT('Ctrl Pts',(-1.54579206148,0.178522279116,0.));
#10953=CARTESIAN_POINT('Ctrl Pts',(-1.542132277533,0.197955931095,0.));
#10954=CARTESIAN_POINT('Ctrl Pts',(-1.539573586258,0.212140450751,0.));
#10955=CARTESIAN_POINT('Ctrl Pts',(-1.538186890256,0.219827824722,0.));
#10956=CARTESIAN_POINT('',(-1.534947560988,0.219827824722,0.));
#10957=CARTESIAN_POINT('',(-1.538186890256,0.219827824722,0.));
#10958=CARTESIAN_POINT('Ctrl Pts',(-1.534947560988,0.219827824722,0.));
#10959=CARTESIAN_POINT('Ctrl Pts',(-1.533781478515,0.212706932434,0.));
#10960=CARTESIAN_POINT('Ctrl Pts',(-1.531578651789,0.199254974948,0.));
#10961=CARTESIAN_POINT('Ctrl Pts',(-1.527860163581,0.18040599749,0.));
#10962=CARTESIAN_POINT('Ctrl Pts',(-1.523720022992,0.164116186267,0.));
#10963=CARTESIAN_POINT('Ctrl Pts',(-1.520452887357,0.154263751509,0.));
#10964=CARTESIAN_POINT('Ctrl Pts',(-1.518941463427,0.149705873502,0.));
#10965=CARTESIAN_POINT('Origin',(0.,0.,0.));
#10966=CARTESIAN_POINT('',(-4.95,-8.95,0.));
#10967=CARTESIAN_POINT('',(-4.95,-7.75,0.));
#10968=CARTESIAN_POINT('',(-4.95,0.,0.));
#10969=CARTESIAN_POINT('',(-7.2,-8.95,0.));
#10970=CARTESIAN_POINT('',(7.2,-8.95,0.));
#10971=CARTESIAN_POINT('',(-7.2,3.35,0.));
#10972=CARTESIAN_POINT('',(-7.2,-8.95,0.));
#10973=CARTESIAN_POINT('',(-7.2,4.55,0.));
#10974=CARTESIAN_POINT('Origin',(-7.2,3.95,0.));
#10975=CARTESIAN_POINT('',(-7.2,8.95,0.));
#10976=CARTESIAN_POINT('',(-7.2,-8.95,0.));
#10977=CARTESIAN_POINT('',(7.2,8.95,0.));
#10978=CARTESIAN_POINT('',(7.2,8.95,0.));
#10979=CARTESIAN_POINT('',(7.2,4.55,0.));
#10980=CARTESIAN_POINT('',(7.2,-8.95,0.));
#10981=CARTESIAN_POINT('',(7.2,3.35,0.));
#10982=CARTESIAN_POINT('Origin',(7.2,3.95,0.));
#10983=CARTESIAN_POINT('',(7.2,-8.95,0.));
#10984=CARTESIAN_POINT('',(7.2,-8.95,0.));
#10985=CARTESIAN_POINT('',(4.94,-8.95,0.));
#10986=CARTESIAN_POINT('',(7.2,-8.95,0.));
#10987=CARTESIAN_POINT('',(4.94,-7.75,0.));
#10988=CARTESIAN_POINT('',(4.94,0.,0.));
#10989=CARTESIAN_POINT('',(3.94,-7.75,0.));
#10990=CARTESIAN_POINT('',(0.,-7.75,0.));
#10991=CARTESIAN_POINT('',(3.94,-8.95,0.));
#10992=CARTESIAN_POINT('',(3.94,0.,0.));
#10993=CARTESIAN_POINT('',(3.67,-8.95,0.));
#10994=CARTESIAN_POINT('',(7.2,-8.95,0.));
#10995=CARTESIAN_POINT('',(3.67,-7.75,0.));
#10996=CARTESIAN_POINT('',(3.67,0.,0.));
#10997=CARTESIAN_POINT('',(2.67,-7.75,0.));
#10998=CARTESIAN_POINT('',(0.,-7.75,0.));
#10999=CARTESIAN_POINT('',(2.67,-8.95,0.));
#11000=CARTESIAN_POINT('',(2.67,0.,0.));
#11001=CARTESIAN_POINT('',(2.4,-8.95,0.));
#11002=CARTESIAN_POINT('',(7.2,-8.95,0.));
#11003=CARTESIAN_POINT('',(2.4,-7.75,0.));
#11004=CARTESIAN_POINT('',(2.4,0.,0.));
#11005=CARTESIAN_POINT('',(1.4,-7.75,0.));
#11006=CARTESIAN_POINT('',(0.,-7.75,0.));
#11007=CARTESIAN_POINT('',(1.4,-8.95,0.));
#11008=CARTESIAN_POINT('',(1.4,0.,0.));
#11009=CARTESIAN_POINT('',(1.13,-8.95,0.));
#11010=CARTESIAN_POINT('',(7.2,-8.95,0.));
#11011=CARTESIAN_POINT('',(1.13,-7.75,0.));
#11012=CARTESIAN_POINT('',(1.13,0.,0.));
#11013=CARTESIAN_POINT('',(0.13,-7.75,0.));
#11014=CARTESIAN_POINT('',(0.,-7.75,0.));
#11015=CARTESIAN_POINT('',(0.13,-8.95,0.));
#11016=CARTESIAN_POINT('',(0.13,0.,0.));
#11017=CARTESIAN_POINT('',(-0.14,-8.95,0.));
#11018=CARTESIAN_POINT('',(7.2,-8.95,0.));
#11019=CARTESIAN_POINT('',(-0.14,-7.75,0.));
#11020=CARTESIAN_POINT('',(-0.14,0.,0.));
#11021=CARTESIAN_POINT('',(-1.14,-7.75,0.));
#11022=CARTESIAN_POINT('',(0.,-7.75,0.));
#11023=CARTESIAN_POINT('',(-1.14,-8.95,0.));
#11024=CARTESIAN_POINT('',(-1.14,0.,0.));
#11025=CARTESIAN_POINT('',(-1.41,-8.95,0.));
#11026=CARTESIAN_POINT('',(7.2,-8.95,0.));
#11027=CARTESIAN_POINT('',(-1.41,-7.75,0.));
#11028=CARTESIAN_POINT('',(-1.41,0.,0.));
#11029=CARTESIAN_POINT('',(-2.41,-7.75,0.));
#11030=CARTESIAN_POINT('',(0.,-7.75,0.));
#11031=CARTESIAN_POINT('',(-2.41,-8.95,0.));
#11032=CARTESIAN_POINT('',(-2.41,0.,0.));
#11033=CARTESIAN_POINT('',(-2.68,-8.95,0.));
#11034=CARTESIAN_POINT('',(7.2,-8.95,0.));
#11035=CARTESIAN_POINT('',(-2.68,-7.75,0.));
#11036=CARTESIAN_POINT('',(-2.68,0.,0.));
#11037=CARTESIAN_POINT('',(-3.68,-7.75,0.));
#11038=CARTESIAN_POINT('',(0.,-7.75,0.));
#11039=CARTESIAN_POINT('',(-3.68,-8.95,0.));
#11040=CARTESIAN_POINT('',(-3.68,0.,0.));
#11041=CARTESIAN_POINT('',(-3.95,-8.95,0.));
#11042=CARTESIAN_POINT('',(7.2,-8.95,0.));
#11043=CARTESIAN_POINT('',(-3.95,-7.75,0.));
#11044=CARTESIAN_POINT('',(-3.95,0.,0.));
#11045=CARTESIAN_POINT('',(0.,-7.75,0.));
#11046=CARTESIAN_POINT('',(1.917986890232,-0.548464858205,0.));
#11047=CARTESIAN_POINT('',(1.539938109744,-0.548464858205,0.));
#11048=CARTESIAN_POINT('',(1.917986890232,-0.548464858205,0.));
#11049=CARTESIAN_POINT('',(1.539938109744,-0.658220955766,0.));
#11050=CARTESIAN_POINT('',(1.539938109744,-0.548464858205,0.));
#11051=CARTESIAN_POINT('',(2.052133231695,-0.658220955766,0.));
#11052=CARTESIAN_POINT('',(1.539938109744,-0.658220955766,0.));
#11053=CARTESIAN_POINT('',(2.052133231695,0.341779044234,0.));
#11054=CARTESIAN_POINT('',(2.052133231695,-0.658220955766,0.));
#11055=CARTESIAN_POINT('',(1.917986890232,0.341779044234,0.));
#11056=CARTESIAN_POINT('',(2.052133231695,0.341779044234,0.));
#11057=CARTESIAN_POINT('',(1.917986890232,0.341779044234,0.));
#11058=CARTESIAN_POINT('',(0.967339024378,-0.560659980156,0.));
#11059=CARTESIAN_POINT('',(0.710669817061,-0.496635589912,0.));
#11060=CARTESIAN_POINT('Ctrl Pts',(0.967339024378,-0.560659980156,0.));
#11061=CARTESIAN_POINT('Ctrl Pts',(0.955263603812,-0.560501439609,0.));
#11062=CARTESIAN_POINT('Ctrl Pts',(0.931454025318,-0.560188839017,0.));
#11063=CARTESIAN_POINT('Ctrl Pts',(0.896342143477,-0.556980864069,0.));
#11064=CARTESIAN_POINT('Ctrl Pts',(0.862331914696,-0.552152644754,0.));
#11065=CARTESIAN_POINT('Ctrl Pts',(0.829571163842,-0.545045930032,0.));
#11066=CARTESIAN_POINT('Ctrl Pts',(0.797947569864,-0.536149927182,0.));
#11067=CARTESIAN_POINT('Ctrl Pts',(0.76764041688,-0.524975866074,0.));
#11068=CARTESIAN_POINT('Ctrl Pts',(0.738325858425,-0.512212777688,0.));
#11069=CARTESIAN_POINT('Ctrl Pts',(0.71986214719,-0.50181314409,0.));
#11070=CARTESIAN_POINT('Ctrl Pts',(0.710669817061,-0.496635589912,0.));
#11071=CARTESIAN_POINT('',(0.710669817061,-0.606391687473,0.));
#11072=CARTESIAN_POINT('',(0.710669817061,-0.496635589912,0.));
#11073=CARTESIAN_POINT('',(0.985822256085,-0.670416077717,0.));
#11074=CARTESIAN_POINT('Ctrl Pts',(0.710669817061,-0.606391687473,0.));
#11075=CARTESIAN_POINT('Ctrl Pts',(0.720053207836,-0.611570937143,0.));
#11076=CARTESIAN_POINT('Ctrl Pts',(0.738956081409,-0.622004553738,0.));
#11077=CARTESIAN_POINT('Ctrl Pts',(0.769185745893,-0.634878643851,0.));
#11078=CARTESIAN_POINT('Ctrl Pts',(0.800994678816,-0.645983152461,0.));
#11079=CARTESIAN_POINT('Ctrl Pts',(0.834661291295,-0.654838002022,0.));
#11080=CARTESIAN_POINT('Ctrl Pts',(0.869961777608,-0.661954417771,0.));
#11081=CARTESIAN_POINT('Ctrl Pts',(0.907083186844,-0.666774621158,0.));
#11082=CARTESIAN_POINT('Ctrl Pts',(0.945878455775,-0.66994760417,0.));
#11083=CARTESIAN_POINT('Ctrl Pts',(0.972350262452,-0.670258073907,0.));
#11084=CARTESIAN_POINT('Ctrl Pts',(0.985822256085,-0.670416077717,0.));
#11085=CARTESIAN_POINT('',(1.454572256085,-0.177085285034,0.));
#11086=CARTESIAN_POINT('Ctrl Pts',(0.985822256085,-0.670416077717,0.));
#11087=CARTESIAN_POINT('Ctrl Pts',(1.003181317637,-0.670028920632,0.));
#11088=CARTESIAN_POINT('Ctrl Pts',(1.037128912302,-0.669271791467,0.));
#11089=CARTESIAN_POINT('Ctrl Pts',(1.086721374167,-0.662903239208,0.));
#11090=CARTESIAN_POINT('Ctrl Pts',(1.133637650948,-0.652270724311,0.));
#11091=CARTESIAN_POINT('Ctrl Pts',(1.177861447185,-0.637331649999,0.));
#11092=CARTESIAN_POINT('Ctrl Pts',(1.219547478444,-0.6184545723,0.));
#11093=CARTESIAN_POINT('Ctrl Pts',(1.258479806925,-0.595120641905,0.));
#11094=CARTESIAN_POINT('Ctrl Pts',(1.294400795597,-0.567146096525,0.));
#11095=CARTESIAN_POINT('Ctrl Pts',(1.327785773588,-0.535658605492,0.));
#11096=CARTESIAN_POINT('Ctrl Pts',(1.357574125223,-0.500428498431,0.));
#11097=CARTESIAN_POINT('Ctrl Pts',(1.383648205546,-0.462321813613,0.));
#11098=CARTESIAN_POINT('Ctrl Pts',(1.405706754123,-0.421457075986,0.));
#11099=CARTESIAN_POINT('Ctrl Pts',(1.423605775623,-0.377811851299,0.));
#11100=CARTESIAN_POINT('Ctrl Pts',(1.437554409042,-0.331474735706,0.));
#11101=CARTESIAN_POINT('Ctrl Pts',(1.447308945867,-0.282404019274,0.));
#11102=CARTESIAN_POINT('Ctrl Pts',(1.453648083167,-0.230668547388,0.));
#11103=CARTESIAN_POINT('Ctrl Pts',(1.454259707594,-0.195206750731,0.));
#11104=CARTESIAN_POINT('Ctrl Pts',(1.454572256085,-0.177085285034,0.));
#11105=CARTESIAN_POINT('',(0.945997560964,0.353974166185,0.));
#11106=CARTESIAN_POINT('Ctrl Pts',(1.454572256085,-0.177085285034,0.));
#11107=CARTESIAN_POINT('Ctrl Pts',(1.45413673263,-0.157629773924,0.));
#11108=CARTESIAN_POINT('Ctrl Pts',(1.45328437033,-0.119553422356,0.));
#11109=CARTESIAN_POINT('Ctrl Pts',(1.446509254645,-0.06387646397868,0.));
#11110=CARTESIAN_POINT('Ctrl Pts',(1.435392396241,-0.01108246852349,0.));
#11111=CARTESIAN_POINT('Ctrl Pts',(1.419482711902,0.03874842415595,0.));
#11112=CARTESIAN_POINT('Ctrl Pts',(1.399223021683,0.0856835637397,0.));
#11113=CARTESIAN_POINT('Ctrl Pts',(1.37459610687,0.129785401634,0.));
#11114=CARTESIAN_POINT('Ctrl Pts',(1.345201805695,0.170826711421,0.));
#11115=CARTESIAN_POINT('Ctrl Pts',(1.311508231204,0.208528537441,0.));
#11116=CARTESIAN_POINT('Ctrl Pts',(1.274630276482,0.242702043942,0.));
#11117=CARTESIAN_POINT('Ctrl Pts',(1.234839119305,0.27252246675,0.));
#11118=CARTESIAN_POINT('Ctrl Pts',(1.192614739397,0.29772321564,0.));
#11119=CARTESIAN_POINT('Ctrl Pts',(1.148016903298,0.31847047205,0.));
#11120=CARTESIAN_POINT('Ctrl Pts',(1.100881661964,0.334307734915,0.));
#11121=CARTESIAN_POINT('Ctrl Pts',(1.051429548183,0.345681636402,0.));
#11122=CARTESIAN_POINT('Ctrl Pts',(0.999490250058,0.352729564793,0.));
#11123=CARTESIAN_POINT('Ctrl Pts',(0.964058737933,0.353553941172,0.));
#11124=CARTESIAN_POINT('Ctrl Pts',(0.945997560964,0.353974166185,0.));
#11125=CARTESIAN_POINT('',(0.710669817061,0.314340019844,0.));
#11126=CARTESIAN_POINT('Ctrl Pts',(0.945997560964,0.353974166185,0.));
#11127=CARTESIAN_POINT('Ctrl Pts',(0.93437070034,0.35389082175,0.));
#11128=CARTESIAN_POINT('Ctrl Pts',(0.911672037492,0.353728111685,0.));
#11129=CARTESIAN_POINT('Ctrl Pts',(0.878372792523,0.351687712419,0.));
#11130=CARTESIAN_POINT('Ctrl Pts',(0.846625515395,0.348804003701,0.));
#11131=CARTESIAN_POINT('Ctrl Pts',(0.816384264054,0.344307381965,0.));
#11132=CARTESIAN_POINT('Ctrl Pts',(0.787650594574,0.338954622573,0.));
#11133=CARTESIAN_POINT('Ctrl Pts',(0.760532147612,0.331977044048,0.));
#11134=CARTESIAN_POINT('Ctrl Pts',(0.734858451278,0.324158719763,0.));
#11135=CARTESIAN_POINT('Ctrl Pts',(0.718629940572,0.317571209475,0.));
#11136=CARTESIAN_POINT('Ctrl Pts',(0.710669817061,0.314340019844,0.));
#11137=CARTESIAN_POINT('',(0.710669817061,0.18019367838,0.));
#11138=CARTESIAN_POINT('',(0.710669817061,0.314340019844,0.));
#11139=CARTESIAN_POINT('',(0.944854268281,0.244218068624,0.));
#11140=CARTESIAN_POINT('Ctrl Pts',(0.710669817061,0.18019367838,0.));
#11141=CARTESIAN_POINT('Ctrl Pts',(0.719550202689,0.185353851372,0.));
#11142=CARTESIAN_POINT('Ctrl Pts',(0.737230206562,0.195627265421,0.));
#11143=CARTESIAN_POINT('Ctrl Pts',(0.765037638175,0.208471054847,0.));
#11144=CARTESIAN_POINT('Ctrl Pts',(0.793380881326,0.219611193022,0.));
#11145=CARTESIAN_POINT('Ctrl Pts',(0.822458352881,0.228504193851,0.));
#11146=CARTESIAN_POINT('Ctrl Pts',(0.852087047875,0.235685360273,0.));
#11147=CARTESIAN_POINT('Ctrl Pts',(0.882422333216,0.240501970985,0.));
#11148=CARTESIAN_POINT('Ctrl Pts',(0.913406734283,0.243742604574,0.));
#11149=CARTESIAN_POINT('Ctrl Pts',(0.934302138571,0.244058528028,0.));
#11150=CARTESIAN_POINT('Ctrl Pts',(0.944854268281,0.244218068624,0.));
#11151=CARTESIAN_POINT('',(1.320425914622,-0.168891687473,0.));
#11152=CARTESIAN_POINT('Ctrl Pts',(0.944854268281,0.244218068624,0.));
#11153=CARTESIAN_POINT('Ctrl Pts',(0.958403630145,0.243926732538,0.));
#11154=CARTESIAN_POINT('Ctrl Pts',(0.984976870895,0.243355359212,0.));
#11155=CARTESIAN_POINT('Ctrl Pts',(1.023798348607,0.237745529527,0.));
#11156=CARTESIAN_POINT('Ctrl Pts',(1.060825741789,0.229352590295,0.));
#11157=CARTESIAN_POINT('Ctrl Pts',(1.095910573107,0.217068873016,0.));
#11158=CARTESIAN_POINT('Ctrl Pts',(1.129013003574,0.201214842671,0.));
#11159=CARTESIAN_POINT('Ctrl Pts',(1.160104327573,0.181731035359,0.));
#11160=CARTESIAN_POINT('Ctrl Pts',(1.18937548863,0.159035182984,0.));
#11161=CARTESIAN_POINT('Ctrl Pts',(1.216379965129,0.13284414573,0.));
#11162=CARTESIAN_POINT('Ctrl Pts',(1.240988554905,0.103881041953,0.));
#11163=CARTESIAN_POINT('Ctrl Pts',(1.262111385241,0.07195433128313,0.));
#11164=CARTESIAN_POINT('Ctrl Pts',(1.280428085462,0.03792815119535,0.));
#11165=CARTESIAN_POINT('Ctrl Pts',(1.295096063386,0.001205520962116,0.));
#11166=CARTESIAN_POINT('Ctrl Pts',(1.30645556263,-0.03793180290702,0.));
#11167=CARTESIAN_POINT('Ctrl Pts',(1.314654726659,-0.07943041757308,0.));
#11168=CARTESIAN_POINT('Ctrl Pts',(1.319405209342,-0.123366860992,0.));
#11169=CARTESIAN_POINT('Ctrl Pts',(1.320079600143,-0.15344559653,0.));
#11170=CARTESIAN_POINT('Ctrl Pts',(1.320425914622,-0.168891687473,0.));
#11171=CARTESIAN_POINT('Ctrl Pts',(1.320425914622,-0.168891687473,0.));
#11172=CARTESIAN_POINT('Ctrl Pts',(1.320148094772,-0.183512893169,0.));
#11173=CARTESIAN_POINT('Ctrl Pts',(1.319605519159,-0.212067762963,0.));
#11174=CARTESIAN_POINT('Ctrl Pts',(1.314943932535,-0.253745440886,0.));
#11175=CARTESIAN_POINT('Ctrl Pts',(1.307392688292,-0.29315216273,0.));
#11176=CARTESIAN_POINT('Ctrl Pts',(1.296780346594,-0.33025319391,0.));
#11177=CARTESIAN_POINT('Ctrl Pts',(1.282942241406,-0.365014199986,0.));
#11178=CARTESIAN_POINT('Ctrl Pts',(1.26622629532,-0.39752754084,0.));
#11179=CARTESIAN_POINT('Ctrl Pts',(1.246240277567,-0.427646392474,0.));
#11180=CARTESIAN_POINT('Ctrl Pts',(1.223425377769,-0.455229751721,0.));
#11181=CARTESIAN_POINT('Ctrl Pts',(1.198094829415,-0.479965403831,0.));
#11182=CARTESIAN_POINT('Ctrl Pts',(1.170779071475,-0.501688864154,0.));
#11183=CARTESIAN_POINT('Ctrl Pts',(1.141418591338,-0.519821190985,0.));
#11184=CARTESIAN_POINT('Ctrl Pts',(1.110287170661,-0.534857091866,0.));
#11185=CARTESIAN_POINT('Ctrl Pts',(1.077244151609,-0.546481917059,0.));
#11186=CARTESIAN_POINT('Ctrl Pts',(1.042227681298,-0.554631327206,0.));
#11187=CARTESIAN_POINT('Ctrl Pts',(1.005405275212,-0.559678896514,0.));
#11188=CARTESIAN_POINT('Ctrl Pts',(0.980185699389,-0.560328882072,0.));
#11189=CARTESIAN_POINT('Ctrl Pts',(0.967339024378,-0.560659980156,0.));
#11190=CARTESIAN_POINT('',(0.381401524378,-0.548464858205,0.));
#11191=CARTESIAN_POINT('',(-0.02103750001206,-0.548464858205,0.));
#11192=CARTESIAN_POINT('',(0.381401524378,-0.548464858205,0.));
#11193=CARTESIAN_POINT('',(-0.02103750001206,-0.658220955766,0.));
#11194=CARTESIAN_POINT('',(-0.02103750001206,-0.548464858205,0.));
#11195=CARTESIAN_POINT('',(0.515547865842,-0.658220955766,0.));
#11196=CARTESIAN_POINT('',(-0.02103750001206,-0.658220955766,0.));
#11197=CARTESIAN_POINT('',(0.515547865842,0.341779044234,0.));
#11198=CARTESIAN_POINT('',(0.515547865842,-0.658220955766,0.));
#11199=CARTESIAN_POINT('',(0.003352743890376,0.341779044234,0.));
#11200=CARTESIAN_POINT('',(0.515547865842,0.341779044234,0.));
#11201=CARTESIAN_POINT('',(0.003352743890376,0.232022946673,0.));
#11202=CARTESIAN_POINT('',(0.003352743890376,0.341779044234,0.));
#11203=CARTESIAN_POINT('',(0.381401524378,0.232022946673,0.));
#11204=CARTESIAN_POINT('',(0.003352743890376,0.232022946673,0.));
#11205=CARTESIAN_POINT('',(0.381401524378,-0.09724534600981,0.));
#11206=CARTESIAN_POINT('',(0.381401524378,0.232022946673,0.));
#11207=CARTESIAN_POINT('',(0.02774298779282,-0.09724534600981,0.));
#11208=CARTESIAN_POINT('',(0.381401524378,-0.09724534600981,0.));
#11209=CARTESIAN_POINT('',(0.02774298779282,-0.207001443571,0.));
#11210=CARTESIAN_POINT('',(0.02774298779282,-0.09724534600981,0.));
#11211=CARTESIAN_POINT('',(0.381401524378,-0.207001443571,0.));
#11212=CARTESIAN_POINT('',(0.02774298779282,-0.207001443571,0.));
#11213=CARTESIAN_POINT('',(0.381401524378,-0.207001443571,0.));
#11214=CARTESIAN_POINT('',(-1.021037500012,-0.145644736254,0.));
#11215=CARTESIAN_POINT('',(-0.488072560988,-0.658220955766,0.));
#11216=CARTESIAN_POINT('Ctrl Pts',(-1.021037500012,-0.145644736254,0.));
#11217=CARTESIAN_POINT('Ctrl Pts',(-1.020633632809,-0.16453232076,0.));
#11218=CARTESIAN_POINT('Ctrl Pts',(-1.019841977212,-0.201555535052,0.));
#11219=CARTESIAN_POINT('Ctrl Pts',(-1.01260619858,-0.255587730131,0.));
#11220=CARTESIAN_POINT('Ctrl Pts',(-1.001055502497,-0.306784763073,0.));
#11221=CARTESIAN_POINT('Ctrl Pts',(-0.984841740637,-0.355117547912,0.));
#11222=CARTESIAN_POINT('Ctrl Pts',(-0.963849654527,-0.400551223261,0.));
#11223=CARTESIAN_POINT('Ctrl Pts',(-0.937822594863,-0.442919800284,0.));
#11224=CARTESIAN_POINT('Ctrl Pts',(-0.907462044424,-0.482546325382,0.));
#11225=CARTESIAN_POINT('Ctrl Pts',(-0.872559994855,-0.51888788265,0.));
#11226=CARTESIAN_POINT('Ctrl Pts',(-0.833960843287,-0.551413446799,0.));
#11227=CARTESIAN_POINT('Ctrl Pts',(-0.792686007007,-0.580340259059,0.));
#11228=CARTESIAN_POINT('Ctrl Pts',(-0.748380829747,-0.604374584721,0.));
#11229=CARTESIAN_POINT('Ctrl Pts',(-0.701423721285,-0.624011772334,0.));
#11230=CARTESIAN_POINT('Ctrl Pts',(-0.651896809711,-0.639602525397,0.));
#11231=CARTESIAN_POINT('Ctrl Pts',(-0.599585451978,-0.650217503853,0.));
#11232=CARTESIAN_POINT('Ctrl Pts',(-0.544727391443,-0.657195922462,0.));
#11233=CARTESIAN_POINT('Ctrl Pts',(-0.507213277967,-0.65787465039,0.));
#11234=CARTESIAN_POINT('Ctrl Pts',(-0.488072560988,-0.658220955766,0.));
#11235=CARTESIAN_POINT('',(-0.216159451232,-0.658220955766,0.));
#11236=CARTESIAN_POINT('',(-0.488072560988,-0.658220955766,0.));
#11237=CARTESIAN_POINT('',(-0.216159451232,0.341779044234,0.));
#11238=CARTESIAN_POINT('',(-0.216159451232,-0.658220955766,0.));
#11239=CARTESIAN_POINT('',(-0.498362195134,0.341779044234,0.));
#11240=CARTESIAN_POINT('',(-0.216159451232,0.341779044234,0.));
#11241=CARTESIAN_POINT('Ctrl Pts',(-0.498362195134,0.341779044234,0.));
#11242=CARTESIAN_POINT('Ctrl Pts',(-0.5167340592,0.341369552282,0.));
#11243=CARTESIAN_POINT('Ctrl Pts',(-0.552756124822,0.34056665357,0.));
#11244=CARTESIAN_POINT('Ctrl Pts',(-0.605580269008,0.334467698327,0.));
#11245=CARTESIAN_POINT('Ctrl Pts',(-0.655976112018,0.323884028518,0.));
#11246=CARTESIAN_POINT('Ctrl Pts',(-0.704082239048,0.309445529789,0.));
#11247=CARTESIAN_POINT('Ctrl Pts',(-0.749954373097,0.291000505243,0.));
#11248=CARTESIAN_POINT('Ctrl Pts',(-0.793160360902,0.267893813518,0.));
#11249=CARTESIAN_POINT('Ctrl Pts',(-0.834174264956,0.240928524919,0.));
#11250=CARTESIAN_POINT('Ctrl Pts',(-0.872462377424,0.210046156635,0.));
#11251=CARTESIAN_POINT('Ctrl Pts',(-0.907360652982,0.175708002148,0.));
#11252=CARTESIAN_POINT('Ctrl Pts',(-0.937782773892,0.138153328485,0.));
#11253=CARTESIAN_POINT('Ctrl Pts',(-0.96382883423,0.09788442388162,0.));
#11254=CARTESIAN_POINT('Ctrl Pts',(-0.984789058521,0.05458288602832,0.));
#11255=CARTESIAN_POINT('Ctrl Pts',(-1.001064046971,0.008482023607332,0.));
#11256=CARTESIAN_POINT('Ctrl Pts',(-1.012588861123,-0.04038473433982,0.));
#11257=CARTESIAN_POINT('Ctrl Pts',(-1.019857808824,-0.09207273542674,0.));
#11258=CARTESIAN_POINT('Ctrl Pts',(-1.020638332118,-0.127517769683,0.));
#11259=CARTESIAN_POINT('Ctrl Pts',(-1.021037500012,-0.145644736254,0.));
#11260=CARTESIAN_POINT('',(-1.472257012207,0.341779044234,0.));
#11261=CARTESIAN_POINT('',(-1.606403353671,0.341779044234,0.));
#11262=CARTESIAN_POINT('',(-1.472257012207,0.341779044234,0.));
#11263=CARTESIAN_POINT('',(-1.99664725611,-0.658220955766,0.));
#11264=CARTESIAN_POINT('',(-1.606403353671,0.341779044234,0.));
#11265=CARTESIAN_POINT('',(-1.850305792695,-0.658220955766,0.));
#11266=CARTESIAN_POINT('',(-1.99664725611,-0.658220955766,0.));
#11267=CARTESIAN_POINT('',(-1.749124390256,-0.377733150888,0.));
#11268=CARTESIAN_POINT('',(-1.850305792695,-0.658220955766,0.));
#11269=CARTESIAN_POINT('',(-1.336014634158,-0.377733150888,0.));
#11270=CARTESIAN_POINT('',(-1.749124390256,-0.377733150888,0.));
#11271=CARTESIAN_POINT('',(-1.240549695134,-0.658220955766,0.));
#11272=CARTESIAN_POINT('',(-1.336014634158,-0.377733150888,0.));
#11273=CARTESIAN_POINT('',(-1.094208231719,-0.658220955766,0.));
#11274=CARTESIAN_POINT('',(-1.240549695134,-0.658220955766,0.));
#11275=CARTESIAN_POINT('',(-1.094208231719,-0.658220955766,0.));
#11276=CARTESIAN_POINT('Origin',(0.,0.,0.));
#11277=CARTESIAN_POINT('',(-0.886891158549,-0.148502967961,0.));
#11278=CARTESIAN_POINT('',(-0.497790548793,0.232022946673,0.));
#11279=CARTESIAN_POINT('Ctrl Pts',(-0.886891158549,-0.148502967961,0.));
#11280=CARTESIAN_POINT('Ctrl Pts',(-0.886563377966,-0.133182082823,0.));
#11281=CARTESIAN_POINT('Ctrl Pts',(-0.885926406183,-0.103409204116,0.));
#11282=CARTESIAN_POINT('Ctrl Pts',(-0.880970191982,-0.06022819624897,0.));
#11283=CARTESIAN_POINT('Ctrl Pts',(-0.872664206936,-0.01994122111315,0.));
#11284=CARTESIAN_POINT('Ctrl Pts',(-0.860855396262,0.01735752569583,0.));
#11285=CARTESIAN_POINT('Ctrl Pts',(-0.845782865902,0.0518118656434,0.));
#11286=CARTESIAN_POINT('Ctrl Pts',(-0.827223034402,0.08322439407249,0.));
#11287=CARTESIAN_POINT('Ctrl Pts',(-0.805319767348,0.111749110838,0.));
#11288=CARTESIAN_POINT('Ctrl Pts',(-0.780076218921,0.137058683235,0.));
#11289=CARTESIAN_POINT('Ctrl Pts',(-0.75211219408,0.159309450026,0.));
#11290=CARTESIAN_POINT('Ctrl Pts',(-0.722115199628,0.178891220177,0.));
#11291=CARTESIAN_POINT('Ctrl Pts',(-0.689825020101,0.195332860528,0.));
#11292=CARTESIAN_POINT('Ctrl Pts',(-0.655494588217,0.208843786564,0.));
#11293=CARTESIAN_POINT('Ctrl Pts',(-0.619007715438,0.21938634013,0.));
#11294=CARTESIAN_POINT('Ctrl Pts',(-0.580476341339,0.226703941067,0.));
#11295=CARTESIAN_POINT('Ctrl Pts',(-0.539816000503,0.231158210845,0.));
#11296=CARTESIAN_POINT('Ctrl Pts',(-0.512029824999,0.231729952504,0.));
#11297=CARTESIAN_POINT('Ctrl Pts',(-0.497790548793,0.232022946673,0.));
#11298=CARTESIAN_POINT('',(-0.350305792695,0.232022946673,0.));
#11299=CARTESIAN_POINT('',(-0.497790548793,0.232022946673,0.));
#11300=CARTESIAN_POINT('',(-0.350305792695,-0.548464858205,0.));
#11301=CARTESIAN_POINT('',(-0.350305792695,0.232022946673,0.));
#11302=CARTESIAN_POINT('',(-0.492264634158,-0.548464858205,0.));
#11303=CARTESIAN_POINT('',(-0.350305792695,-0.548464858205,0.));
#11304=CARTESIAN_POINT('Ctrl Pts',(-0.492264634158,-0.548464858205,0.));
#11305=CARTESIAN_POINT('Ctrl Pts',(-0.50733220293,-0.548139149288,0.));
#11306=CARTESIAN_POINT('Ctrl Pts',(-0.536726134274,-0.547503753779,0.));
#11307=CARTESIAN_POINT('Ctrl Pts',(-0.579562690819,-0.542457952166,0.));
#11308=CARTESIAN_POINT('Ctrl Pts',(-0.619879555961,-0.534355357649,0.));
#11309=CARTESIAN_POINT('Ctrl Pts',(-0.657682068591,-0.523004862823,0.));
#11310=CARTESIAN_POINT('Ctrl Pts',(-0.692806455573,-0.507959242114,0.));
#11311=CARTESIAN_POINT('Ctrl Pts',(-0.7255360685,-0.489903643638,0.));
#11312=CARTESIAN_POINT('Ctrl Pts',(-0.755646100419,-0.468417824425,0.));
#11313=CARTESIAN_POINT('Ctrl Pts',(-0.783014495271,-0.443742763713,0.));
#11314=CARTESIAN_POINT('Ctrl Pts',(-0.807409239164,-0.416001332995,0.));
#11315=CARTESIAN_POINT('Ctrl Pts',(-0.828931605029,-0.385627489637,0.));
#11316=CARTESIAN_POINT('Ctrl Pts',(-0.846813115187,-0.352408194145,0.));
#11317=CARTESIAN_POINT('Ctrl Pts',(-0.861620605403,-0.3166729048,0.));
#11318=CARTESIAN_POINT('Ctrl Pts',(-0.87293562423,-0.278264144698,0.));
#11319=CARTESIAN_POINT('Ctrl Pts',(-0.881137901588,-0.237335781477,0.));
#11320=CARTESIAN_POINT('Ctrl Pts',(-0.885875469644,-0.193774342847,0.));
#11321=CARTESIAN_POINT('Ctrl Pts',(-0.886546042528,-0.163885509465,0.));
#11322=CARTESIAN_POINT('Ctrl Pts',(-0.886891158549,-0.148502967961,0.));
#11323=CARTESIAN_POINT('Origin',(0.,0.,0.));
#11324=CARTESIAN_POINT('Origin',(0.,0.,0.));
#11325=CARTESIAN_POINT('Origin',(0.,0.,0.));
#11326=CARTESIAN_POINT('Origin',(0.,0.,0.));
#11327=CARTESIAN_POINT('Origin',(-7.2,-8.95,0.8));
#11328=CARTESIAN_POINT('',(-7.2,-8.95,0.));
#11329=CARTESIAN_POINT('',(-7.2,-8.95,0.8));
#11330=CARTESIAN_POINT('',(-7.2,8.95,0.8));
#11331=CARTESIAN_POINT('Origin',(7.2,-8.95,0.8));
#11332=CARTESIAN_POINT('',(4.04,-8.95,0.));
#11333=CARTESIAN_POINT('',(7.2,-8.95,0.));
#11334=CARTESIAN_POINT('',(4.04,-8.95,0.8));
#11335=CARTESIAN_POINT('',(4.04,-8.95,0.));
#11336=CARTESIAN_POINT('',(7.2,-8.95,0.8));
#11337=CARTESIAN_POINT('',(3.57,-8.95,0.8));
#11338=CARTESIAN_POINT('',(7.2,-8.95,0.8));
#11339=CARTESIAN_POINT('',(3.57,-8.95,0.));
#11340=CARTESIAN_POINT('',(3.57,-8.95,0.));
#11341=CARTESIAN_POINT('',(7.2,-8.95,0.));
#11342=CARTESIAN_POINT('Origin',(7.2,-8.95,0.8));
#11343=CARTESIAN_POINT('',(2.77,-8.95,0.));
#11344=CARTESIAN_POINT('',(7.2,-8.95,0.));
#11345=CARTESIAN_POINT('',(2.77,-8.95,0.8));
#11346=CARTESIAN_POINT('',(2.77,-8.95,0.));
#11347=CARTESIAN_POINT('',(7.2,-8.95,0.8));
#11348=CARTESIAN_POINT('',(2.3,-8.95,0.8));
#11349=CARTESIAN_POINT('',(7.2,-8.95,0.8));
#11350=CARTESIAN_POINT('',(2.3,-8.95,0.));
#11351=CARTESIAN_POINT('',(2.3,-8.95,0.));
#11352=CARTESIAN_POINT('',(7.2,-8.95,0.));
#11353=CARTESIAN_POINT('Origin',(7.2,-8.95,0.8));
#11354=CARTESIAN_POINT('',(1.5,-8.95,0.));
#11355=CARTESIAN_POINT('',(7.2,-8.95,0.));
#11356=CARTESIAN_POINT('',(1.5,-8.95,0.8));
#11357=CARTESIAN_POINT('',(1.5,-8.95,0.));
#11358=CARTESIAN_POINT('',(7.2,-8.95,0.8));
#11359=CARTESIAN_POINT('',(1.03,-8.95,0.8));
#11360=CARTESIAN_POINT('',(7.2,-8.95,0.8));
#11361=CARTESIAN_POINT('',(1.03,-8.95,0.));
#11362=CARTESIAN_POINT('',(1.03,-8.95,0.));
#11363=CARTESIAN_POINT('',(7.2,-8.95,0.));
#11364=CARTESIAN_POINT('Origin',(7.2,-8.95,0.8));
#11365=CARTESIAN_POINT('',(0.23,-8.95,0.));
#11366=CARTESIAN_POINT('',(7.2,-8.95,0.));
#11367=CARTESIAN_POINT('',(0.23,-8.95,0.8));
#11368=CARTESIAN_POINT('',(0.23,-8.95,0.));
#11369=CARTESIAN_POINT('',(7.2,-8.95,0.8));
#11370=CARTESIAN_POINT('',(-0.24,-8.95,0.8));
#11371=CARTESIAN_POINT('',(7.2,-8.95,0.8));
#11372=CARTESIAN_POINT('',(-0.24,-8.95,0.));
#11373=CARTESIAN_POINT('',(-0.24,-8.95,0.));
#11374=CARTESIAN_POINT('',(7.2,-8.95,0.));
#11375=CARTESIAN_POINT('Origin',(7.2,-8.95,0.8));
#11376=CARTESIAN_POINT('',(-1.04,-8.95,0.));
#11377=CARTESIAN_POINT('',(7.2,-8.95,0.));
#11378=CARTESIAN_POINT('',(-1.04,-8.95,0.8));
#11379=CARTESIAN_POINT('',(-1.04,-8.95,0.));
#11380=CARTESIAN_POINT('',(7.2,-8.95,0.8));
#11381=CARTESIAN_POINT('',(-1.51,-8.95,0.8));
#11382=CARTESIAN_POINT('',(7.2,-8.95,0.8));
#11383=CARTESIAN_POINT('',(-1.51,-8.95,0.));
#11384=CARTESIAN_POINT('',(-1.51,-8.95,0.));
#11385=CARTESIAN_POINT('',(7.2,-8.95,0.));
#11386=CARTESIAN_POINT('Origin',(7.2,-8.95,0.8));
#11387=CARTESIAN_POINT('',(-2.31,-8.95,0.));
#11388=CARTESIAN_POINT('',(7.2,-8.95,0.));
#11389=CARTESIAN_POINT('',(-2.31,-8.95,0.8));
#11390=CARTESIAN_POINT('',(-2.31,-8.95,0.));
#11391=CARTESIAN_POINT('',(7.2,-8.95,0.8));
#11392=CARTESIAN_POINT('',(-2.78,-8.95,0.8));
#11393=CARTESIAN_POINT('',(7.2,-8.95,0.8));
#11394=CARTESIAN_POINT('',(-2.78,-8.95,0.));
#11395=CARTESIAN_POINT('',(-2.78,-8.95,0.));
#11396=CARTESIAN_POINT('',(7.2,-8.95,0.));
#11397=CARTESIAN_POINT('Origin',(7.2,-8.95,0.8));
#11398=CARTESIAN_POINT('',(-3.58,-8.95,0.));
#11399=CARTESIAN_POINT('',(7.2,-8.95,0.));
#11400=CARTESIAN_POINT('',(-3.58,-8.95,0.8));
#11401=CARTESIAN_POINT('',(-3.58,-8.95,0.));
#11402=CARTESIAN_POINT('',(7.2,-8.95,0.8));
#11403=CARTESIAN_POINT('',(-4.05,-8.95,0.8));
#11404=CARTESIAN_POINT('',(7.2,-8.95,0.8));
#11405=CARTESIAN_POINT('',(-4.05,-8.95,0.));
#11406=CARTESIAN_POINT('',(-4.05,-8.95,0.));
#11407=CARTESIAN_POINT('',(7.2,-8.95,0.));
#11408=CARTESIAN_POINT('Origin',(7.2,-8.95,0.8));
#11409=CARTESIAN_POINT('',(-4.85,-8.95,0.));
#11410=CARTESIAN_POINT('',(7.2,-8.95,0.));
#11411=CARTESIAN_POINT('',(-4.85,-8.95,0.8));
#11412=CARTESIAN_POINT('',(-4.85,-8.95,0.));
#11413=CARTESIAN_POINT('',(7.2,-8.95,0.8));
#11414=CARTESIAN_POINT('',(-7.2,-8.95,0.8));
#11415=CARTESIAN_POINT('Origin',(7.2,-8.95,0.8));
#11416=CARTESIAN_POINT('',(7.2,3.5,0.));
#11417=CARTESIAN_POINT('',(7.2,-8.95,0.));
#11418=CARTESIAN_POINT('',(7.2,3.5,0.8));
#11419=CARTESIAN_POINT('',(7.2,3.5,0.));
#11420=CARTESIAN_POINT('',(7.2,-8.95,0.8));
#11421=CARTESIAN_POINT('',(7.2,-8.95,0.8));
#11422=CARTESIAN_POINT('Origin',(0.,0.,0.));
#11423=CARTESIAN_POINT('Origin',(0.,0.,0.));
#11424=CARTESIAN_POINT('Origin',(-4.45,-8.95,0.));
#11425=CARTESIAN_POINT('Origin',(0.,0.,0.));
#11426=CARTESIAN_POINT('Origin',(-3.18,-8.95,0.));
#11427=CARTESIAN_POINT('Origin',(0.,0.,0.));
#11428=CARTESIAN_POINT('Origin',(-1.91,-8.95,0.));
#11429=CARTESIAN_POINT('Origin',(0.,0.,0.));
#11430=CARTESIAN_POINT('Origin',(-0.64,-8.95,0.));
#11431=CARTESIAN_POINT('Origin',(0.,0.,0.));
#11432=CARTESIAN_POINT('Origin',(0.63,-8.95,0.));
#11433=CARTESIAN_POINT('Origin',(0.,0.,0.));
#11434=CARTESIAN_POINT('Origin',(1.9,-8.95,0.));
#11435=CARTESIAN_POINT('Origin',(0.,0.,0.));
#11436=CARTESIAN_POINT('Origin',(3.17,-8.95,0.));
#11437=CARTESIAN_POINT('Origin',(0.,0.,0.));
#11438=CARTESIAN_POINT('',(4.84,-8.95,0.));
#11439=CARTESIAN_POINT('',(7.2,-8.95,0.));
#11440=CARTESIAN_POINT('Origin',(4.44,-8.95,0.));
#11441=CARTESIAN_POINT('Origin',(0.,0.,0.));
#11442=CARTESIAN_POINT('',(7.2,4.4,0.));
#11443=CARTESIAN_POINT('',(7.2,-8.95,0.));
#11444=CARTESIAN_POINT('Origin',(7.2,3.95,0.));
#11445=CARTESIAN_POINT('Origin',(0.,0.,0.8));
#11446=CARTESIAN_POINT('',(7.2,4.4,0.8));
#11447=CARTESIAN_POINT('Origin',(7.2,3.95,0.8));
#11448=CARTESIAN_POINT('',(7.2,-8.95,0.8));
#11449=CARTESIAN_POINT('Origin',(0.,0.,0.8));
#11450=CARTESIAN_POINT('',(-7.2,-8.95,0.8));
#11451=CARTESIAN_POINT('Origin',(0.,0.,0.8));
#11452=CARTESIAN_POINT('',(4.84,-8.95,0.8));
#11453=CARTESIAN_POINT('Origin',(4.44,-8.95,0.8));
#11454=CARTESIAN_POINT('',(7.2,-8.95,0.8));
#11455=CARTESIAN_POINT('Origin',(0.,0.,0.8));
#11456=CARTESIAN_POINT('Origin',(3.17,-8.95,0.8));
#11457=CARTESIAN_POINT('Origin',(0.,0.,0.8));
#11458=CARTESIAN_POINT('Origin',(1.9,-8.95,0.8));
#11459=CARTESIAN_POINT('Origin',(0.,0.,0.8));
#11460=CARTESIAN_POINT('Origin',(0.63,-8.95,0.8));
#11461=CARTESIAN_POINT('Origin',(0.,0.,0.8));
#11462=CARTESIAN_POINT('Origin',(-0.64,-8.95,0.8));
#11463=CARTESIAN_POINT('Origin',(0.,0.,0.8));
#11464=CARTESIAN_POINT('Origin',(-1.91,-8.95,0.8));
#11465=CARTESIAN_POINT('Origin',(0.,0.,0.8));
#11466=CARTESIAN_POINT('Origin',(-3.18,-8.95,0.8));
#11467=CARTESIAN_POINT('Origin',(-7.2,-8.95,0.8));
#11468=CARTESIAN_POINT('',(-7.2,-8.95,0.));
#11469=CARTESIAN_POINT('Origin',(7.2,-8.95,0.8));
#11470=CARTESIAN_POINT('',(4.84,-8.95,0.));
#11471=CARTESIAN_POINT('Origin',(7.2,-8.95,0.8));
#11472=CARTESIAN_POINT('',(7.2,4.4,0.));
#11473=CARTESIAN_POINT('',(7.2,8.95,0.8));
#11474=CARTESIAN_POINT('Origin',(7.2,8.95,0.8));
#11475=CARTESIAN_POINT('Origin',(0.,0.,0.8));
#11476=CARTESIAN_POINT('Origin',(-4.45,-8.95,0.8));
#11477=CARTESIAN_POINT('Origin',(0.,0.,0.));
#11478=CARTESIAN_POINT('Origin',(-4.45,-8.95,0.));
#11479=CARTESIAN_POINT('Origin',(7.2,3.95,0.));
#11480=CARTESIAN_POINT('Origin',(-3.18,-8.95,0.));
#11481=CARTESIAN_POINT('Origin',(-1.91,-8.95,0.));
#11482=CARTESIAN_POINT('Origin',(-0.64,-8.95,0.));
#11483=CARTESIAN_POINT('Origin',(0.63,-8.95,0.));
#11484=CARTESIAN_POINT('Origin',(1.9,-8.95,0.));
#11485=CARTESIAN_POINT('Origin',(3.17,-8.95,0.));
#11486=CARTESIAN_POINT('Origin',(4.44,-8.95,0.));
#11487=CARTESIAN_POINT('Origin',(-6.2,-7.95,2.1));
#11488=CARTESIAN_POINT('',(-6.2,-7.65,1.8));
#11489=CARTESIAN_POINT('',(-6.2,8.15,1.8));
#11490=CARTESIAN_POINT('',(-6.2,-7.95,1.8));
#11491=CARTESIAN_POINT('',(-6.2,8.15,2.1));
#11492=CARTESIAN_POINT('',(-6.2,-7.65,2.1));
#11493=CARTESIAN_POINT('Origin',(-6.2,-7.95,2.1));
#11494=CARTESIAN_POINT('',(5.9,-7.95,1.8));
#11495=CARTESIAN_POINT('',(-5.9,-7.95,1.8));
#11496=CARTESIAN_POINT('',(-6.2,-7.95,1.8));
#11497=CARTESIAN_POINT('',(-5.9,-7.95,2.1));
#11498=CARTESIAN_POINT('',(5.9,-7.95,2.1));
#11499=CARTESIAN_POINT('Origin',(6.2,-7.95,2.1));
#11500=CARTESIAN_POINT('',(6.2,4.15,1.8));
#11501=CARTESIAN_POINT('',(6.2,4.15,2.1));
#11502=CARTESIAN_POINT('',(6.2,-7.65,1.8));
#11503=CARTESIAN_POINT('',(6.2,-7.95,1.8));
#11504=CARTESIAN_POINT('',(6.2,-7.65,2.1));
#11505=CARTESIAN_POINT('Origin',(2.2,4.45,2.1));
#11506=CARTESIAN_POINT('',(2.5,4.45,1.8));
#11507=CARTESIAN_POINT('',(2.5,4.45,2.1));
#11508=CARTESIAN_POINT('',(5.9,4.45,1.8));
#11509=CARTESIAN_POINT('',(2.2,4.45,1.8));
#11510=CARTESIAN_POINT('',(5.9,4.45,2.1));
#11511=CARTESIAN_POINT('Origin',(2.2,8.45,2.1));
#11512=CARTESIAN_POINT('',(2.2,8.15,1.8));
#11513=CARTESIAN_POINT('',(2.2,8.15,2.1));
#11514=CARTESIAN_POINT('',(2.2,4.75,1.8));
#11515=CARTESIAN_POINT('',(2.2,8.45,1.8));
#11516=CARTESIAN_POINT('',(2.2,4.75,0.8));
#11517=CARTESIAN_POINT('Origin',(-6.2,8.45,2.1));
#11518=CARTESIAN_POINT('',(-5.9,8.45,1.8));
#11519=CARTESIAN_POINT('',(-5.9,8.45,2.1));
#11520=CARTESIAN_POINT('',(1.9,8.45,1.8));
#11521=CARTESIAN_POINT('',(-6.2,8.45,1.8));
#11522=CARTESIAN_POINT('',(1.9,8.45,2.1));
#11523=CARTESIAN_POINT('Origin',(0.,0.,2.1));
#11524=CARTESIAN_POINT('',(1.9,4.75,2.1));
#11525=CARTESIAN_POINT('',(2.5,4.15,2.1));
#11526=CARTESIAN_POINT('Origin',(2.5,4.75,2.1));
#11527=CARTESIAN_POINT('',(1.9,8.15,2.1));
#11528=CARTESIAN_POINT('',(1.9,4.119968255445E-16,2.1));
#11529=CARTESIAN_POINT('',(-5.9,8.15,2.1));
#11530=CARTESIAN_POINT('',(1.683094801097E-15,8.15,2.1));
#11531=CARTESIAN_POINT('',(-5.9,-7.65,2.1));
#11532=CARTESIAN_POINT('',(-5.9,0.,2.1));
#11533=CARTESIAN_POINT('',(5.9,-7.65,2.1));
#11534=CARTESIAN_POINT('',(0.,-7.65,2.1));
#11535=CARTESIAN_POINT('',(5.9,4.15,2.1));
#11536=CARTESIAN_POINT('',(5.9,0.,2.1));
#11537=CARTESIAN_POINT('',(0.,4.15,2.1));
#11538=CARTESIAN_POINT('Origin',(5.9,4.15,2.1));
#11539=CARTESIAN_POINT('Origin',(5.9,4.15,1.8));
#11540=CARTESIAN_POINT('Origin',(5.9,0.,1.8));
#11541=CARTESIAN_POINT('Origin',(5.9,-7.65,1.8));
#11542=CARTESIAN_POINT('Origin',(5.9,4.15,1.8));
#11543=CARTESIAN_POINT('Origin',(5.9,-7.65,2.1));
#11544=CARTESIAN_POINT('Origin',(5.9,-7.65,1.8));
#11545=CARTESIAN_POINT('Origin',(5.9,4.15,1.8));
#11546=CARTESIAN_POINT('Origin',(5.9,4.15,1.8));
#11547=CARTESIAN_POINT('Origin',(5.9,-7.65,1.8));
#11548=CARTESIAN_POINT('Origin',(5.9,-7.65,1.8));
#11549=CARTESIAN_POINT('Origin',(2.5,4.75,2.1));
#11550=CARTESIAN_POINT('Origin',(2.5,4.75,1.8));
#11551=CARTESIAN_POINT('Origin',(0.,4.15,1.8));
#11552=CARTESIAN_POINT('Origin',(2.5,4.15,1.8));
#11553=CARTESIAN_POINT('Origin',(0.,-7.65,1.8));
#11554=CARTESIAN_POINT('Origin',(-5.9,-7.65,1.8));
#11555=CARTESIAN_POINT('Origin',(-5.9,-7.65,2.1));
#11556=CARTESIAN_POINT('Origin',(-5.9,-7.65,1.8));
#11557=CARTESIAN_POINT('Origin',(2.5,4.75,1.8));
#11558=CARTESIAN_POINT('Origin',(1.9,4.75,1.8));
#11559=CARTESIAN_POINT('Origin',(-5.9,-7.65,1.8));
#11560=CARTESIAN_POINT('Origin',(-5.9,-7.65,1.8));
#11561=CARTESIAN_POINT('Origin',(1.9,8.15,2.1));
#11562=CARTESIAN_POINT('Origin',(1.9,8.15,1.8));
#11563=CARTESIAN_POINT('Origin',(1.9,4.119968255445E-16,1.8));
#11564=CARTESIAN_POINT('Origin',(1.9,8.15,1.8));
#11565=CARTESIAN_POINT('Origin',(-5.9,0.,1.8));
#11566=CARTESIAN_POINT('Origin',(-5.9,8.15,1.8));
#11567=CARTESIAN_POINT('Origin',(-5.9,8.15,2.1));
#11568=CARTESIAN_POINT('Origin',(-5.9,8.15,1.8));
#11569=CARTESIAN_POINT('Origin',(1.9,8.15,1.8));
#11570=CARTESIAN_POINT('Origin',(1.9,8.15,1.8));
#11571=CARTESIAN_POINT('Origin',(-5.9,8.15,1.8));
#11572=CARTESIAN_POINT('Origin',(-5.9,8.15,1.8));
#11573=CARTESIAN_POINT('Origin',(1.683094801097E-15,8.15,1.8));
#11574=CARTESIAN_POINT('Origin',(3.799809680393,7.698281283362,1.));
#11575=CARTESIAN_POINT('',(3.799809680393,5.698281283362,1.));
#11576=CARTESIAN_POINT('',(3.799809680393,5.698281283362,1.));
#11577=CARTESIAN_POINT('',(3.799809680393,7.698281283362,1.));
#11578=CARTESIAN_POINT('',(3.799809680393,7.698281283362,1.));
#11579=CARTESIAN_POINT('',(3.799809680393,7.698281283362,1.));
#11580=CARTESIAN_POINT('Origin',(3.799809680393,5.698281283362,1.));
#11581=CARTESIAN_POINT('',(5.799809680393,5.698281283362,1.));
#11582=CARTESIAN_POINT('',(5.799809680393,5.698281283362,1.));
#11583=CARTESIAN_POINT('',(3.799809680393,5.698281283362,1.));
#11584=CARTESIAN_POINT('Origin',(5.799809680393,7.698281283362,1.));
#11585=CARTESIAN_POINT('',(5.799809680393,7.698281283362,1.));
#11586=CARTESIAN_POINT('',(5.799809680393,7.698281283362,1.));
#11587=CARTESIAN_POINT('',(5.799809680393,7.698281283362,1.));
#11588=CARTESIAN_POINT('Origin',(3.799809680393,7.698281283362,1.));
#11589=CARTESIAN_POINT('',(3.799809680393,7.698281283362,1.));
#11590=CARTESIAN_POINT('Origin',(0.,0.,1.));
#11591=CARTESIAN_POINT('Origin',(0.,0.,1.8));
#11592=CARTESIAN_POINT('Origin',(0.,0.,1.8));
#11593=CARTESIAN_POINT('Origin',(4.799809680393,6.698281283362,1.8));
#11594=CARTESIAN_POINT('Origin',(0.,0.,1.));
#11595=CARTESIAN_POINT('Ctrl Pts',(5.149809680393,6.698281283362,1.5));
#11596=CARTESIAN_POINT('Ctrl Pts',(5.149809680393,6.348281283362,1.5));
#11597=CARTESIAN_POINT('Ctrl Pts',(4.799809680393,6.348281283362,1.5));
#11598=CARTESIAN_POINT('Ctrl Pts',(4.449809680393,6.348281283362,1.5));
#11599=CARTESIAN_POINT('Ctrl Pts',(4.449809680393,6.698281283362,1.5));
#11600=CARTESIAN_POINT('Ctrl Pts',(4.449809680393,7.048281283362,1.5));
#11601=CARTESIAN_POINT('Ctrl Pts',(4.799809680393,7.048281283362,1.5));
#11602=CARTESIAN_POINT('Ctrl Pts',(5.149809680393,7.048281283362,1.5));
#11603=CARTESIAN_POINT('Ctrl Pts',(5.149809680393,6.698281283362,1.5));
#11604=CARTESIAN_POINT('Ctrl Pts',(5.149809680393,6.698281283362,1.57853981634));
#11605=CARTESIAN_POINT('Ctrl Pts',(5.149809680393,6.348281283362,1.57853981634));
#11606=CARTESIAN_POINT('Ctrl Pts',(4.799809680393,6.348281283362,1.57853981634));
#11607=CARTESIAN_POINT('Ctrl Pts',(4.449809680393,6.348281283362,1.57853981634));
#11608=CARTESIAN_POINT('Ctrl Pts',(4.449809680393,6.698281283362,1.57853981634));
#11609=CARTESIAN_POINT('Ctrl Pts',(4.449809680393,7.048281283362,1.57853981634));
#11610=CARTESIAN_POINT('Ctrl Pts',(4.799809680393,7.048281283362,1.57853981634));
#11611=CARTESIAN_POINT('Ctrl Pts',(5.149809680393,7.048281283362,1.57853981634));
#11612=CARTESIAN_POINT('Ctrl Pts',(5.149809680393,6.698281283362,1.57853981634));
#11613=CARTESIAN_POINT('Ctrl Pts',(5.125141374587,6.698281283362,1.657072950212));
#11614=CARTESIAN_POINT('Ctrl Pts',(5.125141374587,6.372949589168,1.657072950212));
#11615=CARTESIAN_POINT('Ctrl Pts',(4.799809680393,6.372949589168,1.657072950212));
#11616=CARTESIAN_POINT('Ctrl Pts',(4.474477986199,6.372949589168,1.657072950212));
#11617=CARTESIAN_POINT('Ctrl Pts',(4.474477986199,6.698281283362,1.657072950212));
#11618=CARTESIAN_POINT('Ctrl Pts',(4.474477986199,7.023612977556,1.657072950212));
#11619=CARTESIAN_POINT('Ctrl Pts',(4.799809680393,7.023612977556,1.657072950212));
#11620=CARTESIAN_POINT('Ctrl Pts',(5.125141374587,7.023612977556,1.657072950212));
#11621=CARTESIAN_POINT('Ctrl Pts',(5.125141374587,6.698281283362,1.657072950212));
#11622=CARTESIAN_POINT('Ctrl Pts',(5.075766725285,6.698281283362,1.725957044892));
#11623=CARTESIAN_POINT('Ctrl Pts',(5.075766725285,6.42232423847,1.725957044892));
#11624=CARTESIAN_POINT('Ctrl Pts',(4.799809680393,6.42232423847,1.725957044892));
#11625=CARTESIAN_POINT('Ctrl Pts',(4.523852635501,6.42232423847,1.725957044892));
#11626=CARTESIAN_POINT('Ctrl Pts',(4.523852635501,6.698281283362,1.725957044892));
#11627=CARTESIAN_POINT('Ctrl Pts',(4.523852635501,6.974238328254,1.725957044892));
#11628=CARTESIAN_POINT('Ctrl Pts',(4.799809680393,6.974238328254,1.725957044892));
#11629=CARTESIAN_POINT('Ctrl Pts',(5.075766725285,6.974238328254,1.725957044892));
#11630=CARTESIAN_POINT('Ctrl Pts',(5.075766725285,6.698281283362,1.725957044892));
#11631=CARTESIAN_POINT('Ctrl Pts',(5.006882630604,6.698281283362,1.775331694194));
#11632=CARTESIAN_POINT('Ctrl Pts',(5.006882630604,6.491208333151,1.775331694194));
#11633=CARTESIAN_POINT('Ctrl Pts',(4.799809680393,6.491208333151,1.775331694194));
#11634=CARTESIAN_POINT('Ctrl Pts',(4.592736730182,6.491208333151,1.775331694194));
#11635=CARTESIAN_POINT('Ctrl Pts',(4.592736730182,6.698281283362,1.775331694194));
#11636=CARTESIAN_POINT('Ctrl Pts',(4.592736730182,6.905354233573,1.775331694194));
#11637=CARTESIAN_POINT('Ctrl Pts',(4.799809680393,6.905354233573,1.775331694194));
#11638=CARTESIAN_POINT('Ctrl Pts',(5.006882630604,6.905354233573,1.775331694194));
#11639=CARTESIAN_POINT('Ctrl Pts',(5.006882630604,6.698281283362,1.775331694194));
#11640=CARTESIAN_POINT('Ctrl Pts',(4.928349496733,6.698281283362,1.8));
#11641=CARTESIAN_POINT('Ctrl Pts',(4.928349496733,6.569741467022,1.8));
#11642=CARTESIAN_POINT('Ctrl Pts',(4.799809680393,6.569741467022,1.8));
#11643=CARTESIAN_POINT('Ctrl Pts',(4.671269864053,6.569741467022,1.8));
#11644=CARTESIAN_POINT('Ctrl Pts',(4.671269864053,6.698281283362,1.8));
#11645=CARTESIAN_POINT('Ctrl Pts',(4.671269864053,6.826821099702,1.8));
#11646=CARTESIAN_POINT('Ctrl Pts',(4.799809680393,6.826821099702,1.8));
#11647=CARTESIAN_POINT('Ctrl Pts',(4.928349496733,6.826821099702,1.8));
#11648=CARTESIAN_POINT('Ctrl Pts',(4.928349496733,6.698281283362,1.8));
#11649=CARTESIAN_POINT('Ctrl Pts',(4.849809680393,6.698281283362,1.8));
#11650=CARTESIAN_POINT('Ctrl Pts',(4.849809680393,6.648281283362,1.8));
#11651=CARTESIAN_POINT('Ctrl Pts',(4.799809680393,6.648281283362,1.8));
#11652=CARTESIAN_POINT('Ctrl Pts',(4.749809680393,6.648281283362,1.8));
#11653=CARTESIAN_POINT('Ctrl Pts',(4.749809680393,6.698281283362,1.8));
#11654=CARTESIAN_POINT('Ctrl Pts',(4.749809680393,6.748281283362,1.8));
#11655=CARTESIAN_POINT('Ctrl Pts',(4.799809680393,6.748281283362,1.8));
#11656=CARTESIAN_POINT('Ctrl Pts',(4.849809680393,6.748281283362,1.8));
#11657=CARTESIAN_POINT('Ctrl Pts',(4.849809680393,6.698281283362,1.8));
#11658=CARTESIAN_POINT('Origin',(-3.071411176634,5.637566153639,2.101));
#11659=CARTESIAN_POINT('',(-3.071411176634,5.602786251338,2.1));
#11660=CARTESIAN_POINT('',(-3.071411176634,5.637566153639,2.1));
#11661=CARTESIAN_POINT('',(-3.071411176634,5.637566153639,2.1));
#11662=CARTESIAN_POINT('',(-3.071411176634,5.637566153639,2.101));
#11663=CARTESIAN_POINT('',(-3.071411176634,5.637566153639,2.101));
#11664=CARTESIAN_POINT('',(-3.071411176634,5.602786251338,2.101));
#11665=CARTESIAN_POINT('',(-3.071411176634,5.637566153639,2.101));
#11666=CARTESIAN_POINT('',(-3.071411176634,5.602786251338,2.101));
#11667=CARTESIAN_POINT('Origin',(-3.192906889156,5.637566153639,2.101));
#11668=CARTESIAN_POINT('',(-3.192906889156,5.637566153639,2.1));
#11669=CARTESIAN_POINT('',(-3.192906889156,5.637566153639,2.1));
#11670=CARTESIAN_POINT('',(-3.192906889156,5.637566153639,2.101));
#11671=CARTESIAN_POINT('',(-3.192906889156,5.637566153639,2.101));
#11672=CARTESIAN_POINT('',(-3.192906889156,5.637566153639,2.101));
#11673=CARTESIAN_POINT('Origin',(-3.192906889156,5.907851223985,2.101));
#11674=CARTESIAN_POINT('',(-3.192906889156,5.907851223985,2.1));
#11675=CARTESIAN_POINT('',(-3.192906889156,5.907851223985,2.1));
#11676=CARTESIAN_POINT('',(-3.192906889156,5.907851223985,2.101));
#11677=CARTESIAN_POINT('',(-3.192906889156,5.907851223985,2.101));
#11678=CARTESIAN_POINT('',(-3.192906889156,5.907851223985,2.101));
#11679=CARTESIAN_POINT('Origin',(-3.232287720237,5.907851223985,2.101));
#11680=CARTESIAN_POINT('',(-3.232287720237,5.907851223985,2.1));
#11681=CARTESIAN_POINT('',(-3.232287720237,5.907851223985,2.1));
#11682=CARTESIAN_POINT('',(-3.232287720237,5.907851223985,2.101));
#11683=CARTESIAN_POINT('',(-3.232287720237,5.907851223985,2.101));
#11684=CARTESIAN_POINT('',(-3.232287720237,5.907851223985,2.101));
#11685=CARTESIAN_POINT('Origin',(-3.232287720237,5.602786251338,2.101));
#11686=CARTESIAN_POINT('',(-3.232287720237,5.602786251338,2.1));
#11687=CARTESIAN_POINT('',(-3.232287720237,5.602786251338,2.1));
#11688=CARTESIAN_POINT('',(-3.232287720237,5.602786251338,2.101));
#11689=CARTESIAN_POINT('',(-3.232287720237,5.602786251338,2.101));
#11690=CARTESIAN_POINT('',(-3.232287720237,5.602786251338,2.101));
#11691=CARTESIAN_POINT('Origin',(-3.071411176634,5.602786251338,2.101));
#11692=CARTESIAN_POINT('',(-3.071411176634,5.602786251338,2.1));
#11693=CARTESIAN_POINT('',(-3.071411176634,5.602786251338,2.101));
#11694=CARTESIAN_POINT('Origin',(0.,0.,2.101));
#11695=CARTESIAN_POINT('Origin',(0.,0.,2.1));
#11696=CARTESIAN_POINT('Ctrl Pts',(-2.914979598124,5.597639449652,2.101));
#11697=CARTESIAN_POINT('Ctrl Pts',(-2.914979598124,5.597639449652,2.0998));
#11698=CARTESIAN_POINT('Ctrl Pts',(-2.881135477948,5.597639449652,2.101));
#11699=CARTESIAN_POINT('Ctrl Pts',(-2.881135477948,5.597639449652,2.0998));
#11700=CARTESIAN_POINT('Ctrl Pts',(-2.852984032364,5.603566069775,2.101));
#11701=CARTESIAN_POINT('Ctrl Pts',(-2.852984032364,5.603566069775,2.0998));
#11702=CARTESIAN_POINT('Ctrl Pts',(-2.830525261371,5.615419310022,2.101));
#11703=CARTESIAN_POINT('Ctrl Pts',(-2.830525261371,5.615419310022,2.0998));
#11704=CARTESIAN_POINT('',(-2.914979598124,5.597639449652,2.101));
#11705=CARTESIAN_POINT('',(-2.914979598124,5.597639449652,2.1));
#11706=CARTESIAN_POINT('',(-2.914979598124,5.597639449652,2.101));
#11707=CARTESIAN_POINT('',(-2.830525261371,5.615419310022,2.1));
#11708=CARTESIAN_POINT('Ctrl Pts',(-2.914979598124,5.597639449652,2.1));
#11709=CARTESIAN_POINT('Ctrl Pts',(-2.881135477948,5.597639449652,2.1));
#11710=CARTESIAN_POINT('Ctrl Pts',(-2.852984032364,5.603566069775,2.1));
#11711=CARTESIAN_POINT('Ctrl Pts',(-2.830525261371,5.615419310022,2.1));
#11712=CARTESIAN_POINT('',(-2.830525261371,5.615419310022,2.101));
#11713=CARTESIAN_POINT('',(-2.830525261371,5.615419310022,2.101));
#11714=CARTESIAN_POINT('Ctrl Pts',(-2.914979598124,5.597639449652,2.101));
#11715=CARTESIAN_POINT('Ctrl Pts',(-2.881135477948,5.597639449652,2.101));
#11716=CARTESIAN_POINT('Ctrl Pts',(-2.852984032364,5.603566069775,2.101));
#11717=CARTESIAN_POINT('Ctrl Pts',(-2.830525261371,5.615419310022,2.101));
#11718=CARTESIAN_POINT('Origin',(-2.830525261371,5.653162522385,2.101));
#11719=CARTESIAN_POINT('',(-2.830525261371,5.653162522385,2.1));
#11720=CARTESIAN_POINT('',(-2.830525261371,5.653162522385,2.1));
#11721=CARTESIAN_POINT('',(-2.830525261371,5.653162522385,2.101));
#11722=CARTESIAN_POINT('',(-2.830525261371,5.653162522385,2.101));
#11723=CARTESIAN_POINT('',(-2.830525261371,5.653162522385,2.101));
#11724=CARTESIAN_POINT('Ctrl Pts',(-2.830525261371,5.653162522385,2.101));
#11725=CARTESIAN_POINT('Ctrl Pts',(-2.830525261371,5.653162522385,2.0998));
#11726=CARTESIAN_POINT('Ctrl Pts',(-2.852828068677,5.639593681576,2.101));
#11727=CARTESIAN_POINT('Ctrl Pts',(-2.852828068677,5.639593681576,2.0998));
#11728=CARTESIAN_POINT('Ctrl Pts',(-2.879107950012,5.632731279327,2.101));
#11729=CARTESIAN_POINT('Ctrl Pts',(-2.879107950012,5.632731279327,2.0998));
#11730=CARTESIAN_POINT('Ctrl Pts',(-2.909286923533,5.632731279327,2.101));
#11731=CARTESIAN_POINT('Ctrl Pts',(-2.909286923533,5.632731279327,2.0998));
#11732=CARTESIAN_POINT('',(-2.909286923533,5.632731279327,2.1));
#11733=CARTESIAN_POINT('Origin',(-4.44361361267881,8.41554908865325,2.1));
#11734=CARTESIAN_POINT('',(-2.909286923533,5.632731279327,2.101));
#11735=CARTESIAN_POINT('',(-2.909286923533,5.632731279327,2.101));
#11736=CARTESIAN_POINT('Origin',(-4.44361361267881,8.41554908865325,2.101));
#11737=CARTESIAN_POINT('Ctrl Pts',(-2.909286923533,5.632731279327,2.101));
#11738=CARTESIAN_POINT('Ctrl Pts',(-2.909286923533,5.632731279327,2.0998));
#11739=CARTESIAN_POINT('Ctrl Pts',(-2.941571406834,5.632731279327,2.101));
#11740=CARTESIAN_POINT('Ctrl Pts',(-2.941571406834,5.632731279327,2.0998));
#11741=CARTESIAN_POINT('Ctrl Pts',(-2.967695324482,5.643492773761,2.101));
#11742=CARTESIAN_POINT('Ctrl Pts',(-2.967695324482,5.643492773761,2.0998));
#11743=CARTESIAN_POINT('Ctrl Pts',(-2.987658676475,5.664859798942,2.101));
#11744=CARTESIAN_POINT('Ctrl Pts',(-2.987658676475,5.664859798942,2.0998));
#11745=CARTESIAN_POINT('',(-2.987658676475,5.664859798942,2.1));
#11746=CARTESIAN_POINT('Origin',(2.03743788009874,14.3852141013175,2.1));
#11747=CARTESIAN_POINT('',(-2.987658676475,5.664859798942,2.101));
#11748=CARTESIAN_POINT('',(-2.987658676475,5.664859798942,2.101));
#11749=CARTESIAN_POINT('Origin',(2.03743788009874,14.3852141013175,2.101));
#11750=CARTESIAN_POINT('Ctrl Pts',(-2.987658676475,5.664859798942,2.101));
#11751=CARTESIAN_POINT('Ctrl Pts',(-2.987658676475,5.664859798942,2.0998));
#11752=CARTESIAN_POINT('Ctrl Pts',(-3.007622028469,5.686382787811,2.101));
#11753=CARTESIAN_POINT('Ctrl Pts',(-3.007622028469,5.686382787811,2.0998));
#11754=CARTESIAN_POINT('Ctrl Pts',(-3.017603704464,5.715392033676,2.101));
#11755=CARTESIAN_POINT('Ctrl Pts',(-3.017603704464,5.715392033676,2.0998));
#11756=CARTESIAN_POINT('Ctrl Pts',(-3.017603704464,5.751887536539,2.101));
#11757=CARTESIAN_POINT('Ctrl Pts',(-3.017603704464,5.751887536539,2.0998));
#11758=CARTESIAN_POINT('',(-3.017603704464,5.751887536539,2.1));
#11759=CARTESIAN_POINT('Ctrl Pts',(-2.987658676475,5.664859798942,2.1));
#11760=CARTESIAN_POINT('Ctrl Pts',(-3.007622028469,5.686382787811,2.1));
#11761=CARTESIAN_POINT('Ctrl Pts',(-3.017603704464,5.715392033676,2.1));
#11762=CARTESIAN_POINT('Ctrl Pts',(-3.017603704464,5.751887536539,2.1));
#11763=CARTESIAN_POINT('',(-3.017603704464,5.751887536539,2.101));
#11764=CARTESIAN_POINT('',(-3.017603704464,5.751887536539,2.101));
#11765=CARTESIAN_POINT('Ctrl Pts',(-2.987658676475,5.664859798942,2.101));
#11766=CARTESIAN_POINT('Ctrl Pts',(-3.007622028469,5.686382787811,2.101));
#11767=CARTESIAN_POINT('Ctrl Pts',(-3.017603704464,5.715392033676,2.101));
#11768=CARTESIAN_POINT('Ctrl Pts',(-3.017603704464,5.751887536539,2.101));
#11769=CARTESIAN_POINT('Ctrl Pts',(-3.017603704464,5.751887536539,2.101));
#11770=CARTESIAN_POINT('Ctrl Pts',(-3.017603704464,5.751887536539,2.0998));
#11771=CARTESIAN_POINT('Ctrl Pts',(-3.017603704464,5.790254603651,2.101));
#11772=CARTESIAN_POINT('Ctrl Pts',(-3.017603704464,5.790254603651,2.0998));
#11773=CARTESIAN_POINT('Ctrl Pts',(-3.006920191875,5.820823486389,2.101));
#11774=CARTESIAN_POINT('Ctrl Pts',(-3.006920191875,5.820823486389,2.0998));
#11775=CARTESIAN_POINT('Ctrl Pts',(-2.985553166694,5.843594184757,2.101));
#11776=CARTESIAN_POINT('Ctrl Pts',(-2.985553166694,5.843594184757,2.0998));
#11777=CARTESIAN_POINT('',(-2.985553166694,5.843594184757,2.1));
#11778=CARTESIAN_POINT('Ctrl Pts',(-3.017603704464,5.751887536539,2.1));
#11779=CARTESIAN_POINT('Ctrl Pts',(-3.017603704464,5.790254603651,2.1));
#11780=CARTESIAN_POINT('Ctrl Pts',(-3.006920191875,5.820823486389,2.1));
#11781=CARTESIAN_POINT('Ctrl Pts',(-2.985553166694,5.843594184757,2.1));
#11782=CARTESIAN_POINT('',(-2.985553166694,5.843594184757,2.101));
#11783=CARTESIAN_POINT('',(-2.985553166694,5.843594184757,2.101));
#11784=CARTESIAN_POINT('Ctrl Pts',(-3.017603704464,5.751887536539,2.101));
#11785=CARTESIAN_POINT('Ctrl Pts',(-3.017603704464,5.790254603651,2.101));
#11786=CARTESIAN_POINT('Ctrl Pts',(-3.006920191875,5.820823486389,2.101));
#11787=CARTESIAN_POINT('Ctrl Pts',(-2.985553166694,5.843594184757,2.101));
#11788=CARTESIAN_POINT('Ctrl Pts',(-2.985553166694,5.843594184757,2.101));
#11789=CARTESIAN_POINT('Ctrl Pts',(-2.985553166694,5.843594184757,2.0998));
#11790=CARTESIAN_POINT('Ctrl Pts',(-2.964108159671,5.866208919436,2.101));
#11791=CARTESIAN_POINT('Ctrl Pts',(-2.964108159671,5.866208919436,2.0998));
#11792=CARTESIAN_POINT('Ctrl Pts',(-2.936424605148,5.877438304932,2.101));
#11793=CARTESIAN_POINT('Ctrl Pts',(-2.936424605148,5.877438304932,2.0998));
#11794=CARTESIAN_POINT('Ctrl Pts',(-2.902424521285,5.877438304932,2.101));
#11795=CARTESIAN_POINT('Ctrl Pts',(-2.902424521285,5.877438304932,2.0998));
#11796=CARTESIAN_POINT('',(-2.902424521285,5.877438304932,2.1));
#11797=CARTESIAN_POINT('Ctrl Pts',(-2.985553166694,5.843594184757,2.1));
#11798=CARTESIAN_POINT('Ctrl Pts',(-2.964108159671,5.866208919436,2.1));
#11799=CARTESIAN_POINT('Ctrl Pts',(-2.936424605148,5.877438304932,2.1));
#11800=CARTESIAN_POINT('Ctrl Pts',(-2.902424521285,5.877438304932,2.1));
#11801=CARTESIAN_POINT('',(-2.902424521285,5.877438304932,2.101));
#11802=CARTESIAN_POINT('',(-2.902424521285,5.877438304932,2.101));
#11803=CARTESIAN_POINT('Ctrl Pts',(-2.985553166694,5.843594184757,2.101));
#11804=CARTESIAN_POINT('Ctrl Pts',(-2.964108159671,5.866208919436,2.101));
#11805=CARTESIAN_POINT('Ctrl Pts',(-2.936424605148,5.877438304932,2.101));
#11806=CARTESIAN_POINT('Ctrl Pts',(-2.902424521285,5.877438304932,2.101));
#11807=CARTESIAN_POINT('Ctrl Pts',(-2.902424521285,5.877438304932,2.101));
#11808=CARTESIAN_POINT('Ctrl Pts',(-2.902424521285,5.877438304932,2.0998));
#11809=CARTESIAN_POINT('Ctrl Pts',(-2.876300603638,5.877438304932,2.101));
#11810=CARTESIAN_POINT('Ctrl Pts',(-2.876300603638,5.877438304932,2.0998));
#11811=CARTESIAN_POINT('Ctrl Pts',(-2.852360177614,5.87151168481,2.101));
#11812=CARTESIAN_POINT('Ctrl Pts',(-2.852360177614,5.87151168481,2.0998));
#11813=CARTESIAN_POINT('Ctrl Pts',(-2.830525261371,5.85934651719,2.101));
#11814=CARTESIAN_POINT('Ctrl Pts',(-2.830525261371,5.85934651719,2.0998));
#11815=CARTESIAN_POINT('',(-2.830525261371,5.85934651719,2.1));
#11816=CARTESIAN_POINT('Ctrl Pts',(-2.902424521285,5.877438304932,2.1));
#11817=CARTESIAN_POINT('Ctrl Pts',(-2.876300603638,5.877438304932,2.1));
#11818=CARTESIAN_POINT('Ctrl Pts',(-2.852360177614,5.87151168481,2.1));
#11819=CARTESIAN_POINT('Ctrl Pts',(-2.830525261371,5.85934651719,2.1));
#11820=CARTESIAN_POINT('',(-2.830525261371,5.85934651719,2.101));
#11821=CARTESIAN_POINT('',(-2.830525261371,5.85934651719,2.101));
#11822=CARTESIAN_POINT('Ctrl Pts',(-2.902424521285,5.877438304932,2.101));
#11823=CARTESIAN_POINT('Ctrl Pts',(-2.876300603638,5.877438304932,2.101));
#11824=CARTESIAN_POINT('Ctrl Pts',(-2.852360177614,5.87151168481,2.101));
#11825=CARTESIAN_POINT('Ctrl Pts',(-2.830525261371,5.85934651719,2.101));
#11826=CARTESIAN_POINT('Origin',(-2.830525261371,5.900520930675,2.101));
#11827=CARTESIAN_POINT('',(-2.830525261371,5.900520930675,2.1));
#11828=CARTESIAN_POINT('',(-2.830525261371,5.900520930675,2.1));
#11829=CARTESIAN_POINT('',(-2.830525261371,5.900520930675,2.101));
#11830=CARTESIAN_POINT('',(-2.830525261371,5.900520930675,2.101));
#11831=CARTESIAN_POINT('',(-2.830525261371,5.900520930675,2.101));
#11832=CARTESIAN_POINT('Ctrl Pts',(-2.830525261371,5.900520930675,2.101));
#11833=CARTESIAN_POINT('Ctrl Pts',(-2.830525261371,5.900520930675,2.0998));
#11834=CARTESIAN_POINT('Ctrl Pts',(-2.84955283124,5.908787006111,2.101));
#11835=CARTESIAN_POINT('Ctrl Pts',(-2.84955283124,5.908787006111,2.0998));
#11836=CARTESIAN_POINT('Ctrl Pts',(-2.873649220951,5.912998025671,2.101));
#11837=CARTESIAN_POINT('Ctrl Pts',(-2.873649220951,5.912998025671,2.0998));
#11838=CARTESIAN_POINT('Ctrl Pts',(-2.902814430504,5.912998025671,2.101));
#11839=CARTESIAN_POINT('Ctrl Pts',(-2.902814430504,5.912998025671,2.0998));
#11840=CARTESIAN_POINT('',(-2.902814430504,5.912998025671,2.1));
#11841=CARTESIAN_POINT('Origin',(-4.61637691483571,4.43633499104422,2.1));
#11842=CARTESIAN_POINT('',(-2.902814430504,5.912998025671,2.101));
#11843=CARTESIAN_POINT('',(-2.902814430504,5.912998025671,2.101));
#11844=CARTESIAN_POINT('Origin',(-4.61637691483571,4.43633499104422,2.101));
#11845=CARTESIAN_POINT('Ctrl Pts',(-2.902814430504,5.912998025671,2.101));
#11846=CARTESIAN_POINT('Ctrl Pts',(-2.902814430504,5.912998025671,2.0998));
#11847=CARTESIAN_POINT('Ctrl Pts',(-2.948121881707,5.912998025671,2.101));
#11848=CARTESIAN_POINT('Ctrl Pts',(-2.948121881707,5.912998025671,2.0998));
#11849=CARTESIAN_POINT('Ctrl Pts',(-2.98547518485,5.898025511677,2.101));
#11850=CARTESIAN_POINT('Ctrl Pts',(-2.98547518485,5.898025511677,2.0998));
#11851=CARTESIAN_POINT('Ctrl Pts',(-3.014874339935,5.868080483686,2.101));
#11852=CARTESIAN_POINT('Ctrl Pts',(-3.014874339935,5.868080483686,2.0998));
#11853=CARTESIAN_POINT('',(-3.014874339935,5.868080483686,2.1));
#11854=CARTESIAN_POINT('Ctrl Pts',(-2.902814430504,5.912998025671,2.1));
#11855=CARTESIAN_POINT('Ctrl Pts',(-2.948121881707,5.912998025671,2.1));
#11856=CARTESIAN_POINT('Ctrl Pts',(-2.98547518485,5.898025511677,2.1));
#11857=CARTESIAN_POINT('Ctrl Pts',(-3.014874339935,5.868080483686,2.1));
#11858=CARTESIAN_POINT('',(-3.014874339935,5.868080483686,2.101));
#11859=CARTESIAN_POINT('',(-3.014874339935,5.868080483686,2.101));
#11860=CARTESIAN_POINT('Ctrl Pts',(-2.902814430504,5.912998025671,2.101));
#11861=CARTESIAN_POINT('Ctrl Pts',(-2.948121881707,5.912998025671,2.101));
#11862=CARTESIAN_POINT('Ctrl Pts',(-2.98547518485,5.898025511677,2.101));
#11863=CARTESIAN_POINT('Ctrl Pts',(-3.014874339935,5.868080483686,2.101));
#11864=CARTESIAN_POINT('Ctrl Pts',(-3.014874339935,5.868080483686,2.101));
#11865=CARTESIAN_POINT('Ctrl Pts',(-3.014874339935,5.868080483686,2.0998));
#11866=CARTESIAN_POINT('Ctrl Pts',(-3.044273495019,5.838135455697,2.101));
#11867=CARTESIAN_POINT('Ctrl Pts',(-3.044273495019,5.838135455697,2.0998));
#11868=CARTESIAN_POINT('Ctrl Pts',(-3.058934081639,5.798676642772,2.101));
#11869=CARTESIAN_POINT('Ctrl Pts',(-3.058934081639,5.798676642772,2.0998));
#11870=CARTESIAN_POINT('Ctrl Pts',(-3.058934081639,5.749548081226,2.101));
#11871=CARTESIAN_POINT('Ctrl Pts',(-3.058934081639,5.749548081226,2.0998));
#11872=CARTESIAN_POINT('',(-3.058934081639,5.749548081226,2.1));
#11873=CARTESIAN_POINT('Ctrl Pts',(-3.014874339935,5.868080483686,2.1));
#11874=CARTESIAN_POINT('Ctrl Pts',(-3.044273495019,5.838135455697,2.1));
#11875=CARTESIAN_POINT('Ctrl Pts',(-3.058934081639,5.798676642772,2.1));
#11876=CARTESIAN_POINT('Ctrl Pts',(-3.058934081639,5.749548081226,2.1));
#11877=CARTESIAN_POINT('',(-3.058934081639,5.749548081226,2.101));
#11878=CARTESIAN_POINT('',(-3.058934081639,5.749548081226,2.101));
#11879=CARTESIAN_POINT('Ctrl Pts',(-3.014874339935,5.868080483686,2.101));
#11880=CARTESIAN_POINT('Ctrl Pts',(-3.044273495019,5.838135455697,2.101));
#11881=CARTESIAN_POINT('Ctrl Pts',(-3.058934081639,5.798676642772,2.101));
#11882=CARTESIAN_POINT('Ctrl Pts',(-3.058934081639,5.749548081226,2.101));
#11883=CARTESIAN_POINT('Ctrl Pts',(-3.058934081639,5.749548081226,2.101));
#11884=CARTESIAN_POINT('Ctrl Pts',(-3.058934081639,5.749548081226,2.0998));
#11885=CARTESIAN_POINT('Ctrl Pts',(-3.058934081639,5.703850720804,2.101));
#11886=CARTESIAN_POINT('Ctrl Pts',(-3.058934081639,5.703850720804,2.0998));
#11887=CARTESIAN_POINT('Ctrl Pts',(-3.045911113737,5.667043290566,2.101));
#11888=CARTESIAN_POINT('Ctrl Pts',(-3.045911113737,5.667043290566,2.0998));
#11889=CARTESIAN_POINT('Ctrl Pts',(-3.019787196089,5.639281754201,2.101));
#11890=CARTESIAN_POINT('Ctrl Pts',(-3.019787196089,5.639281754201,2.0998));
#11891=CARTESIAN_POINT('',(-3.019787196089,5.639281754201,2.1));
#11892=CARTESIAN_POINT('Origin',(10.1367159546495,14.803852752488,2.1));
#11893=CARTESIAN_POINT('',(-3.019787196089,5.639281754201,2.101));
#11894=CARTESIAN_POINT('',(-3.019787196089,5.639281754201,2.101));
#11895=CARTESIAN_POINT('Origin',(10.1367159546495,14.803852752488,2.101));
#11896=CARTESIAN_POINT('Ctrl Pts',(-3.019787196089,5.639281754201,2.101));
#11897=CARTESIAN_POINT('Ctrl Pts',(-3.019787196089,5.639281754201,2.0998));
#11898=CARTESIAN_POINT('Ctrl Pts',(-2.993663278441,5.611520217836,2.101));
#11899=CARTESIAN_POINT('Ctrl Pts',(-2.993663278441,5.611520217836,2.0998));
#11900=CARTESIAN_POINT('Ctrl Pts',(-2.958727412454,5.597639449652,2.101));
#11901=CARTESIAN_POINT('Ctrl Pts',(-2.958727412454,5.597639449652,2.0998));
#11902=CARTESIAN_POINT('Ctrl Pts',(-2.914979598124,5.597639449652,2.101));
#11903=CARTESIAN_POINT('Ctrl Pts',(-2.914979598124,5.597639449652,2.0998));
#11904=CARTESIAN_POINT('Ctrl Pts',(-3.019787196089,5.639281754201,2.1));
#11905=CARTESIAN_POINT('Ctrl Pts',(-2.993663278441,5.611520217836,2.1));
#11906=CARTESIAN_POINT('Ctrl Pts',(-2.958727412454,5.597639449652,2.1));
#11907=CARTESIAN_POINT('Ctrl Pts',(-2.914979598124,5.597639449652,2.1));
#11908=CARTESIAN_POINT('Ctrl Pts',(-3.019787196089,5.639281754201,2.101));
#11909=CARTESIAN_POINT('Ctrl Pts',(-2.993663278441,5.611520217836,2.101));
#11910=CARTESIAN_POINT('Ctrl Pts',(-2.958727412454,5.597639449652,2.101));
#11911=CARTESIAN_POINT('Ctrl Pts',(-2.914979598124,5.597639449652,2.101));
#11912=CARTESIAN_POINT('Origin',(-2.868482923804,5.602084414744,2.101));
#11913=CARTESIAN_POINT('Origin',(-2.868482923804,5.602084414744,2.1));
#11914=CARTESIAN_POINT('Origin',(-2.605391678541,5.637566153639,2.101));
#11915=CARTESIAN_POINT('',(-2.605391678541,5.602786251338,2.1));
#11916=CARTESIAN_POINT('',(-2.605391678541,5.637566153639,2.1));
#11917=CARTESIAN_POINT('',(-2.605391678541,5.637566153639,2.1));
#11918=CARTESIAN_POINT('',(-2.605391678541,5.637566153639,2.101));
#11919=CARTESIAN_POINT('',(-2.605391678541,5.637566153639,2.101));
#11920=CARTESIAN_POINT('',(-2.605391678541,5.602786251338,2.101));
#11921=CARTESIAN_POINT('',(-2.605391678541,5.637566153639,2.101));
#11922=CARTESIAN_POINT('',(-2.605391678541,5.602786251338,2.101));
#11923=CARTESIAN_POINT('Origin',(-2.730084646655,5.637566153639,2.101));
#11924=CARTESIAN_POINT('',(-2.730084646655,5.637566153639,2.1));
#11925=CARTESIAN_POINT('',(-2.730084646655,5.637566153639,2.1));
#11926=CARTESIAN_POINT('',(-2.730084646655,5.637566153639,2.101));
#11927=CARTESIAN_POINT('',(-2.730084646655,5.637566153639,2.101));
#11928=CARTESIAN_POINT('',(-2.730084646655,5.637566153639,2.101));
#11929=CARTESIAN_POINT('Origin',(-2.730084646655,5.740190259979,2.101));
#11930=CARTESIAN_POINT('',(-2.730084646655,5.740190259979,2.1));
#11931=CARTESIAN_POINT('',(-2.730084646655,5.740190259979,2.1));
#11932=CARTESIAN_POINT('',(-2.730084646655,5.740190259979,2.101));
#11933=CARTESIAN_POINT('',(-2.730084646655,5.740190259979,2.101));
#11934=CARTESIAN_POINT('',(-2.730084646655,5.740190259979,2.101));
#11935=CARTESIAN_POINT('Origin',(-2.620988047286,5.740190259979,2.101));
#11936=CARTESIAN_POINT('',(-2.620988047286,5.740190259979,2.1));
#11937=CARTESIAN_POINT('',(-2.620988047286,5.740190259979,2.1));
#11938=CARTESIAN_POINT('',(-2.620988047286,5.740190259979,2.101));
#11939=CARTESIAN_POINT('',(-2.620988047286,5.740190259979,2.101));
#11940=CARTESIAN_POINT('',(-2.620988047286,5.740190259979,2.101));
#11941=CARTESIAN_POINT('Origin',(-2.620988047286,5.775126125967,2.101));
#11942=CARTESIAN_POINT('',(-2.620988047286,5.775126125967,2.1));
#11943=CARTESIAN_POINT('',(-2.620988047286,5.775126125967,2.1));
#11944=CARTESIAN_POINT('',(-2.620988047286,5.775126125967,2.101));
#11945=CARTESIAN_POINT('',(-2.620988047286,5.775126125967,2.101));
#11946=CARTESIAN_POINT('',(-2.620988047286,5.775126125967,2.101));
#11947=CARTESIAN_POINT('Origin',(-2.730084646655,5.775126125967,2.101));
#11948=CARTESIAN_POINT('',(-2.730084646655,5.775126125967,2.1));
#11949=CARTESIAN_POINT('',(-2.730084646655,5.775126125967,2.1));
#11950=CARTESIAN_POINT('',(-2.730084646655,5.775126125967,2.101));
#11951=CARTESIAN_POINT('',(-2.730084646655,5.775126125967,2.101));
#11952=CARTESIAN_POINT('',(-2.730084646655,5.775126125967,2.101));
#11953=CARTESIAN_POINT('Origin',(-2.730084646655,5.87275939431,2.101));
#11954=CARTESIAN_POINT('',(-2.730084646655,5.87275939431,2.1));
#11955=CARTESIAN_POINT('',(-2.730084646655,5.87275939431,2.1));
#11956=CARTESIAN_POINT('',(-2.730084646655,5.87275939431,2.101));
#11957=CARTESIAN_POINT('',(-2.730084646655,5.87275939431,2.101));
#11958=CARTESIAN_POINT('',(-2.730084646655,5.87275939431,2.101));
#11959=CARTESIAN_POINT('Origin',(-2.612332062632,5.87275939431,2.101));
#11960=CARTESIAN_POINT('',(-2.612332062632,5.87275939431,2.1));
#11961=CARTESIAN_POINT('',(-2.612332062632,5.87275939431,2.1));
#11962=CARTESIAN_POINT('',(-2.612332062632,5.87275939431,2.101));
#11963=CARTESIAN_POINT('',(-2.612332062632,5.87275939431,2.101));
#11964=CARTESIAN_POINT('',(-2.612332062632,5.87275939431,2.101));
#11965=CARTESIAN_POINT('Origin',(-2.612332062632,5.907851223985,2.101));
#11966=CARTESIAN_POINT('',(-2.612332062632,5.907851223985,2.1));
#11967=CARTESIAN_POINT('',(-2.612332062632,5.907851223985,2.1));
#11968=CARTESIAN_POINT('',(-2.612332062632,5.907851223985,2.101));
#11969=CARTESIAN_POINT('',(-2.612332062632,5.907851223985,2.101));
#11970=CARTESIAN_POINT('',(-2.612332062632,5.907851223985,2.101));
#11971=CARTESIAN_POINT('Origin',(-2.769465477735,5.907851223985,2.101));
#11972=CARTESIAN_POINT('',(-2.769465477735,5.907851223985,2.1));
#11973=CARTESIAN_POINT('',(-2.769465477735,5.907851223985,2.1));
#11974=CARTESIAN_POINT('',(-2.769465477735,5.907851223985,2.101));
#11975=CARTESIAN_POINT('',(-2.769465477735,5.907851223985,2.101));
#11976=CARTESIAN_POINT('',(-2.769465477735,5.907851223985,2.101));
#11977=CARTESIAN_POINT('Origin',(-2.769465477735,5.602786251338,2.101));
#11978=CARTESIAN_POINT('',(-2.769465477735,5.602786251338,2.1));
#11979=CARTESIAN_POINT('',(-2.769465477735,5.602786251338,2.1));
#11980=CARTESIAN_POINT('',(-2.769465477735,5.602786251338,2.101));
#11981=CARTESIAN_POINT('',(-2.769465477735,5.602786251338,2.101));
#11982=CARTESIAN_POINT('',(-2.769465477735,5.602786251338,2.101));
#11983=CARTESIAN_POINT('Origin',(-2.605391678541,5.602786251338,2.101));
#11984=CARTESIAN_POINT('',(-2.605391678541,5.602786251338,2.1));
#11985=CARTESIAN_POINT('',(-2.605391678541,5.602786251338,2.101));
#11986=CARTESIAN_POINT('Origin',(0.,0.,2.101));
#11987=CARTESIAN_POINT('Origin',(0.,0.,2.1));
#11988=CARTESIAN_POINT('Origin',(-2.39721914672,5.897772070684,2.101));
#11989=CARTESIAN_POINT('',(-2.547763096029,5.602786251338,2.101));
#11990=CARTESIAN_POINT('',(-2.463854632182,5.602786251338,2.101));
#11991=CARTESIAN_POINT('',(-2.463854632182,5.602786251338,2.101));
#11992=CARTESIAN_POINT('',(-2.345400211565,5.645520301698,2.101));
#11993=CARTESIAN_POINT('Origin',(-19.0061536876935,32.2138921371565,2.101));
#11994=CARTESIAN_POINT('',(-2.299390923769,5.759217829849,2.101));
#11995=CARTESIAN_POINT('Origin',(-36.6760046269177,26.6096535279482,2.101));
#11996=CARTESIAN_POINT('',(-2.345400211565,5.867456628937,2.101));
#11997=CARTESIAN_POINT('Ctrl Pts',(-2.299390923769,5.759217829849,2.101));
#11998=CARTESIAN_POINT('Ctrl Pts',(-2.299390923769,5.804447299207,2.101));
#11999=CARTESIAN_POINT('Ctrl Pts',(-2.314753346981,5.840474911008,2.101));
#12000=CARTESIAN_POINT('Ctrl Pts',(-2.345400211565,5.867456628937,2.101));
#12001=CARTESIAN_POINT('',(-2.460735358432,5.907851223985,2.101));
#12002=CARTESIAN_POINT('Ctrl Pts',(-2.345400211565,5.867456628937,2.101));
#12003=CARTESIAN_POINT('Ctrl Pts',(-2.376047076149,5.894438346866,2.101));
#12004=CARTESIAN_POINT('Ctrl Pts',(-2.414492125105,5.907851223985,2.101));
#12005=CARTESIAN_POINT('Ctrl Pts',(-2.460735358432,5.907851223985,2.101));
#12006=CARTESIAN_POINT('',(-2.547763096029,5.907851223985,2.101));
#12007=CARTESIAN_POINT('',(-2.547763096029,5.907851223985,2.101));
#12008=CARTESIAN_POINT('',(-2.547763096029,5.602786251338,2.101));
#12009=CARTESIAN_POINT('',(-2.508382264947,5.87275939431,2.101));
#12010=CARTESIAN_POINT('',(-2.508382264947,5.637566153639,2.101));
#12011=CARTESIAN_POINT('',(-2.508382264947,5.87275939431,2.101));
#12012=CARTESIAN_POINT('',(-2.462294995309,5.87275939431,2.101));
#12013=CARTESIAN_POINT('',(-2.462294995309,5.87275939431,2.101));
#12014=CARTESIAN_POINT('',(-2.374253493743,5.844062075819,2.101));
#12015=CARTESIAN_POINT('Origin',(-17.1036221978091,-13.9136103982857,2.101));
#12016=CARTESIAN_POINT('',(-2.340799282785,5.758126084036,2.101));
#12017=CARTESIAN_POINT('Origin',(-8.4799095598341,0.606333757991074,2.101));
#12018=CARTESIAN_POINT('',(-2.373395693461,5.669382745877,2.101));
#12019=CARTESIAN_POINT('Origin',(-12.2189796378489,13.4751226425793,2.101));
#12020=CARTESIAN_POINT('',(-2.464088577713,5.637566153639,2.101));
#12021=CARTESIAN_POINT('Origin',(-11.9822319318164,17.5133577336723,2.101));
#12022=CARTESIAN_POINT('',(-2.508382264947,5.637566153639,2.101));
#12023=CARTESIAN_POINT('Origin',(-2.39721914672,5.897772070684,2.1));
#12024=CARTESIAN_POINT('',(-2.547763096029,5.602786251338,2.1));
#12025=CARTESIAN_POINT('',(-2.463854632182,5.602786251338,2.1));
#12026=CARTESIAN_POINT('',(-2.463854632182,5.602786251338,2.1));
#12027=CARTESIAN_POINT('',(-2.547763096029,5.907851223985,2.1));
#12028=CARTESIAN_POINT('',(-2.547763096029,5.602786251338,2.1));
#12029=CARTESIAN_POINT('',(-2.460735358432,5.907851223985,2.1));
#12030=CARTESIAN_POINT('',(-2.547763096029,5.907851223985,2.1));
#12031=CARTESIAN_POINT('',(-2.345400211565,5.867456628937,2.1));
#12032=CARTESIAN_POINT('Ctrl Pts',(-2.345400211565,5.867456628937,2.1));
#12033=CARTESIAN_POINT('Ctrl Pts',(-2.376047076149,5.894438346866,2.1));
#12034=CARTESIAN_POINT('Ctrl Pts',(-2.414492125105,5.907851223985,2.1));
#12035=CARTESIAN_POINT('Ctrl Pts',(-2.460735358432,5.907851223985,2.1));
#12036=CARTESIAN_POINT('',(-2.299390923769,5.759217829849,2.1));
#12037=CARTESIAN_POINT('Ctrl Pts',(-2.299390923769,5.759217829849,2.1));
#12038=CARTESIAN_POINT('Ctrl Pts',(-2.299390923769,5.804447299207,2.1));
#12039=CARTESIAN_POINT('Ctrl Pts',(-2.314753346981,5.840474911008,2.1));
#12040=CARTESIAN_POINT('Ctrl Pts',(-2.345400211565,5.867456628937,2.1));
#12041=CARTESIAN_POINT('',(-2.345400211565,5.645520301698,2.1));
#12042=CARTESIAN_POINT('Origin',(-36.6760046269177,26.6096535279482,2.1));
#12043=CARTESIAN_POINT('Origin',(-19.0061536876935,32.2138921371565,2.1));
#12044=CARTESIAN_POINT('',(-2.462294995309,5.87275939431,2.1));
#12045=CARTESIAN_POINT('',(-2.508382264947,5.87275939431,2.1));
#12046=CARTESIAN_POINT('',(-2.462294995309,5.87275939431,2.1));
#12047=CARTESIAN_POINT('',(-2.508382264947,5.637566153639,2.1));
#12048=CARTESIAN_POINT('',(-2.508382264947,5.87275939431,2.1));
#12049=CARTESIAN_POINT('',(-2.464088577713,5.637566153639,2.1));
#12050=CARTESIAN_POINT('',(-2.508382264947,5.637566153639,2.1));
#12051=CARTESIAN_POINT('',(-2.373395693461,5.669382745877,2.1));
#12052=CARTESIAN_POINT('Origin',(-11.9822319318164,17.5133577336723,2.1));
#12053=CARTESIAN_POINT('',(-2.340799282785,5.758126084036,2.1));
#12054=CARTESIAN_POINT('Origin',(-12.2189796378489,13.4751226425793,2.1));
#12055=CARTESIAN_POINT('',(-2.374253493743,5.844062075819,2.1));
#12056=CARTESIAN_POINT('Origin',(-8.4799095598341,0.606333757991074,2.1));
#12057=CARTESIAN_POINT('Origin',(-17.1036221978091,-13.9136103982857,2.1));
#12058=CARTESIAN_POINT('Origin',(-2.463854632182,5.602786251338,2.101));
#12059=CARTESIAN_POINT('',(-2.463854632182,5.602786251338,2.101));
#12060=CARTESIAN_POINT('',(-2.547763096029,5.602786251338,2.101));
#12061=CARTESIAN_POINT('Ctrl Pts',(-2.463854632182,5.602786251338,2.101));
#12062=CARTESIAN_POINT('Ctrl Pts',(-2.463854632182,5.602786251338,2.0998));
#12063=CARTESIAN_POINT('Ctrl Pts',(-2.415583870918,5.602786251338,2.101));
#12064=CARTESIAN_POINT('Ctrl Pts',(-2.415583870918,5.602786251338,2.0998));
#12065=CARTESIAN_POINT('Ctrl Pts',(-2.376047076149,5.616978946896,2.101));
#12066=CARTESIAN_POINT('Ctrl Pts',(-2.376047076149,5.616978946896,2.0998));
#12067=CARTESIAN_POINT('Ctrl Pts',(-2.345400211565,5.645520301698,2.101));
#12068=CARTESIAN_POINT('Ctrl Pts',(-2.345400211565,5.645520301698,2.0998));
#12069=CARTESIAN_POINT('',(-2.345400211565,5.645520301698,2.101));
#12070=CARTESIAN_POINT('Ctrl Pts',(-2.345400211565,5.645520301698,2.101));
#12071=CARTESIAN_POINT('Ctrl Pts',(-2.345400211565,5.645520301698,2.0998));
#12072=CARTESIAN_POINT('Ctrl Pts',(-2.314753346981,5.674061656502,2.101));
#12073=CARTESIAN_POINT('Ctrl Pts',(-2.314753346981,5.674061656502,2.0998));
#12074=CARTESIAN_POINT('Ctrl Pts',(-2.299390923769,5.711960832552,2.101));
#12075=CARTESIAN_POINT('Ctrl Pts',(-2.299390923769,5.711960832552,2.0998));
#12076=CARTESIAN_POINT('Ctrl Pts',(-2.299390923769,5.759217829849,2.101));
#12077=CARTESIAN_POINT('Ctrl Pts',(-2.299390923769,5.759217829849,2.0998));
#12078=CARTESIAN_POINT('',(-2.299390923769,5.759217829849,2.101));
#12079=CARTESIAN_POINT('Ctrl Pts',(-2.299390923769,5.759217829849,2.101));
#12080=CARTESIAN_POINT('Ctrl Pts',(-2.299390923769,5.759217829849,2.0998));
#12081=CARTESIAN_POINT('Ctrl Pts',(-2.299390923769,5.804447299207,2.101));
#12082=CARTESIAN_POINT('Ctrl Pts',(-2.299390923769,5.804447299207,2.0998));
#12083=CARTESIAN_POINT('Ctrl Pts',(-2.314753346981,5.840474911008,2.101));
#12084=CARTESIAN_POINT('Ctrl Pts',(-2.314753346981,5.840474911008,2.0998));
#12085=CARTESIAN_POINT('Ctrl Pts',(-2.345400211565,5.867456628937,2.101));
#12086=CARTESIAN_POINT('Ctrl Pts',(-2.345400211565,5.867456628937,2.0998));
#12087=CARTESIAN_POINT('',(-2.345400211565,5.867456628937,2.101));
#12088=CARTESIAN_POINT('Ctrl Pts',(-2.345400211565,5.867456628937,2.101));
#12089=CARTESIAN_POINT('Ctrl Pts',(-2.345400211565,5.867456628937,2.0998));
#12090=CARTESIAN_POINT('Ctrl Pts',(-2.376047076149,5.894438346866,2.101));
#12091=CARTESIAN_POINT('Ctrl Pts',(-2.376047076149,5.894438346866,2.0998));
#12092=CARTESIAN_POINT('Ctrl Pts',(-2.414492125105,5.907851223985,2.101));
#12093=CARTESIAN_POINT('Ctrl Pts',(-2.414492125105,5.907851223985,2.0998));
#12094=CARTESIAN_POINT('Ctrl Pts',(-2.460735358432,5.907851223985,2.101));
#12095=CARTESIAN_POINT('Ctrl Pts',(-2.460735358432,5.907851223985,2.0998));
#12096=CARTESIAN_POINT('',(-2.460735358432,5.907851223985,2.101));
#12097=CARTESIAN_POINT('Origin',(-2.547763096029,5.907851223985,2.101));
#12098=CARTESIAN_POINT('',(-2.547763096029,5.907851223985,2.101));
#12099=CARTESIAN_POINT('Origin',(-2.547763096029,5.602786251338,2.101));
#12100=CARTESIAN_POINT('Origin',(-2.462294995309,5.87275939431,2.101));
#12101=CARTESIAN_POINT('',(-2.462294995309,5.87275939431,2.101));
#12102=CARTESIAN_POINT('',(-2.508382264947,5.87275939431,2.101));
#12103=CARTESIAN_POINT('Origin',(-2.508382264947,5.87275939431,2.101));
#12104=CARTESIAN_POINT('',(-2.508382264947,5.637566153639,2.101));
#12105=CARTESIAN_POINT('Origin',(-2.508382264947,5.637566153639,2.101));
#12106=CARTESIAN_POINT('',(-2.464088577713,5.637566153639,2.101));
#12107=CARTESIAN_POINT('Ctrl Pts',(-2.464088577713,5.637566153639,2.101));
#12108=CARTESIAN_POINT('Ctrl Pts',(-2.464088577713,5.637566153639,2.0998));
#12109=CARTESIAN_POINT('Ctrl Pts',(-2.425331601383,5.637566153639,2.101));
#12110=CARTESIAN_POINT('Ctrl Pts',(-2.425331601383,5.637566153639,2.0998));
#12111=CARTESIAN_POINT('Ctrl Pts',(-2.395074646017,5.648171684386,2.101));
#12112=CARTESIAN_POINT('Ctrl Pts',(-2.395074646017,5.648171684386,2.0998));
#12113=CARTESIAN_POINT('Ctrl Pts',(-2.373395693461,5.669382745877,2.101));
#12114=CARTESIAN_POINT('Ctrl Pts',(-2.373395693461,5.669382745877,2.0998));
#12115=CARTESIAN_POINT('',(-2.373395693461,5.669382745877,2.101));
#12116=CARTESIAN_POINT('Ctrl Pts',(-2.373395693461,5.669382745877,2.101));
#12117=CARTESIAN_POINT('Ctrl Pts',(-2.373395693461,5.669382745877,2.0998));
#12118=CARTESIAN_POINT('Ctrl Pts',(-2.351638759062,5.690437843684,2.101));
#12119=CARTESIAN_POINT('Ctrl Pts',(-2.351638759062,5.690437843684,2.0998));
#12120=CARTESIAN_POINT('Ctrl Pts',(-2.340799282785,5.720070944298,2.101));
#12121=CARTESIAN_POINT('Ctrl Pts',(-2.340799282785,5.720070944298,2.0998));
#12122=CARTESIAN_POINT('Ctrl Pts',(-2.340799282785,5.758126084036,2.101));
#12123=CARTESIAN_POINT('Ctrl Pts',(-2.340799282785,5.758126084036,2.0998));
#12124=CARTESIAN_POINT('',(-2.340799282785,5.758126084036,2.101));
#12125=CARTESIAN_POINT('Ctrl Pts',(-2.340799282785,5.758126084036,2.101));
#12126=CARTESIAN_POINT('Ctrl Pts',(-2.340799282785,5.758126084036,2.0998));
#12127=CARTESIAN_POINT('Ctrl Pts',(-2.340799282785,5.796181223773,2.101));
#12128=CARTESIAN_POINT('Ctrl Pts',(-2.340799282785,5.796181223773,2.0998));
#12129=CARTESIAN_POINT('Ctrl Pts',(-2.351950686439,5.824878542264,2.101));
#12130=CARTESIAN_POINT('Ctrl Pts',(-2.351950686439,5.824878542264,2.0998));
#12131=CARTESIAN_POINT('Ctrl Pts',(-2.374253493743,5.844062075819,2.101));
#12132=CARTESIAN_POINT('Ctrl Pts',(-2.374253493743,5.844062075819,2.0998));
#12133=CARTESIAN_POINT('',(-2.374253493743,5.844062075819,2.101));
#12134=CARTESIAN_POINT('Ctrl Pts',(-2.374253493743,5.844062075819,2.101));
#12135=CARTESIAN_POINT('Ctrl Pts',(-2.374253493743,5.844062075819,2.0998));
#12136=CARTESIAN_POINT('Ctrl Pts',(-2.39655630105,5.863245609376,2.101));
#12137=CARTESIAN_POINT('Ctrl Pts',(-2.39655630105,5.863245609376,2.0998));
#12138=CARTESIAN_POINT('Ctrl Pts',(-2.425955456134,5.87275939431,2.101));
#12139=CARTESIAN_POINT('Ctrl Pts',(-2.425955456134,5.87275939431,2.0998));
#12140=CARTESIAN_POINT('Ctrl Pts',(-2.462294995309,5.87275939431,2.101));
#12141=CARTESIAN_POINT('Ctrl Pts',(-2.462294995309,5.87275939431,2.0998));
#12142=CARTESIAN_POINT('Origin',(0.,0.,2.101));
#12143=CARTESIAN_POINT('',(-2.007972773772,5.602786251338,2.101));
#12144=CARTESIAN_POINT('',(-2.124165720921,5.907851223985,2.101));
#12145=CARTESIAN_POINT('',(-2.124165720921,5.907851223985,2.101));
#12146=CARTESIAN_POINT('',(-2.166275916532,5.907851223985,2.101));
#12147=CARTESIAN_POINT('',(-2.166275916532,5.907851223985,2.101));
#12148=CARTESIAN_POINT('',(-2.282468863679,5.602786251338,2.101));
#12149=CARTESIAN_POINT('',(-2.282468863679,5.602786251338,2.101));
#12150=CARTESIAN_POINT('',(-2.238954994883,5.602786251338,2.101));
#12151=CARTESIAN_POINT('',(-2.238954994883,5.602786251338,2.101));
#12152=CARTESIAN_POINT('',(-2.209633821643,5.686226824123,2.101));
#12153=CARTESIAN_POINT('',(-2.209633821643,5.686226824123,2.101));
#12154=CARTESIAN_POINT('',(-2.082601398216,5.686226824123,2.101));
#12155=CARTESIAN_POINT('',(-2.082601398216,5.686226824123,2.101));
#12156=CARTESIAN_POINT('',(-2.051486642571,5.602786251338,2.101));
#12157=CARTESIAN_POINT('',(-2.051486642571,5.602786251338,2.101));
#12158=CARTESIAN_POINT('',(-2.007972773772,5.602786251338,2.101));
#12159=CARTESIAN_POINT('',(-2.197156726647,5.720694799049,2.101));
#12160=CARTESIAN_POINT('',(-2.094766565838,5.720694799049,2.101));
#12161=CARTESIAN_POINT('',(-2.197156726647,5.720694799049,2.101));
#12162=CARTESIAN_POINT('',(-2.151537348069,5.847493276943,2.101));
#12163=CARTESIAN_POINT('',(-2.151537348069,5.847493276943,2.101));
#12164=CARTESIAN_POINT('',(-2.14654651007,5.868860302124,2.101));
#12165=CARTESIAN_POINT('Ctrl Pts',(-2.14654651007,5.868860302124,2.101));
#12166=CARTESIAN_POINT('Ctrl Pts',(-2.148028165101,5.859658444565,2.101));
#12167=CARTESIAN_POINT('Ctrl Pts',(-2.149665783819,5.852484114942,2.101));
#12168=CARTESIAN_POINT('Ctrl Pts',(-2.151537348069,5.847493276943,2.101));
#12169=CARTESIAN_POINT('',(-2.145610727946,5.868860302124,2.101));
#12170=CARTESIAN_POINT('',(-2.145610727946,5.868860302124,2.101));
#12171=CARTESIAN_POINT('',(-2.140853835478,5.847493276943,2.101));
#12172=CARTESIAN_POINT('Ctrl Pts',(-2.140853835478,5.847493276943,2.101));
#12173=CARTESIAN_POINT('Ctrl Pts',(-2.142335490509,5.851704296504,2.101));
#12174=CARTESIAN_POINT('Ctrl Pts',(-2.143895127384,5.858722662439,2.101));
#12175=CARTESIAN_POINT('Ctrl Pts',(-2.145610727946,5.868860302124,2.101));
#12176=CARTESIAN_POINT('',(-2.094766565838,5.720694799049,2.101));
#12177=CARTESIAN_POINT('Origin',(0.,0.,2.1));
#12178=CARTESIAN_POINT('',(-2.007972773772,5.602786251338,2.1));
#12179=CARTESIAN_POINT('',(-2.124165720921,5.907851223985,2.1));
#12180=CARTESIAN_POINT('',(-2.124165720921,5.907851223985,2.1));
#12181=CARTESIAN_POINT('',(-2.051486642571,5.602786251338,2.1));
#12182=CARTESIAN_POINT('',(-2.007972773772,5.602786251338,2.1));
#12183=CARTESIAN_POINT('',(-2.082601398216,5.686226824123,2.1));
#12184=CARTESIAN_POINT('',(-2.051486642571,5.602786251338,2.1));
#12185=CARTESIAN_POINT('',(-2.209633821643,5.686226824123,2.1));
#12186=CARTESIAN_POINT('',(-2.082601398216,5.686226824123,2.1));
#12187=CARTESIAN_POINT('',(-2.238954994883,5.602786251338,2.1));
#12188=CARTESIAN_POINT('',(-2.209633821643,5.686226824123,2.1));
#12189=CARTESIAN_POINT('',(-2.282468863679,5.602786251338,2.1));
#12190=CARTESIAN_POINT('',(-2.238954994883,5.602786251338,2.1));
#12191=CARTESIAN_POINT('',(-2.166275916532,5.907851223985,2.1));
#12192=CARTESIAN_POINT('',(-2.282468863679,5.602786251338,2.1));
#12193=CARTESIAN_POINT('',(-2.166275916532,5.907851223985,2.1));
#12194=CARTESIAN_POINT('',(-2.151537348069,5.847493276943,2.1));
#12195=CARTESIAN_POINT('',(-2.197156726647,5.720694799049,2.1));
#12196=CARTESIAN_POINT('',(-2.151537348069,5.847493276943,2.1));
#12197=CARTESIAN_POINT('',(-2.094766565838,5.720694799049,2.1));
#12198=CARTESIAN_POINT('',(-2.197156726647,5.720694799049,2.1));
#12199=CARTESIAN_POINT('',(-2.140853835478,5.847493276943,2.1));
#12200=CARTESIAN_POINT('',(-2.094766565838,5.720694799049,2.1));
#12201=CARTESIAN_POINT('',(-2.145610727946,5.868860302124,2.1));
#12202=CARTESIAN_POINT('Ctrl Pts',(-2.140853835478,5.847493276943,2.1));
#12203=CARTESIAN_POINT('Ctrl Pts',(-2.142335490509,5.851704296504,2.1));
#12204=CARTESIAN_POINT('Ctrl Pts',(-2.143895127384,5.858722662439,2.1));
#12205=CARTESIAN_POINT('Ctrl Pts',(-2.145610727946,5.868860302124,2.1));
#12206=CARTESIAN_POINT('',(-2.14654651007,5.868860302124,2.1));
#12207=CARTESIAN_POINT('',(-2.145610727946,5.868860302124,2.1));
#12208=CARTESIAN_POINT('Ctrl Pts',(-2.14654651007,5.868860302124,2.1));
#12209=CARTESIAN_POINT('Ctrl Pts',(-2.148028165101,5.859658444565,2.1));
#12210=CARTESIAN_POINT('Ctrl Pts',(-2.149665783819,5.852484114942,2.1));
#12211=CARTESIAN_POINT('Ctrl Pts',(-2.151537348069,5.847493276943,2.1));
#12212=CARTESIAN_POINT('Origin',(-2.124165720921,5.907851223985,2.101));
#12213=CARTESIAN_POINT('',(-2.124165720921,5.907851223985,2.101));
#12214=CARTESIAN_POINT('',(-2.007972773772,5.602786251338,2.101));
#12215=CARTESIAN_POINT('Origin',(-2.166275916532,5.907851223985,2.101));
#12216=CARTESIAN_POINT('',(-2.166275916532,5.907851223985,2.101));
#12217=CARTESIAN_POINT('Origin',(-2.282468863679,5.602786251338,2.101));
#12218=CARTESIAN_POINT('',(-2.282468863679,5.602786251338,2.101));
#12219=CARTESIAN_POINT('Origin',(-2.238954994883,5.602786251338,2.101));
#12220=CARTESIAN_POINT('',(-2.238954994883,5.602786251338,2.101));
#12221=CARTESIAN_POINT('Origin',(-2.209633821643,5.686226824123,2.101));
#12222=CARTESIAN_POINT('',(-2.209633821643,5.686226824123,2.101));
#12223=CARTESIAN_POINT('Origin',(-2.082601398216,5.686226824123,2.101));
#12224=CARTESIAN_POINT('',(-2.082601398216,5.686226824123,2.101));
#12225=CARTESIAN_POINT('Origin',(-2.051486642571,5.602786251338,2.101));
#12226=CARTESIAN_POINT('',(-2.051486642571,5.602786251338,2.101));
#12227=CARTESIAN_POINT('Origin',(-2.007972773772,5.602786251338,2.101));
#12228=CARTESIAN_POINT('Origin',(-2.197156726647,5.720694799049,2.101));
#12229=CARTESIAN_POINT('',(-2.197156726647,5.720694799049,2.101));
#12230=CARTESIAN_POINT('',(-2.094766565838,5.720694799049,2.101));
#12231=CARTESIAN_POINT('Origin',(-2.094766565838,5.720694799049,2.101));
#12232=CARTESIAN_POINT('',(-2.140853835478,5.847493276943,2.101));
#12233=CARTESIAN_POINT('Ctrl Pts',(-2.140853835478,5.847493276943,2.101));
#12234=CARTESIAN_POINT('Ctrl Pts',(-2.140853835478,5.847493276943,2.0998));
#12235=CARTESIAN_POINT('Ctrl Pts',(-2.142335490509,5.851704296504,2.101));
#12236=CARTESIAN_POINT('Ctrl Pts',(-2.142335490509,5.851704296504,2.0998));
#12237=CARTESIAN_POINT('Ctrl Pts',(-2.143895127384,5.858722662439,2.101));
#12238=CARTESIAN_POINT('Ctrl Pts',(-2.143895127384,5.858722662439,2.0998));
#12239=CARTESIAN_POINT('Ctrl Pts',(-2.145610727946,5.868860302124,2.101));
#12240=CARTESIAN_POINT('Ctrl Pts',(-2.145610727946,5.868860302124,2.0998));
#12241=CARTESIAN_POINT('',(-2.145610727946,5.868860302124,2.101));
#12242=CARTESIAN_POINT('Origin',(-2.145610727946,5.868860302124,2.101));
#12243=CARTESIAN_POINT('',(-2.14654651007,5.868860302124,2.101));
#12244=CARTESIAN_POINT('Ctrl Pts',(-2.14654651007,5.868860302124,2.101));
#12245=CARTESIAN_POINT('Ctrl Pts',(-2.14654651007,5.868860302124,2.0998));
#12246=CARTESIAN_POINT('Ctrl Pts',(-2.148028165101,5.859658444565,2.101));
#12247=CARTESIAN_POINT('Ctrl Pts',(-2.148028165101,5.859658444565,2.0998));
#12248=CARTESIAN_POINT('Ctrl Pts',(-2.149665783819,5.852484114942,2.101));
#12249=CARTESIAN_POINT('Ctrl Pts',(-2.149665783819,5.852484114942,2.0998));
#12250=CARTESIAN_POINT('Ctrl Pts',(-2.151537348069,5.847493276943,2.101));
#12251=CARTESIAN_POINT('Ctrl Pts',(-2.151537348069,5.847493276943,2.0998));
#12252=CARTESIAN_POINT('',(-2.151537348069,5.847493276943,2.101));
#12253=CARTESIAN_POINT('Origin',(-2.151537348069,5.847493276943,2.101));
#12254=CARTESIAN_POINT('Origin',(-3.068213921042,5.15361083149,2.101));
#12255=CARTESIAN_POINT('',(-3.068213921042,5.118830929189,2.1));
#12256=CARTESIAN_POINT('',(-3.068213921042,5.15361083149,2.1));
#12257=CARTESIAN_POINT('',(-3.068213921042,5.15361083149,2.1));
#12258=CARTESIAN_POINT('',(-3.068213921042,5.15361083149,2.101));
#12259=CARTESIAN_POINT('',(-3.068213921042,5.15361083149,2.101));
#12260=CARTESIAN_POINT('',(-3.068213921042,5.118830929189,2.101));
#12261=CARTESIAN_POINT('',(-3.068213921042,5.15361083149,2.101));
#12262=CARTESIAN_POINT('',(-3.068213921042,5.118830929189,2.101));
#12263=CARTESIAN_POINT('Origin',(-3.192906889156,5.15361083149,2.101));
#12264=CARTESIAN_POINT('',(-3.192906889156,5.15361083149,2.1));
#12265=CARTESIAN_POINT('',(-3.192906889156,5.15361083149,2.1));
#12266=CARTESIAN_POINT('',(-3.192906889156,5.15361083149,2.101));
#12267=CARTESIAN_POINT('',(-3.192906889156,5.15361083149,2.101));
#12268=CARTESIAN_POINT('',(-3.192906889156,5.15361083149,2.101));
#12269=CARTESIAN_POINT('Origin',(-3.192906889156,5.25623493783,2.101));
#12270=CARTESIAN_POINT('',(-3.192906889156,5.25623493783,2.1));
#12271=CARTESIAN_POINT('',(-3.192906889156,5.25623493783,2.1));
#12272=CARTESIAN_POINT('',(-3.192906889156,5.25623493783,2.101));
#12273=CARTESIAN_POINT('',(-3.192906889156,5.25623493783,2.101));
#12274=CARTESIAN_POINT('',(-3.192906889156,5.25623493783,2.101));
#12275=CARTESIAN_POINT('Origin',(-3.083810289786,5.25623493783,2.101));
#12276=CARTESIAN_POINT('',(-3.083810289786,5.25623493783,2.1));
#12277=CARTESIAN_POINT('',(-3.083810289786,5.25623493783,2.1));
#12278=CARTESIAN_POINT('',(-3.083810289786,5.25623493783,2.101));
#12279=CARTESIAN_POINT('',(-3.083810289786,5.25623493783,2.101));
#12280=CARTESIAN_POINT('',(-3.083810289786,5.25623493783,2.101));
#12281=CARTESIAN_POINT('Origin',(-3.083810289786,5.291170803818,2.101));
#12282=CARTESIAN_POINT('',(-3.083810289786,5.291170803818,2.1));
#12283=CARTESIAN_POINT('',(-3.083810289786,5.291170803818,2.1));
#12284=CARTESIAN_POINT('',(-3.083810289786,5.291170803818,2.101));
#12285=CARTESIAN_POINT('',(-3.083810289786,5.291170803818,2.101));
#12286=CARTESIAN_POINT('',(-3.083810289786,5.291170803818,2.101));
#12287=CARTESIAN_POINT('Origin',(-3.192906889156,5.291170803818,2.101));
#12288=CARTESIAN_POINT('',(-3.192906889156,5.291170803818,2.1));
#12289=CARTESIAN_POINT('',(-3.192906889156,5.291170803818,2.1));
#12290=CARTESIAN_POINT('',(-3.192906889156,5.291170803818,2.101));
#12291=CARTESIAN_POINT('',(-3.192906889156,5.291170803818,2.101));
#12292=CARTESIAN_POINT('',(-3.192906889156,5.291170803818,2.101));
#12293=CARTESIAN_POINT('Origin',(-3.192906889156,5.388804072161,2.101));
#12294=CARTESIAN_POINT('',(-3.192906889156,5.388804072161,2.1));
#12295=CARTESIAN_POINT('',(-3.192906889156,5.388804072161,2.1));
#12296=CARTESIAN_POINT('',(-3.192906889156,5.388804072161,2.101));
#12297=CARTESIAN_POINT('',(-3.192906889156,5.388804072161,2.101));
#12298=CARTESIAN_POINT('',(-3.192906889156,5.388804072161,2.101));
#12299=CARTESIAN_POINT('Origin',(-3.075154305134,5.388804072161,2.101));
#12300=CARTESIAN_POINT('',(-3.075154305134,5.388804072161,2.1));
#12301=CARTESIAN_POINT('',(-3.075154305134,5.388804072161,2.1));
#12302=CARTESIAN_POINT('',(-3.075154305134,5.388804072161,2.101));
#12303=CARTESIAN_POINT('',(-3.075154305134,5.388804072161,2.101));
#12304=CARTESIAN_POINT('',(-3.075154305134,5.388804072161,2.101));
#12305=CARTESIAN_POINT('Origin',(-3.075154305134,5.423895901836,2.101));
#12306=CARTESIAN_POINT('',(-3.075154305134,5.423895901836,2.1));
#12307=CARTESIAN_POINT('',(-3.075154305134,5.423895901836,2.1));
#12308=CARTESIAN_POINT('',(-3.075154305134,5.423895901836,2.101));
#12309=CARTESIAN_POINT('',(-3.075154305134,5.423895901836,2.101));
#12310=CARTESIAN_POINT('',(-3.075154305134,5.423895901836,2.101));
#12311=CARTESIAN_POINT('Origin',(-3.232287720237,5.423895901836,2.101));
#12312=CARTESIAN_POINT('',(-3.232287720237,5.423895901836,2.1));
#12313=CARTESIAN_POINT('',(-3.232287720237,5.423895901836,2.1));
#12314=CARTESIAN_POINT('',(-3.232287720237,5.423895901836,2.101));
#12315=CARTESIAN_POINT('',(-3.232287720237,5.423895901836,2.101));
#12316=CARTESIAN_POINT('',(-3.232287720237,5.423895901836,2.101));
#12317=CARTESIAN_POINT('Origin',(-3.232287720237,5.118830929189,2.101));
#12318=CARTESIAN_POINT('',(-3.232287720237,5.118830929189,2.1));
#12319=CARTESIAN_POINT('',(-3.232287720237,5.118830929189,2.1));
#12320=CARTESIAN_POINT('',(-3.232287720237,5.118830929189,2.101));
#12321=CARTESIAN_POINT('',(-3.232287720237,5.118830929189,2.101));
#12322=CARTESIAN_POINT('',(-3.232287720237,5.118830929189,2.101));
#12323=CARTESIAN_POINT('Origin',(-3.068213921042,5.118830929189,2.101));
#12324=CARTESIAN_POINT('',(-3.068213921042,5.118830929189,2.1));
#12325=CARTESIAN_POINT('',(-3.068213921042,5.118830929189,2.101));
#12326=CARTESIAN_POINT('Origin',(0.,0.,2.101));
#12327=CARTESIAN_POINT('Origin',(0.,0.,2.1));
#12328=CARTESIAN_POINT('Origin',(-2.975386283819,5.33665371417,2.101));
#12329=CARTESIAN_POINT('',(-2.935332859336,5.341703038551,2.101));
#12330=CARTESIAN_POINT('',(-3.010351392999,5.321427759183,2.101));
#12331=CARTESIAN_POINT('Ctrl Pts',(-2.935332859336,5.341703038551,2.101));
#12332=CARTESIAN_POINT('Ctrl Pts',(-2.963718250451,5.341703038551,2.101));
#12333=CARTESIAN_POINT('Ctrl Pts',(-2.988750422287,5.33499659999,2.101));
#12334=CARTESIAN_POINT('Ctrl Pts',(-3.010351392999,5.321427759183,2.101));
#12335=CARTESIAN_POINT('',(-3.010351392999,5.284308401569,2.101));
#12336=CARTESIAN_POINT('',(-3.010351392999,5.284308401569,2.101));
#12337=CARTESIAN_POINT('',(-2.938920024147,5.310666264749,2.101));
#12338=CARTESIAN_POINT('Ctrl Pts',(-3.010351392999,5.284308401569,2.101));
#12339=CARTESIAN_POINT('Ctrl Pts',(-2.988828404131,5.301776334564,2.101));
#12340=CARTESIAN_POINT('Ctrl Pts',(-2.965043941795,5.310666264749,2.101));
#12341=CARTESIAN_POINT('Ctrl Pts',(-2.938920024147,5.310666264749,2.101));
#12342=CARTESIAN_POINT('',(-2.8947823006,5.257326683643,2.101));
#12343=CARTESIAN_POINT('Origin',(-15.3971436964786,-9.79818787779314,2.101));
#12344=CARTESIAN_POINT('',(-2.959351267204,5.248280789771,2.101));
#12345=CARTESIAN_POINT('',(-2.959351267204,5.248280789771,2.101));
#12346=CARTESIAN_POINT('',(-3.031640436335,5.177161348295,2.101));
#12347=CARTESIAN_POINT('Ctrl Pts',(-2.959351267204,5.248280789771,2.101));
#12348=CARTESIAN_POINT('Ctrl Pts',(-3.007544046624,5.24157435121,2.101));
#12349=CARTESIAN_POINT('Ctrl Pts',(-3.031640436335,5.217867870718,2.101));
#12350=CARTESIAN_POINT('Ctrl Pts',(-3.031640436335,5.177161348295,2.101));
#12351=CARTESIAN_POINT('',(-3.012924793841,5.130840133121,2.101));
#12352=CARTESIAN_POINT('Ctrl Pts',(-3.031640436335,5.177161348295,2.101));
#12353=CARTESIAN_POINT('Ctrl Pts',(-3.031640436335,5.157665887363,2.101));
#12354=CARTESIAN_POINT('Ctrl Pts',(-3.025401888837,5.142225482304,2.101));
#12355=CARTESIAN_POINT('Ctrl Pts',(-3.012924793841,5.130840133121,2.101));
#12356=CARTESIAN_POINT('',(-2.962548522796,5.113684127503,2.101));
#12357=CARTESIAN_POINT('Origin',(2.37559660630069,12.325451153287,2.101));
#12358=CARTESIAN_POINT('',(-2.895796064568,5.152519085677,2.101));
#12359=CARTESIAN_POINT('Origin',(-5.98319046004097,10.6236993928772,2.101));
#12360=CARTESIAN_POINT('',(-2.8947823006,5.152519085677,2.101));
#12361=CARTESIAN_POINT('',(-2.8947823006,5.152519085677,2.101));
#12362=CARTESIAN_POINT('',(-2.8947823006,5.118830929189,2.101));
#12363=CARTESIAN_POINT('',(-2.8947823006,5.118830929189,2.101));
#12364=CARTESIAN_POINT('',(-2.856571197175,5.118830929189,2.101));
#12365=CARTESIAN_POINT('',(-2.856571197175,5.118830929189,2.101));
#12366=CARTESIAN_POINT('',(-2.856571197175,5.259042284203,2.101));
#12367=CARTESIAN_POINT('',(-2.856571197175,5.259042284203,2.101));
#12368=CARTESIAN_POINT('Ctrl Pts',(-2.856571197175,5.259042284203,2.101));
#12369=CARTESIAN_POINT('Ctrl Pts',(-2.856571197175,5.314253429561,2.101));
#12370=CARTESIAN_POINT('Ctrl Pts',(-2.88285107851,5.341703038551,2.101));
#12371=CARTESIAN_POINT('Ctrl Pts',(-2.935332859336,5.341703038551,2.101));
#12372=CARTESIAN_POINT('',(-2.98274582032,5.20788619472,2.101));
#12373=CARTESIAN_POINT('',(-2.992883460004,5.180280622042,2.101));
#12374=CARTESIAN_POINT('Origin',(-2.23894550031397,4.6177920936726,2.101));
#12375=CARTESIAN_POINT('',(-2.945782426396,5.221299071842,2.101));
#12376=CARTESIAN_POINT('Ctrl Pts',(-2.945782426396,5.221299071842,2.101));
#12377=CARTESIAN_POINT('Ctrl Pts',(-2.963640268608,5.218803652841,2.101));
#12378=CARTESIAN_POINT('Ctrl Pts',(-2.975961399917,5.214436669594,2.101));
#12379=CARTESIAN_POINT('Ctrl Pts',(-2.98274582032,5.20788619472,2.101));
#12380=CARTESIAN_POINT('',(-2.8947823006,5.22816147409,2.101));
#12381=CARTESIAN_POINT('',(-2.8947823006,5.22816147409,2.101));
#12382=CARTESIAN_POINT('',(-2.8947823006,5.207262339971,2.101));
#12383=CARTESIAN_POINT('',(-2.8947823006,5.207262339971,2.101));
#12384=CARTESIAN_POINT('',(-2.911158487782,5.162812689049,2.101));
#12385=CARTESIAN_POINT('Ctrl Pts',(-2.911158487782,5.162812689049,2.101));
#12386=CARTESIAN_POINT('Ctrl Pts',(-2.900241029661,5.174509965607,2.101));
#12387=CARTESIAN_POINT('Ctrl Pts',(-2.8947823006,5.189326515914,2.101));
#12388=CARTESIAN_POINT('Ctrl Pts',(-2.8947823006,5.207262339971,2.101));
#12389=CARTESIAN_POINT('',(-2.952644828643,5.145032828679,2.101));
#12390=CARTESIAN_POINT('Origin',(-3.655021464354,6.58756464065483,2.101));
#12391=CARTESIAN_POINT('',(-2.981810038195,5.154858540988,2.101));
#12392=CARTESIAN_POINT('Origin',(-2.13314957489979,6.29226220126938,2.101));
#12393=CARTESIAN_POINT('Ctrl Pts',(-2.992883460004,5.180280622042,2.101));
#12394=CARTESIAN_POINT('Ctrl Pts',(-2.992883460004,5.169831054985,2.101));
#12395=CARTESIAN_POINT('Ctrl Pts',(-2.989218313349,5.161409015862,2.101));
#12396=CARTESIAN_POINT('Ctrl Pts',(-2.981810038195,5.154858540988,2.101));
#12397=CARTESIAN_POINT('Origin',(-2.975386283819,5.33665371417,2.1));
#12398=CARTESIAN_POINT('',(-2.935332859336,5.341703038551,2.1));
#12399=CARTESIAN_POINT('',(-3.010351392999,5.321427759183,2.1));
#12400=CARTESIAN_POINT('Ctrl Pts',(-2.935332859336,5.341703038551,2.1));
#12401=CARTESIAN_POINT('Ctrl Pts',(-2.963718250451,5.341703038551,2.1));
#12402=CARTESIAN_POINT('Ctrl Pts',(-2.988750422287,5.33499659999,2.1));
#12403=CARTESIAN_POINT('Ctrl Pts',(-3.010351392999,5.321427759183,2.1));
#12404=CARTESIAN_POINT('',(-2.856571197175,5.259042284203,2.1));
#12405=CARTESIAN_POINT('Ctrl Pts',(-2.856571197175,5.259042284203,2.1));
#12406=CARTESIAN_POINT('Ctrl Pts',(-2.856571197175,5.314253429561,2.1));
#12407=CARTESIAN_POINT('Ctrl Pts',(-2.88285107851,5.341703038551,2.1));
#12408=CARTESIAN_POINT('Ctrl Pts',(-2.935332859336,5.341703038551,2.1));
#12409=CARTESIAN_POINT('',(-2.856571197175,5.118830929189,2.1));
#12410=CARTESIAN_POINT('',(-2.856571197175,5.259042284203,2.1));
#12411=CARTESIAN_POINT('',(-2.8947823006,5.118830929189,2.1));
#12412=CARTESIAN_POINT('',(-2.856571197175,5.118830929189,2.1));
#12413=CARTESIAN_POINT('',(-2.8947823006,5.152519085677,2.1));
#12414=CARTESIAN_POINT('',(-2.8947823006,5.118830929189,2.1));
#12415=CARTESIAN_POINT('',(-2.895796064568,5.152519085677,2.1));
#12416=CARTESIAN_POINT('',(-2.8947823006,5.152519085677,2.1));
#12417=CARTESIAN_POINT('',(-2.962548522796,5.113684127503,2.1));
#12418=CARTESIAN_POINT('Origin',(-5.98319046004097,10.6236993928772,2.1));
#12419=CARTESIAN_POINT('',(-3.012924793841,5.130840133121,2.1));
#12420=CARTESIAN_POINT('Origin',(2.37559660630069,12.325451153287,2.1));
#12421=CARTESIAN_POINT('',(-3.031640436335,5.177161348295,2.1));
#12422=CARTESIAN_POINT('Ctrl Pts',(-3.031640436335,5.177161348295,2.1));
#12423=CARTESIAN_POINT('Ctrl Pts',(-3.031640436335,5.157665887363,2.1));
#12424=CARTESIAN_POINT('Ctrl Pts',(-3.025401888837,5.142225482304,2.1));
#12425=CARTESIAN_POINT('Ctrl Pts',(-3.012924793841,5.130840133121,2.1));
#12426=CARTESIAN_POINT('',(-2.959351267204,5.248280789771,2.1));
#12427=CARTESIAN_POINT('Ctrl Pts',(-2.959351267204,5.248280789771,2.1));
#12428=CARTESIAN_POINT('Ctrl Pts',(-3.007544046624,5.24157435121,2.1));
#12429=CARTESIAN_POINT('Ctrl Pts',(-3.031640436335,5.217867870718,2.1));
#12430=CARTESIAN_POINT('Ctrl Pts',(-3.031640436335,5.177161348295,2.1));
#12431=CARTESIAN_POINT('',(-2.8947823006,5.257326683643,2.1));
#12432=CARTESIAN_POINT('',(-2.959351267204,5.248280789771,2.1));
#12433=CARTESIAN_POINT('',(-2.938920024147,5.310666264749,2.1));
#12434=CARTESIAN_POINT('Origin',(-15.3971436964786,-9.79818787779314,2.1));
#12435=CARTESIAN_POINT('',(-3.010351392999,5.284308401569,2.1));
#12436=CARTESIAN_POINT('Ctrl Pts',(-3.010351392999,5.284308401569,2.1));
#12437=CARTESIAN_POINT('Ctrl Pts',(-2.988828404131,5.301776334564,2.1));
#12438=CARTESIAN_POINT('Ctrl Pts',(-2.965043941795,5.310666264749,2.1));
#12439=CARTESIAN_POINT('Ctrl Pts',(-2.938920024147,5.310666264749,2.1));
#12440=CARTESIAN_POINT('',(-3.010351392999,5.284308401569,2.1));
#12441=CARTESIAN_POINT('',(-2.945782426396,5.221299071842,2.1));
#12442=CARTESIAN_POINT('',(-2.98274582032,5.20788619472,2.1));
#12443=CARTESIAN_POINT('Ctrl Pts',(-2.945782426396,5.221299071842,2.1));
#12444=CARTESIAN_POINT('Ctrl Pts',(-2.963640268608,5.218803652841,2.1));
#12445=CARTESIAN_POINT('Ctrl Pts',(-2.975961399917,5.214436669594,2.1));
#12446=CARTESIAN_POINT('Ctrl Pts',(-2.98274582032,5.20788619472,2.1));
#12447=CARTESIAN_POINT('',(-2.992883460004,5.180280622042,2.1));
#12448=CARTESIAN_POINT('Origin',(-2.23894550031397,4.6177920936726,2.1));
#12449=CARTESIAN_POINT('',(-2.981810038195,5.154858540988,2.1));
#12450=CARTESIAN_POINT('Ctrl Pts',(-2.992883460004,5.180280622042,2.1));
#12451=CARTESIAN_POINT('Ctrl Pts',(-2.992883460004,5.169831054985,2.1));
#12452=CARTESIAN_POINT('Ctrl Pts',(-2.989218313349,5.161409015862,2.1));
#12453=CARTESIAN_POINT('Ctrl Pts',(-2.981810038195,5.154858540988,2.1));
#12454=CARTESIAN_POINT('',(-2.952644828643,5.145032828679,2.1));
#12455=CARTESIAN_POINT('Origin',(-2.13314957489979,6.29226220126938,2.1));
#12456=CARTESIAN_POINT('',(-2.911158487782,5.162812689049,2.1));
#12457=CARTESIAN_POINT('Origin',(-3.655021464354,6.58756464065483,2.1));
#12458=CARTESIAN_POINT('',(-2.8947823006,5.207262339971,2.1));
#12459=CARTESIAN_POINT('Ctrl Pts',(-2.911158487782,5.162812689049,2.1));
#12460=CARTESIAN_POINT('Ctrl Pts',(-2.900241029661,5.174509965607,2.1));
#12461=CARTESIAN_POINT('Ctrl Pts',(-2.8947823006,5.189326515914,2.1));
#12462=CARTESIAN_POINT('Ctrl Pts',(-2.8947823006,5.207262339971,2.1));
#12463=CARTESIAN_POINT('',(-2.8947823006,5.22816147409,2.1));
#12464=CARTESIAN_POINT('',(-2.8947823006,5.207262339971,2.1));
#12465=CARTESIAN_POINT('',(-2.8947823006,5.22816147409,2.1));
#12466=CARTESIAN_POINT('Ctrl Pts',(-2.935332859336,5.341703038551,2.101));
#12467=CARTESIAN_POINT('Ctrl Pts',(-2.935332859336,5.341703038551,2.0998));
#12468=CARTESIAN_POINT('Ctrl Pts',(-2.963718250451,5.341703038551,2.101));
#12469=CARTESIAN_POINT('Ctrl Pts',(-2.963718250451,5.341703038551,2.0998));
#12470=CARTESIAN_POINT('Ctrl Pts',(-2.988750422287,5.33499659999,2.101));
#12471=CARTESIAN_POINT('Ctrl Pts',(-2.988750422287,5.33499659999,2.0998));
#12472=CARTESIAN_POINT('Ctrl Pts',(-3.010351392999,5.321427759183,2.101));
#12473=CARTESIAN_POINT('Ctrl Pts',(-3.010351392999,5.321427759183,2.0998));
#12474=CARTESIAN_POINT('',(-2.935332859336,5.341703038551,2.101));
#12475=CARTESIAN_POINT('',(-3.010351392999,5.321427759183,2.101));
#12476=CARTESIAN_POINT('Origin',(-3.010351392999,5.284308401569,2.101));
#12477=CARTESIAN_POINT('',(-3.010351392999,5.284308401569,2.101));
#12478=CARTESIAN_POINT('Ctrl Pts',(-3.010351392999,5.284308401569,2.101));
#12479=CARTESIAN_POINT('Ctrl Pts',(-3.010351392999,5.284308401569,2.0998));
#12480=CARTESIAN_POINT('Ctrl Pts',(-2.988828404131,5.301776334564,2.101));
#12481=CARTESIAN_POINT('Ctrl Pts',(-2.988828404131,5.301776334564,2.0998));
#12482=CARTESIAN_POINT('Ctrl Pts',(-2.965043941795,5.310666264749,2.101));
#12483=CARTESIAN_POINT('Ctrl Pts',(-2.965043941795,5.310666264749,2.0998));
#12484=CARTESIAN_POINT('Ctrl Pts',(-2.938920024147,5.310666264749,2.101));
#12485=CARTESIAN_POINT('Ctrl Pts',(-2.938920024147,5.310666264749,2.0998));
#12486=CARTESIAN_POINT('',(-2.938920024147,5.310666264749,2.101));
#12487=CARTESIAN_POINT('Ctrl Pts',(-2.938920024147,5.310666264749,2.101));
#12488=CARTESIAN_POINT('Ctrl Pts',(-2.938920024147,5.310666264749,2.0998));
#12489=CARTESIAN_POINT('Ctrl Pts',(-2.909520869064,5.310666264749,2.101));
#12490=CARTESIAN_POINT('Ctrl Pts',(-2.909520869064,5.310666264749,2.0998));
#12491=CARTESIAN_POINT('Ctrl Pts',(-2.8947823006,5.29288640438,2.101));
#12492=CARTESIAN_POINT('Ctrl Pts',(-2.8947823006,5.29288640438,2.0998));
#12493=CARTESIAN_POINT('Ctrl Pts',(-2.8947823006,5.257326683643,2.101));
#12494=CARTESIAN_POINT('Ctrl Pts',(-2.8947823006,5.257326683643,2.0998));
#12495=CARTESIAN_POINT('',(-2.8947823006,5.257326683643,2.101));
#12496=CARTESIAN_POINT('Origin',(-2.959351267204,5.248280789771,2.101));
#12497=CARTESIAN_POINT('',(-2.959351267204,5.248280789771,2.101));
#12498=CARTESIAN_POINT('Ctrl Pts',(-2.959351267204,5.248280789771,2.101));
#12499=CARTESIAN_POINT('Ctrl Pts',(-2.959351267204,5.248280789771,2.0998));
#12500=CARTESIAN_POINT('Ctrl Pts',(-3.007544046624,5.24157435121,2.101));
#12501=CARTESIAN_POINT('Ctrl Pts',(-3.007544046624,5.24157435121,2.0998));
#12502=CARTESIAN_POINT('Ctrl Pts',(-3.031640436335,5.217867870718,2.101));
#12503=CARTESIAN_POINT('Ctrl Pts',(-3.031640436335,5.217867870718,2.0998));
#12504=CARTESIAN_POINT('Ctrl Pts',(-3.031640436335,5.177161348295,2.101));
#12505=CARTESIAN_POINT('Ctrl Pts',(-3.031640436335,5.177161348295,2.0998));
#12506=CARTESIAN_POINT('',(-3.031640436335,5.177161348295,2.101));
#12507=CARTESIAN_POINT('Ctrl Pts',(-3.031640436335,5.177161348295,2.101));
#12508=CARTESIAN_POINT('Ctrl Pts',(-3.031640436335,5.177161348295,2.0998));
#12509=CARTESIAN_POINT('Ctrl Pts',(-3.031640436335,5.157665887363,2.101));
#12510=CARTESIAN_POINT('Ctrl Pts',(-3.031640436335,5.157665887363,2.0998));
#12511=CARTESIAN_POINT('Ctrl Pts',(-3.025401888837,5.142225482304,2.101));
#12512=CARTESIAN_POINT('Ctrl Pts',(-3.025401888837,5.142225482304,2.0998));
#12513=CARTESIAN_POINT('Ctrl Pts',(-3.012924793841,5.130840133121,2.101));
#12514=CARTESIAN_POINT('Ctrl Pts',(-3.012924793841,5.130840133121,2.0998));
#12515=CARTESIAN_POINT('',(-3.012924793841,5.130840133121,2.101));
#12516=CARTESIAN_POINT('Ctrl Pts',(-3.012924793841,5.130840133121,2.101));
#12517=CARTESIAN_POINT('Ctrl Pts',(-3.012924793841,5.130840133121,2.0998));
#12518=CARTESIAN_POINT('Ctrl Pts',(-3.000447698846,5.119454783938,2.101));
#12519=CARTESIAN_POINT('Ctrl Pts',(-3.000447698846,5.119454783938,2.0998));
#12520=CARTESIAN_POINT('Ctrl Pts',(-2.983681602445,5.113684127503,2.101));
#12521=CARTESIAN_POINT('Ctrl Pts',(-2.983681602445,5.113684127503,2.0998));
#12522=CARTESIAN_POINT('Ctrl Pts',(-2.962548522796,5.113684127503,2.101));
#12523=CARTESIAN_POINT('Ctrl Pts',(-2.962548522796,5.113684127503,2.0998));
#12524=CARTESIAN_POINT('',(-2.962548522796,5.113684127503,2.101));
#12525=CARTESIAN_POINT('Ctrl Pts',(-2.962548522796,5.113684127503,2.101));
#12526=CARTESIAN_POINT('Ctrl Pts',(-2.962548522796,5.113684127503,2.0998));
#12527=CARTESIAN_POINT('Ctrl Pts',(-2.933149367712,5.113684127503,2.101));
#12528=CARTESIAN_POINT('Ctrl Pts',(-2.933149367712,5.113684127503,2.0998));
#12529=CARTESIAN_POINT('Ctrl Pts',(-2.910846560407,5.126629113561,2.101));
#12530=CARTESIAN_POINT('Ctrl Pts',(-2.910846560407,5.126629113561,2.0998));
#12531=CARTESIAN_POINT('Ctrl Pts',(-2.895796064568,5.152519085677,2.101));
#12532=CARTESIAN_POINT('Ctrl Pts',(-2.895796064568,5.152519085677,2.0998));
#12533=CARTESIAN_POINT('',(-2.895796064568,5.152519085677,2.101));
#12534=CARTESIAN_POINT('Origin',(-2.8947823006,5.152519085677,2.101));
#12535=CARTESIAN_POINT('',(-2.8947823006,5.152519085677,2.101));
#12536=CARTESIAN_POINT('Origin',(-2.8947823006,5.118830929189,2.101));
#12537=CARTESIAN_POINT('',(-2.8947823006,5.118830929189,2.101));
#12538=CARTESIAN_POINT('Origin',(-2.856571197175,5.118830929189,2.101));
#12539=CARTESIAN_POINT('',(-2.856571197175,5.118830929189,2.101));
#12540=CARTESIAN_POINT('Origin',(-2.856571197175,5.259042284203,2.101));
#12541=CARTESIAN_POINT('',(-2.856571197175,5.259042284203,2.101));
#12542=CARTESIAN_POINT('Ctrl Pts',(-2.856571197175,5.259042284203,2.101));
#12543=CARTESIAN_POINT('Ctrl Pts',(-2.856571197175,5.259042284203,2.0998));
#12544=CARTESIAN_POINT('Ctrl Pts',(-2.856571197175,5.314253429561,2.101));
#12545=CARTESIAN_POINT('Ctrl Pts',(-2.856571197175,5.314253429561,2.0998));
#12546=CARTESIAN_POINT('Ctrl Pts',(-2.88285107851,5.341703038551,2.101));
#12547=CARTESIAN_POINT('Ctrl Pts',(-2.88285107851,5.341703038551,2.0998));
#12548=CARTESIAN_POINT('Ctrl Pts',(-2.935332859336,5.341703038551,2.101));
#12549=CARTESIAN_POINT('Ctrl Pts',(-2.935332859336,5.341703038551,2.0998));
#12550=CARTESIAN_POINT('Ctrl Pts',(-2.945782426396,5.221299071842,2.101));
#12551=CARTESIAN_POINT('Ctrl Pts',(-2.945782426396,5.221299071842,2.0998));
#12552=CARTESIAN_POINT('Ctrl Pts',(-2.963640268608,5.218803652841,2.101));
#12553=CARTESIAN_POINT('Ctrl Pts',(-2.963640268608,5.218803652841,2.0998));
#12554=CARTESIAN_POINT('Ctrl Pts',(-2.975961399917,5.214436669594,2.101));
#12555=CARTESIAN_POINT('Ctrl Pts',(-2.975961399917,5.214436669594,2.0998));
#12556=CARTESIAN_POINT('Ctrl Pts',(-2.98274582032,5.20788619472,2.101));
#12557=CARTESIAN_POINT('Ctrl Pts',(-2.98274582032,5.20788619472,2.0998));
#12558=CARTESIAN_POINT('',(-2.945782426396,5.221299071842,2.101));
#12559=CARTESIAN_POINT('',(-2.98274582032,5.20788619472,2.101));
#12560=CARTESIAN_POINT('Ctrl Pts',(-2.98274582032,5.20788619472,2.101));
#12561=CARTESIAN_POINT('Ctrl Pts',(-2.98274582032,5.20788619472,2.0998));
#12562=CARTESIAN_POINT('Ctrl Pts',(-2.989452258881,5.201335719848,2.101));
#12563=CARTESIAN_POINT('Ctrl Pts',(-2.989452258881,5.201335719848,2.0998));
#12564=CARTESIAN_POINT('Ctrl Pts',(-2.992883460004,5.192133862289,2.101));
#12565=CARTESIAN_POINT('Ctrl Pts',(-2.992883460004,5.192133862289,2.0998));
#12566=CARTESIAN_POINT('Ctrl Pts',(-2.992883460004,5.180280622042,2.101));
#12567=CARTESIAN_POINT('Ctrl Pts',(-2.992883460004,5.180280622042,2.0998));
#12568=CARTESIAN_POINT('',(-2.992883460004,5.180280622042,2.101));
#12569=CARTESIAN_POINT('Ctrl Pts',(-2.992883460004,5.180280622042,2.101));
#12570=CARTESIAN_POINT('Ctrl Pts',(-2.992883460004,5.180280622042,2.0998));
#12571=CARTESIAN_POINT('Ctrl Pts',(-2.992883460004,5.169831054985,2.101));
#12572=CARTESIAN_POINT('Ctrl Pts',(-2.992883460004,5.169831054985,2.0998));
#12573=CARTESIAN_POINT('Ctrl Pts',(-2.989218313349,5.161409015862,2.101));
#12574=CARTESIAN_POINT('Ctrl Pts',(-2.989218313349,5.161409015862,2.0998));
#12575=CARTESIAN_POINT('Ctrl Pts',(-2.981810038195,5.154858540988,2.101));
#12576=CARTESIAN_POINT('Ctrl Pts',(-2.981810038195,5.154858540988,2.0998));
#12577=CARTESIAN_POINT('',(-2.981810038195,5.154858540988,2.101));
#12578=CARTESIAN_POINT('Ctrl Pts',(-2.981810038195,5.154858540988,2.101));
#12579=CARTESIAN_POINT('Ctrl Pts',(-2.981810038195,5.154858540988,2.0998));
#12580=CARTESIAN_POINT('Ctrl Pts',(-2.974479744885,5.148308066116,2.101));
#12581=CARTESIAN_POINT('Ctrl Pts',(-2.974479744885,5.148308066116,2.0998));
#12582=CARTESIAN_POINT('Ctrl Pts',(-2.964732014421,5.145032828679,2.101));
#12583=CARTESIAN_POINT('Ctrl Pts',(-2.964732014421,5.145032828679,2.0998));
#12584=CARTESIAN_POINT('Ctrl Pts',(-2.952644828643,5.145032828679,2.101));
#12585=CARTESIAN_POINT('Ctrl Pts',(-2.952644828643,5.145032828679,2.0998));
#12586=CARTESIAN_POINT('',(-2.952644828643,5.145032828679,2.101));
#12587=CARTESIAN_POINT('Ctrl Pts',(-2.952644828643,5.145032828679,2.101));
#12588=CARTESIAN_POINT('Ctrl Pts',(-2.952644828643,5.145032828679,2.0998));
#12589=CARTESIAN_POINT('Ctrl Pts',(-2.935878732243,5.145032828679,2.101));
#12590=CARTESIAN_POINT('Ctrl Pts',(-2.935878732243,5.145032828679,2.0998));
#12591=CARTESIAN_POINT('Ctrl Pts',(-2.92199796406,5.150959448802,2.101));
#12592=CARTESIAN_POINT('Ctrl Pts',(-2.92199796406,5.150959448802,2.0998));
#12593=CARTESIAN_POINT('Ctrl Pts',(-2.911158487782,5.162812689049,2.101));
#12594=CARTESIAN_POINT('Ctrl Pts',(-2.911158487782,5.162812689049,2.0998));
#12595=CARTESIAN_POINT('',(-2.911158487782,5.162812689049,2.101));
#12596=CARTESIAN_POINT('Ctrl Pts',(-2.911158487782,5.162812689049,2.101));
#12597=CARTESIAN_POINT('Ctrl Pts',(-2.911158487782,5.162812689049,2.0998));
#12598=CARTESIAN_POINT('Ctrl Pts',(-2.900241029661,5.174509965607,2.101));
#12599=CARTESIAN_POINT('Ctrl Pts',(-2.900241029661,5.174509965607,2.0998));
#12600=CARTESIAN_POINT('Ctrl Pts',(-2.8947823006,5.189326515914,2.101));
#12601=CARTESIAN_POINT('Ctrl Pts',(-2.8947823006,5.189326515914,2.0998));
#12602=CARTESIAN_POINT('Ctrl Pts',(-2.8947823006,5.207262339971,2.101));
#12603=CARTESIAN_POINT('Ctrl Pts',(-2.8947823006,5.207262339971,2.0998));
#12604=CARTESIAN_POINT('',(-2.8947823006,5.207262339971,2.101));
#12605=CARTESIAN_POINT('Origin',(-2.8947823006,5.207262339971,2.101));
#12606=CARTESIAN_POINT('',(-2.8947823006,5.22816147409,2.101));
#12607=CARTESIAN_POINT('Origin',(-2.8947823006,5.22816147409,2.101));
#12608=CARTESIAN_POINT('Ctrl Pts',(-2.741937886901,5.144876864992,2.101));
#12609=CARTESIAN_POINT('Ctrl Pts',(-2.741937886901,5.144876864992,2.0998));
#12610=CARTESIAN_POINT('Ctrl Pts',(-2.764396657894,5.144876864992,2.101));
#12611=CARTESIAN_POINT('Ctrl Pts',(-2.764396657894,5.144876864992,2.0998));
#12612=CARTESIAN_POINT('Ctrl Pts',(-2.785295792012,5.151895230928,2.101));
#12613=CARTESIAN_POINT('Ctrl Pts',(-2.785295792012,5.151895230928,2.0998));
#12614=CARTESIAN_POINT('Ctrl Pts',(-2.804791252943,5.165931962797,2.101));
#12615=CARTESIAN_POINT('Ctrl Pts',(-2.804791252943,5.165931962797,2.0998));
#12616=CARTESIAN_POINT('',(-2.741937886901,5.144876864992,2.101));
#12617=CARTESIAN_POINT('',(-2.741937886901,5.144876864992,2.1));
#12618=CARTESIAN_POINT('',(-2.741937886901,5.144876864992,2.101));
#12619=CARTESIAN_POINT('',(-2.804791252943,5.165931962797,2.1));
#12620=CARTESIAN_POINT('Ctrl Pts',(-2.741937886901,5.144876864992,2.1));
#12621=CARTESIAN_POINT('Ctrl Pts',(-2.764396657894,5.144876864992,2.1));
#12622=CARTESIAN_POINT('Ctrl Pts',(-2.785295792012,5.151895230928,2.1));
#12623=CARTESIAN_POINT('Ctrl Pts',(-2.804791252943,5.165931962797,2.1));
#12624=CARTESIAN_POINT('',(-2.804791252943,5.165931962797,2.101));
#12625=CARTESIAN_POINT('',(-2.804791252943,5.165931962797,2.101));
#12626=CARTESIAN_POINT('Ctrl Pts',(-2.741937886901,5.144876864992,2.101));
#12627=CARTESIAN_POINT('Ctrl Pts',(-2.764396657894,5.144876864992,2.101));
#12628=CARTESIAN_POINT('Ctrl Pts',(-2.785295792012,5.151895230928,2.101));
#12629=CARTESIAN_POINT('Ctrl Pts',(-2.804791252943,5.165931962797,2.101));
#12630=CARTESIAN_POINT('Origin',(-2.804791252943,5.126473149874,2.101));
#12631=CARTESIAN_POINT('',(-2.804791252943,5.126473149874,2.1));
#12632=CARTESIAN_POINT('',(-2.804791252943,5.126473149874,2.1));
#12633=CARTESIAN_POINT('',(-2.804791252943,5.126473149874,2.101));
#12634=CARTESIAN_POINT('',(-2.804791252943,5.126473149874,2.101));
#12635=CARTESIAN_POINT('',(-2.804791252943,5.126473149874,2.101));
#12636=CARTESIAN_POINT('Ctrl Pts',(-2.804791252943,5.126473149874,2.101));
#12637=CARTESIAN_POINT('Ctrl Pts',(-2.804791252943,5.126473149874,2.0998));
#12638=CARTESIAN_POINT('Ctrl Pts',(-2.787947174699,5.118051110751,2.101));
#12639=CARTESIAN_POINT('Ctrl Pts',(-2.787947174699,5.118051110751,2.0998));
#12640=CARTESIAN_POINT('Ctrl Pts',(-2.76829575008,5.113684127503,2.101));
#12641=CARTESIAN_POINT('Ctrl Pts',(-2.76829575008,5.113684127503,2.0998));
#12642=CARTESIAN_POINT('Ctrl Pts',(-2.7456810154,5.113684127503,2.101));
#12643=CARTESIAN_POINT('Ctrl Pts',(-2.7456810154,5.113684127503,2.0998));
#12644=CARTESIAN_POINT('',(-2.7456810154,5.113684127503,2.1));
#12645=CARTESIAN_POINT('Origin',(1.22958362515452,11.5593726175234,2.1));
#12646=CARTESIAN_POINT('',(-2.7456810154,5.113684127503,2.101));
#12647=CARTESIAN_POINT('',(-2.7456810154,5.113684127503,2.101));
#12648=CARTESIAN_POINT('Origin',(1.22958362515452,11.5593726175234,2.101));
#12649=CARTESIAN_POINT('Ctrl Pts',(-2.7456810154,5.113684127503,2.101));
#12650=CARTESIAN_POINT('Ctrl Pts',(-2.7456810154,5.113684127503,2.0998));
#12651=CARTESIAN_POINT('Ctrl Pts',(-2.71971306144,5.113684127503,2.101));
#12652=CARTESIAN_POINT('Ctrl Pts',(-2.71971306144,5.113684127503,2.0998));
#12653=CARTESIAN_POINT('Ctrl Pts',(-2.698501999948,5.119454783938,2.101));
#12654=CARTESIAN_POINT('Ctrl Pts',(-2.698501999948,5.119454783938,2.0998));
#12655=CARTESIAN_POINT('Ctrl Pts',(-2.682203794609,5.130996096809,2.101));
#12656=CARTESIAN_POINT('Ctrl Pts',(-2.682203794609,5.130996096809,2.0998));
#12657=CARTESIAN_POINT('',(-2.682203794609,5.130996096809,2.1));
#12658=CARTESIAN_POINT('Origin',(-4.53507102346528,7.28430866493284,2.1));
#12659=CARTESIAN_POINT('',(-2.682203794609,5.130996096809,2.101));
#12660=CARTESIAN_POINT('',(-2.682203794609,5.130996096809,2.101));
#12661=CARTESIAN_POINT('Origin',(-4.53507102346528,7.28430866493284,2.101));
#12662=CARTESIAN_POINT('Ctrl Pts',(-2.682203794609,5.130996096809,2.101));
#12663=CARTESIAN_POINT('Ctrl Pts',(-2.682203794609,5.130996096809,2.0998));
#12664=CARTESIAN_POINT('Ctrl Pts',(-2.665827607427,5.142381445994,2.101));
#12665=CARTESIAN_POINT('Ctrl Pts',(-2.665827607427,5.142381445994,2.0998));
#12666=CARTESIAN_POINT('Ctrl Pts',(-2.657639513836,5.158133778425,2.101));
#12667=CARTESIAN_POINT('Ctrl Pts',(-2.657639513836,5.158133778425,2.0998));
#12668=CARTESIAN_POINT('Ctrl Pts',(-2.657639513836,5.178097130418,2.101));
#12669=CARTESIAN_POINT('Ctrl Pts',(-2.657639513836,5.178097130418,2.0998));
#12670=CARTESIAN_POINT('',(-2.657639513836,5.178097130418,2.1));
#12671=CARTESIAN_POINT('Origin',(-5.02828658142312,6.39737845842315,2.1));
#12672=CARTESIAN_POINT('',(-2.657639513836,5.178097130418,2.101));
#12673=CARTESIAN_POINT('',(-2.657639513836,5.178097130418,2.101));
#12674=CARTESIAN_POINT('Origin',(-5.02828658142312,6.39737845842315,2.101));
#12675=CARTESIAN_POINT('Ctrl Pts',(-2.657639513836,5.178097130418,2.101));
#12676=CARTESIAN_POINT('Ctrl Pts',(-2.657639513836,5.178097130418,2.0998));
#12677=CARTESIAN_POINT('Ctrl Pts',(-2.657639513836,5.192445789664,2.101));
#12678=CARTESIAN_POINT('Ctrl Pts',(-2.657639513836,5.192445789664,2.0998));
#12679=CARTESIAN_POINT('Ctrl Pts',(-2.661928515241,5.204454993598,2.101));
#12680=CARTESIAN_POINT('Ctrl Pts',(-2.661928515241,5.204454993598,2.0998));
#12681=CARTESIAN_POINT('Ctrl Pts',(-2.670428536207,5.214124742219,2.101));
#12682=CARTESIAN_POINT('Ctrl Pts',(-2.670428536207,5.214124742219,2.0998));
#12683=CARTESIAN_POINT('',(-2.670428536207,5.214124742219,2.1));
#12684=CARTESIAN_POINT('Origin',(-5.92186002317309,3.43089350306138,2.1));
#12685=CARTESIAN_POINT('',(-2.670428536207,5.214124742219,2.101));
#12686=CARTESIAN_POINT('',(-2.670428536207,5.214124742219,2.101));
#12687=CARTESIAN_POINT('Origin',(-5.92186002317309,3.43089350306138,2.101));
#12688=CARTESIAN_POINT('Ctrl Pts',(-2.670428536207,5.214124742219,2.101));
#12689=CARTESIAN_POINT('Ctrl Pts',(-2.670428536207,5.214124742219,2.0998));
#12690=CARTESIAN_POINT('Ctrl Pts',(-2.679006539016,5.22379449084,2.101));
#12691=CARTESIAN_POINT('Ctrl Pts',(-2.679006539016,5.22379449084,2.0998));
#12692=CARTESIAN_POINT('Ctrl Pts',(-2.695382726198,5.233308275774,2.101));
#12693=CARTESIAN_POINT('Ctrl Pts',(-2.695382726198,5.233308275774,2.0998));
#12694=CARTESIAN_POINT('Ctrl Pts',(-2.71971306144,5.242354169646,2.101));
#12695=CARTESIAN_POINT('Ctrl Pts',(-2.71971306144,5.242354169646,2.0998));
#12696=CARTESIAN_POINT('',(-2.71971306144,5.242354169646,2.1));
#12697=CARTESIAN_POINT('Origin',(-3.28599364017691,5.19405326028916,2.1));
#12698=CARTESIAN_POINT('',(-2.71971306144,5.242354169646,2.101));
#12699=CARTESIAN_POINT('',(-2.71971306144,5.242354169646,2.101));
#12700=CARTESIAN_POINT('Origin',(-3.28599364017691,5.19405326028916,2.101));
#12701=CARTESIAN_POINT('Ctrl Pts',(-2.71971306144,5.242354169646,2.101));
#12702=CARTESIAN_POINT('Ctrl Pts',(-2.71971306144,5.242354169646,2.0998));
#12703=CARTESIAN_POINT('Ctrl Pts',(-2.738896594996,5.249840426643,2.101));
#12704=CARTESIAN_POINT('Ctrl Pts',(-2.738896594996,5.249840426643,2.0998));
#12705=CARTESIAN_POINT('Ctrl Pts',(-2.751217726304,5.256078974142,2.101));
#12706=CARTESIAN_POINT('Ctrl Pts',(-2.751217726304,5.256078974142,2.0998));
#12707=CARTESIAN_POINT('Ctrl Pts',(-2.756832419053,5.261069812141,2.101));
#12708=CARTESIAN_POINT('Ctrl Pts',(-2.756832419053,5.261069812141,2.0998));
#12709=CARTESIAN_POINT('',(-2.756832419053,5.261069812141,2.1));
#12710=CARTESIAN_POINT('Origin',(-0.573719054006592,4.86134503554142,2.1));
#12711=CARTESIAN_POINT('',(-2.756832419053,5.261069812141,2.101));
#12712=CARTESIAN_POINT('',(-2.756832419053,5.261069812141,2.101));
#12713=CARTESIAN_POINT('Origin',(-0.573719054006592,4.86134503554142,2.101));
#12714=CARTESIAN_POINT('Ctrl Pts',(-2.756832419053,5.261069812141,2.101));
#12715=CARTESIAN_POINT('Ctrl Pts',(-2.756832419053,5.261069812141,2.0998));
#12716=CARTESIAN_POINT('Ctrl Pts',(-2.762369129957,5.265904686451,2.101));
#12717=CARTESIAN_POINT('Ctrl Pts',(-2.762369129957,5.265904686451,2.0998));
#12718=CARTESIAN_POINT('Ctrl Pts',(-2.765176476331,5.272611125012,2.101));
#12719=CARTESIAN_POINT('Ctrl Pts',(-2.765176476331,5.272611125012,2.0998));
#12720=CARTESIAN_POINT('Ctrl Pts',(-2.765176476331,5.281345091509,2.101));
#12721=CARTESIAN_POINT('Ctrl Pts',(-2.765176476331,5.281345091509,2.0998));
#12722=CARTESIAN_POINT('',(-2.765176476331,5.281345091509,2.1));
#12723=CARTESIAN_POINT('Ctrl Pts',(-2.756832419053,5.261069812141,2.1));
#12724=CARTESIAN_POINT('Ctrl Pts',(-2.762369129957,5.265904686451,2.1));
#12725=CARTESIAN_POINT('Ctrl Pts',(-2.765176476331,5.272611125012,2.1));
#12726=CARTESIAN_POINT('Ctrl Pts',(-2.765176476331,5.281345091509,2.1));
#12727=CARTESIAN_POINT('',(-2.765176476331,5.281345091509,2.101));
#12728=CARTESIAN_POINT('',(-2.765176476331,5.281345091509,2.101));
#12729=CARTESIAN_POINT('Ctrl Pts',(-2.756832419053,5.261069812141,2.101));
#12730=CARTESIAN_POINT('Ctrl Pts',(-2.762369129957,5.265904686451,2.101));
#12731=CARTESIAN_POINT('Ctrl Pts',(-2.765176476331,5.272611125012,2.101));
#12732=CARTESIAN_POINT('Ctrl Pts',(-2.765176476331,5.281345091509,2.101));
#12733=CARTESIAN_POINT('Ctrl Pts',(-2.765176476331,5.281345091509,2.101));
#12734=CARTESIAN_POINT('Ctrl Pts',(-2.765176476331,5.281345091509,2.0998));
#12735=CARTESIAN_POINT('Ctrl Pts',(-2.765176476331,5.290079058005,2.101));
#12736=CARTESIAN_POINT('Ctrl Pts',(-2.765176476331,5.290079058005,2.0998));
#12737=CARTESIAN_POINT('Ctrl Pts',(-2.761277384144,5.297253387627,2.101));
#12738=CARTESIAN_POINT('Ctrl Pts',(-2.761277384144,5.297253387627,2.0998));
#12739=CARTESIAN_POINT('Ctrl Pts',(-2.753557181616,5.302556153001,2.101));
#12740=CARTESIAN_POINT('Ctrl Pts',(-2.753557181616,5.302556153001,2.0998));
#12741=CARTESIAN_POINT('',(-2.753557181616,5.302556153001,2.1));
#12742=CARTESIAN_POINT('Origin',(-2.54104475429517,5.19330822590578,2.1));
#12743=CARTESIAN_POINT('',(-2.753557181616,5.302556153001,2.101));
#12744=CARTESIAN_POINT('',(-2.753557181616,5.302556153001,2.101));
#12745=CARTESIAN_POINT('Origin',(-2.54104475429517,5.19330822590578,2.101));
#12746=CARTESIAN_POINT('Ctrl Pts',(-2.753557181616,5.302556153001,2.101));
#12747=CARTESIAN_POINT('Ctrl Pts',(-2.753557181616,5.302556153001,2.0998));
#12748=CARTESIAN_POINT('Ctrl Pts',(-2.745836979088,5.308014882062,2.101));
#12749=CARTESIAN_POINT('Ctrl Pts',(-2.745836979088,5.308014882062,2.0998));
#12750=CARTESIAN_POINT('Ctrl Pts',(-2.735777321247,5.310666264749,2.101));
#12751=CARTESIAN_POINT('Ctrl Pts',(-2.735777321247,5.310666264749,2.0998));
#12752=CARTESIAN_POINT('Ctrl Pts',(-2.723456189939,5.310666264749,2.101));
#12753=CARTESIAN_POINT('Ctrl Pts',(-2.723456189939,5.310666264749,2.0998));
#12754=CARTESIAN_POINT('',(-2.723456189939,5.310666264749,2.1));
#12755=CARTESIAN_POINT('Ctrl Pts',(-2.753557181616,5.302556153001,2.1));
#12756=CARTESIAN_POINT('Ctrl Pts',(-2.745836979088,5.308014882062,2.1));
#12757=CARTESIAN_POINT('Ctrl Pts',(-2.735777321247,5.310666264749,2.1));
#12758=CARTESIAN_POINT('Ctrl Pts',(-2.723456189939,5.310666264749,2.1));
#12759=CARTESIAN_POINT('',(-2.723456189939,5.310666264749,2.101));
#12760=CARTESIAN_POINT('',(-2.723456189939,5.310666264749,2.101));
#12761=CARTESIAN_POINT('Ctrl Pts',(-2.753557181616,5.302556153001,2.101));
#12762=CARTESIAN_POINT('Ctrl Pts',(-2.745836979088,5.308014882062,2.101));
#12763=CARTESIAN_POINT('Ctrl Pts',(-2.735777321247,5.310666264749,2.101));
#12764=CARTESIAN_POINT('Ctrl Pts',(-2.723456189939,5.310666264749,2.101));
#12765=CARTESIAN_POINT('Ctrl Pts',(-2.723456189939,5.310666264749,2.101));
#12766=CARTESIAN_POINT('Ctrl Pts',(-2.723456189939,5.310666264749,2.0998));
#12767=CARTESIAN_POINT('Ctrl Pts',(-2.702791001352,5.310666264749,2.101));
#12768=CARTESIAN_POINT('Ctrl Pts',(-2.702791001352,5.310666264749,2.0998));
#12769=CARTESIAN_POINT('Ctrl Pts',(-2.684387286233,5.305363499376,2.101));
#12770=CARTESIAN_POINT('Ctrl Pts',(-2.684387286233,5.305363499376,2.0998));
#12771=CARTESIAN_POINT('Ctrl Pts',(-2.668089080895,5.294913932316,2.101));
#12772=CARTESIAN_POINT('Ctrl Pts',(-2.668089080895,5.294913932316,2.0998));
#12773=CARTESIAN_POINT('',(-2.668089080895,5.294913932316,2.1));
#12774=CARTESIAN_POINT('Ctrl Pts',(-2.723456189939,5.310666264749,2.1));
#12775=CARTESIAN_POINT('Ctrl Pts',(-2.702791001352,5.310666264749,2.1));
#12776=CARTESIAN_POINT('Ctrl Pts',(-2.684387286233,5.305363499376,2.1));
#12777=CARTESIAN_POINT('Ctrl Pts',(-2.668089080895,5.294913932316,2.1));
#12778=CARTESIAN_POINT('',(-2.668089080895,5.294913932316,2.101));
#12779=CARTESIAN_POINT('',(-2.668089080895,5.294913932316,2.101));
#12780=CARTESIAN_POINT('Ctrl Pts',(-2.723456189939,5.310666264749,2.101));
#12781=CARTESIAN_POINT('Ctrl Pts',(-2.702791001352,5.310666264749,2.101));
#12782=CARTESIAN_POINT('Ctrl Pts',(-2.684387286233,5.305363499376,2.101));
#12783=CARTESIAN_POINT('Ctrl Pts',(-2.668089080895,5.294913932316,2.101));
#12784=CARTESIAN_POINT('Origin',(-2.668089080895,5.332033289928,2.101));
#12785=CARTESIAN_POINT('',(-2.668089080895,5.332033289928,2.1));
#12786=CARTESIAN_POINT('',(-2.668089080895,5.332033289928,2.1));
#12787=CARTESIAN_POINT('',(-2.668089080895,5.332033289928,2.101));
#12788=CARTESIAN_POINT('',(-2.668089080895,5.332033289928,2.101));
#12789=CARTESIAN_POINT('',(-2.668089080895,5.332033289928,2.101));
#12790=CARTESIAN_POINT('Ctrl Pts',(-2.668089080895,5.332033289928,2.101));
#12791=CARTESIAN_POINT('Ctrl Pts',(-2.668089080895,5.332033289928,2.0998));
#12792=CARTESIAN_POINT('Ctrl Pts',(-2.683997377015,5.338583764802,2.101));
#12793=CARTESIAN_POINT('Ctrl Pts',(-2.683997377015,5.338583764802,2.0998));
#12794=CARTESIAN_POINT('Ctrl Pts',(-2.701153382634,5.341703038551,2.101));
#12795=CARTESIAN_POINT('Ctrl Pts',(-2.701153382634,5.341703038551,2.0998));
#12796=CARTESIAN_POINT('Ctrl Pts',(-2.71971306144,5.341703038551,2.101));
#12797=CARTESIAN_POINT('Ctrl Pts',(-2.71971306144,5.341703038551,2.0998));
#12798=CARTESIAN_POINT('',(-2.71971306144,5.341703038551,2.1));
#12799=CARTESIAN_POINT('Ctrl Pts',(-2.668089080895,5.332033289928,2.1));
#12800=CARTESIAN_POINT('Ctrl Pts',(-2.683997377015,5.338583764802,2.1));
#12801=CARTESIAN_POINT('Ctrl Pts',(-2.701153382634,5.341703038551,2.1));
#12802=CARTESIAN_POINT('Ctrl Pts',(-2.71971306144,5.341703038551,2.1));
#12803=CARTESIAN_POINT('',(-2.71971306144,5.341703038551,2.101));
#12804=CARTESIAN_POINT('',(-2.71971306144,5.341703038551,2.101));
#12805=CARTESIAN_POINT('Ctrl Pts',(-2.668089080895,5.332033289928,2.101));
#12806=CARTESIAN_POINT('Ctrl Pts',(-2.683997377015,5.338583764802,2.101));
#12807=CARTESIAN_POINT('Ctrl Pts',(-2.701153382634,5.341703038551,2.101));
#12808=CARTESIAN_POINT('Ctrl Pts',(-2.71971306144,5.341703038551,2.101));
#12809=CARTESIAN_POINT('Ctrl Pts',(-2.71971306144,5.341703038551,2.101));
#12810=CARTESIAN_POINT('Ctrl Pts',(-2.71971306144,5.341703038551,2.0998));
#12811=CARTESIAN_POINT('Ctrl Pts',(-2.743575505619,5.341703038551,2.101));
#12812=CARTESIAN_POINT('Ctrl Pts',(-2.743575505619,5.341703038551,2.0998));
#12813=CARTESIAN_POINT('Ctrl Pts',(-2.7636948213,5.335932382116,2.101));
#12814=CARTESIAN_POINT('Ctrl Pts',(-2.7636948213,5.335932382116,2.0998));
#12815=CARTESIAN_POINT('Ctrl Pts',(-2.780071008482,5.324391069244,2.101));
#12816=CARTESIAN_POINT('Ctrl Pts',(-2.780071008482,5.324391069244,2.0998));
#12817=CARTESIAN_POINT('',(-2.780071008482,5.324391069244,2.1));
#12818=CARTESIAN_POINT('Ctrl Pts',(-2.71971306144,5.341703038551,2.1));
#12819=CARTESIAN_POINT('Ctrl Pts',(-2.743575505619,5.341703038551,2.1));
#12820=CARTESIAN_POINT('Ctrl Pts',(-2.7636948213,5.335932382116,2.1));
#12821=CARTESIAN_POINT('Ctrl Pts',(-2.780071008482,5.324391069244,2.1));
#12822=CARTESIAN_POINT('',(-2.780071008482,5.324391069244,2.101));
#12823=CARTESIAN_POINT('',(-2.780071008482,5.324391069244,2.101));
#12824=CARTESIAN_POINT('Ctrl Pts',(-2.71971306144,5.341703038551,2.101));
#12825=CARTESIAN_POINT('Ctrl Pts',(-2.743575505619,5.341703038551,2.101));
#12826=CARTESIAN_POINT('Ctrl Pts',(-2.7636948213,5.335932382116,2.101));
#12827=CARTESIAN_POINT('Ctrl Pts',(-2.780071008482,5.324391069244,2.101));
#12828=CARTESIAN_POINT('Ctrl Pts',(-2.780071008482,5.324391069244,2.101));
#12829=CARTESIAN_POINT('Ctrl Pts',(-2.780071008482,5.324391069244,2.0998));
#12830=CARTESIAN_POINT('Ctrl Pts',(-2.796369213821,5.312693792686,2.101));
#12831=CARTESIAN_POINT('Ctrl Pts',(-2.796369213821,5.312693792686,2.0998));
#12832=CARTESIAN_POINT('Ctrl Pts',(-2.804557307412,5.297253387627,2.101));
#12833=CARTESIAN_POINT('Ctrl Pts',(-2.804557307412,5.297253387627,2.0998));
#12834=CARTESIAN_POINT('Ctrl Pts',(-2.804557307412,5.277913890385,2.101));
#12835=CARTESIAN_POINT('Ctrl Pts',(-2.804557307412,5.277913890385,2.0998));
#12836=CARTESIAN_POINT('',(-2.804557307412,5.277913890385,2.1));
#12837=CARTESIAN_POINT('Ctrl Pts',(-2.780071008482,5.324391069244,2.1));
#12838=CARTESIAN_POINT('Ctrl Pts',(-2.796369213821,5.312693792686,2.1));
#12839=CARTESIAN_POINT('Ctrl Pts',(-2.804557307412,5.297253387627,2.1));
#12840=CARTESIAN_POINT('Ctrl Pts',(-2.804557307412,5.277913890385,2.1));
#12841=CARTESIAN_POINT('',(-2.804557307412,5.277913890385,2.101));
#12842=CARTESIAN_POINT('',(-2.804557307412,5.277913890385,2.101));
#12843=CARTESIAN_POINT('Ctrl Pts',(-2.780071008482,5.324391069244,2.101));
#12844=CARTESIAN_POINT('Ctrl Pts',(-2.796369213821,5.312693792686,2.101));
#12845=CARTESIAN_POINT('Ctrl Pts',(-2.804557307412,5.297253387627,2.101));
#12846=CARTESIAN_POINT('Ctrl Pts',(-2.804557307412,5.277913890385,2.101));
#12847=CARTESIAN_POINT('Ctrl Pts',(-2.804557307412,5.277913890385,2.101));
#12848=CARTESIAN_POINT('Ctrl Pts',(-2.804557307412,5.277913890385,2.0998));
#12849=CARTESIAN_POINT('Ctrl Pts',(-2.804557307412,5.264501013263,2.101));
#12850=CARTESIAN_POINT('Ctrl Pts',(-2.804557307412,5.264501013263,2.0998));
#12851=CARTESIAN_POINT('Ctrl Pts',(-2.8009701426,5.252959700393,2.101));
#12852=CARTESIAN_POINT('Ctrl Pts',(-2.8009701426,5.252959700393,2.0998));
#12853=CARTESIAN_POINT('Ctrl Pts',(-2.793717831134,5.243445915459,2.101));
#12854=CARTESIAN_POINT('Ctrl Pts',(-2.793717831134,5.243445915459,2.0998));
#12855=CARTESIAN_POINT('',(-2.793717831134,5.243445915459,2.1));
#12856=CARTESIAN_POINT('Origin',(-1.82302209644059,5.80362387881011,2.1));
#12857=CARTESIAN_POINT('',(-2.793717831134,5.243445915459,2.101));
#12858=CARTESIAN_POINT('',(-2.793717831134,5.243445915459,2.101));
#12859=CARTESIAN_POINT('Origin',(-1.82302209644059,5.80362387881011,2.101));
#12860=CARTESIAN_POINT('Ctrl Pts',(-2.793717831134,5.243445915459,2.101));
#12861=CARTESIAN_POINT('Ctrl Pts',(-2.793717831134,5.243445915459,2.0998));
#12862=CARTESIAN_POINT('Ctrl Pts',(-2.786543501511,5.233932130525,2.101));
#12863=CARTESIAN_POINT('Ctrl Pts',(-2.786543501511,5.233932130525,2.0998));
#12864=CARTESIAN_POINT('Ctrl Pts',(-2.770791169079,5.224262381902,2.101));
#12865=CARTESIAN_POINT('Ctrl Pts',(-2.770791169079,5.224262381902,2.0998));
#12866=CARTESIAN_POINT('Ctrl Pts',(-2.746694779368,5.214592633281,2.101));
#12867=CARTESIAN_POINT('Ctrl Pts',(-2.746694779368,5.214592633281,2.0998));
#12868=CARTESIAN_POINT('',(-2.746694779368,5.214592633281,2.1));
#12869=CARTESIAN_POINT('Origin',(-1.60221722470941,5.21878412366767,2.1));
#12870=CARTESIAN_POINT('',(-2.746694779368,5.214592633281,2.101));
#12871=CARTESIAN_POINT('',(-2.746694779368,5.214592633281,2.101));
#12872=CARTESIAN_POINT('Origin',(-1.60221722470941,5.21878412366767,2.101));
#12873=CARTESIAN_POINT('Ctrl Pts',(-2.746694779368,5.214592633281,2.101));
#12874=CARTESIAN_POINT('Ctrl Pts',(-2.746694779368,5.214592633281,2.0998));
#12875=CARTESIAN_POINT('Ctrl Pts',(-2.726575463687,5.207106376284,2.101));
#12876=CARTESIAN_POINT('Ctrl Pts',(-2.726575463687,5.207106376284,2.0998));
#12877=CARTESIAN_POINT('Ctrl Pts',(-2.713240568411,5.20055590141,2.101));
#12878=CARTESIAN_POINT('Ctrl Pts',(-2.713240568411,5.20055590141,2.0998));
#12879=CARTESIAN_POINT('Ctrl Pts',(-2.706690093539,5.195097172349,2.101));
#12880=CARTESIAN_POINT('Ctrl Pts',(-2.706690093539,5.195097172349,2.0998));
#12881=CARTESIAN_POINT('',(-2.706690093539,5.195097172349,2.1));
#12882=CARTESIAN_POINT('Origin',(-3.16722432373319,5.26727607824884,2.1));
#12883=CARTESIAN_POINT('',(-2.706690093539,5.195097172349,2.101));
#12884=CARTESIAN_POINT('',(-2.706690093539,5.195097172349,2.101));
#12885=CARTESIAN_POINT('Origin',(-3.16722432373319,5.26727607824884,2.101));
#12886=CARTESIAN_POINT('Ctrl Pts',(-2.706690093539,5.195097172349,2.101));
#12887=CARTESIAN_POINT('Ctrl Pts',(-2.706690093539,5.195097172349,2.0998));
#12888=CARTESIAN_POINT('Ctrl Pts',(-2.700139618665,5.189638443289,2.101));
#12889=CARTESIAN_POINT('Ctrl Pts',(-2.700139618665,5.189638443289,2.0998));
#12890=CARTESIAN_POINT('Ctrl Pts',(-2.696864381229,5.182776041042,2.101));
#12891=CARTESIAN_POINT('Ctrl Pts',(-2.696864381229,5.182776041042,2.0998));
#12892=CARTESIAN_POINT('Ctrl Pts',(-2.696864381229,5.174354001919,2.101));
#12893=CARTESIAN_POINT('Ctrl Pts',(-2.696864381229,5.174354001919,2.0998));
#12894=CARTESIAN_POINT('',(-2.696864381229,5.174354001919,2.1));
#12895=CARTESIAN_POINT('Ctrl Pts',(-2.706690093539,5.195097172349,2.1));
#12896=CARTESIAN_POINT('Ctrl Pts',(-2.700139618665,5.189638443289,2.1));
#12897=CARTESIAN_POINT('Ctrl Pts',(-2.696864381229,5.182776041042,2.1));
#12898=CARTESIAN_POINT('Ctrl Pts',(-2.696864381229,5.174354001919,2.1));
#12899=CARTESIAN_POINT('',(-2.696864381229,5.174354001919,2.101));
#12900=CARTESIAN_POINT('',(-2.696864381229,5.174354001919,2.101));
#12901=CARTESIAN_POINT('Ctrl Pts',(-2.706690093539,5.195097172349,2.101));
#12902=CARTESIAN_POINT('Ctrl Pts',(-2.700139618665,5.189638443289,2.101));
#12903=CARTESIAN_POINT('Ctrl Pts',(-2.696864381229,5.182776041042,2.101));
#12904=CARTESIAN_POINT('Ctrl Pts',(-2.696864381229,5.174354001919,2.101));
#12905=CARTESIAN_POINT('Ctrl Pts',(-2.696864381229,5.174354001919,2.101));
#12906=CARTESIAN_POINT('Ctrl Pts',(-2.696864381229,5.174354001919,2.0998));
#12907=CARTESIAN_POINT('Ctrl Pts',(-2.696864381229,5.154702577301,2.101));
#12908=CARTESIAN_POINT('Ctrl Pts',(-2.696864381229,5.154702577301,2.0998));
#12909=CARTESIAN_POINT('Ctrl Pts',(-2.711914877067,5.144876864992,2.101));
#12910=CARTESIAN_POINT('Ctrl Pts',(-2.711914877067,5.144876864992,2.0998));
#12911=CARTESIAN_POINT('Ctrl Pts',(-2.741937886901,5.144876864992,2.101));
#12912=CARTESIAN_POINT('Ctrl Pts',(-2.741937886901,5.144876864992,2.0998));
#12913=CARTESIAN_POINT('Origin',(-15.7347350422963,13.6713700093128,2.1));
#12914=CARTESIAN_POINT('Origin',(-15.7347350422963,13.6713700093128,2.101));
#12915=CARTESIAN_POINT('Origin',(-2.774475811195,5.150140639444,2.101));
#12916=CARTESIAN_POINT('Origin',(-2.774475811195,5.150140639444,2.1));
#12917=CARTESIAN_POINT('Origin',(-2.46822161543,5.336712200552,2.101));
#12918=CARTESIAN_POINT('',(-2.428606838819,5.336712200552,2.1));
#12919=CARTESIAN_POINT('',(-2.46822161543,5.336712200552,2.1));
#12920=CARTESIAN_POINT('',(-2.46822161543,5.336712200552,2.1));
#12921=CARTESIAN_POINT('',(-2.46822161543,5.336712200552,2.101));
#12922=CARTESIAN_POINT('',(-2.46822161543,5.336712200552,2.101));
#12923=CARTESIAN_POINT('',(-2.428606838819,5.336712200552,2.101));
#12924=CARTESIAN_POINT('',(-2.46822161543,5.336712200552,2.101));
#12925=CARTESIAN_POINT('',(-2.428606838819,5.336712200552,2.101));
#12926=CARTESIAN_POINT('Origin',(-2.527721762192,5.172638401357,2.101));
#12927=CARTESIAN_POINT('',(-2.527721762192,5.172638401357,2.1));
#12928=CARTESIAN_POINT('',(-2.527721762192,5.172638401357,2.1));
#12929=CARTESIAN_POINT('',(-2.527721762192,5.172638401357,2.101));
#12930=CARTESIAN_POINT('',(-2.527721762192,5.172638401357,2.101));
#12931=CARTESIAN_POINT('',(-2.527721762192,5.172638401357,2.101));
#12932=CARTESIAN_POINT('Ctrl Pts',(-2.527721762192,5.172638401357,2.101));
#12933=CARTESIAN_POINT('Ctrl Pts',(-2.527721762192,5.172638401357,2.0998));
#12934=CARTESIAN_POINT('Ctrl Pts',(-2.530061217503,5.164996180673,2.101));
#12935=CARTESIAN_POINT('Ctrl Pts',(-2.530061217503,5.164996180673,2.0998));
#12936=CARTESIAN_POINT('Ctrl Pts',(-2.53162085438,5.15906956055,2.101));
#12937=CARTESIAN_POINT('Ctrl Pts',(-2.53162085438,5.15906956055,2.0998));
#12938=CARTESIAN_POINT('Ctrl Pts',(-2.532400672816,5.155014504675,2.101));
#12939=CARTESIAN_POINT('Ctrl Pts',(-2.532400672816,5.155014504675,2.0998));
#12940=CARTESIAN_POINT('',(-2.532400672816,5.155014504675,2.1));
#12941=CARTESIAN_POINT('Ctrl Pts',(-2.527721762192,5.172638401357,2.1));
#12942=CARTESIAN_POINT('Ctrl Pts',(-2.530061217503,5.164996180673,2.1));
#12943=CARTESIAN_POINT('Ctrl Pts',(-2.53162085438,5.15906956055,2.1));
#12944=CARTESIAN_POINT('Ctrl Pts',(-2.532400672816,5.155014504675,2.1));
#12945=CARTESIAN_POINT('',(-2.532400672816,5.155014504675,2.101));
#12946=CARTESIAN_POINT('',(-2.532400672816,5.155014504675,2.101));
#12947=CARTESIAN_POINT('Ctrl Pts',(-2.527721762192,5.172638401357,2.101));
#12948=CARTESIAN_POINT('Ctrl Pts',(-2.530061217503,5.164996180673,2.101));
#12949=CARTESIAN_POINT('Ctrl Pts',(-2.53162085438,5.15906956055,2.101));
#12950=CARTESIAN_POINT('Ctrl Pts',(-2.532400672816,5.155014504675,2.101));
#12951=CARTESIAN_POINT('Origin',(-2.533414436783,5.155014504675,2.101));
#12952=CARTESIAN_POINT('',(-2.533414436783,5.155014504675,2.1));
#12953=CARTESIAN_POINT('',(-2.533414436783,5.155014504675,2.1));
#12954=CARTESIAN_POINT('',(-2.533414436783,5.155014504675,2.101));
#12955=CARTESIAN_POINT('',(-2.533414436783,5.155014504675,2.101));
#12956=CARTESIAN_POINT('',(-2.533414436783,5.155014504675,2.101));
#12957=CARTESIAN_POINT('Origin',(-2.538093347408,5.172950328732,2.101));
#12958=CARTESIAN_POINT('',(-2.538093347408,5.172950328732,2.1));
#12959=CARTESIAN_POINT('',(-2.538093347408,5.172950328732,2.1));
#12960=CARTESIAN_POINT('',(-2.538093347408,5.172950328732,2.101));
#12961=CARTESIAN_POINT('',(-2.538093347408,5.172950328732,2.101));
#12962=CARTESIAN_POINT('',(-2.538093347408,5.172950328732,2.101));
#12963=CARTESIAN_POINT('Origin',(-2.595020093325,5.336712200552,2.101));
#12964=CARTESIAN_POINT('',(-2.595020093325,5.336712200552,2.1));
#12965=CARTESIAN_POINT('',(-2.595020093325,5.336712200552,2.1));
#12966=CARTESIAN_POINT('',(-2.595020093325,5.336712200552,2.101));
#12967=CARTESIAN_POINT('',(-2.595020093325,5.336712200552,2.101));
#12968=CARTESIAN_POINT('',(-2.595020093325,5.336712200552,2.101));
#12969=CARTESIAN_POINT('Origin',(-2.637754143686,5.336712200552,2.101));
#12970=CARTESIAN_POINT('',(-2.637754143686,5.336712200552,2.1));
#12971=CARTESIAN_POINT('',(-2.637754143686,5.336712200552,2.1));
#12972=CARTESIAN_POINT('',(-2.637754143686,5.336712200552,2.101));
#12973=CARTESIAN_POINT('',(-2.637754143686,5.336712200552,2.101));
#12974=CARTESIAN_POINT('',(-2.637754143686,5.336712200552,2.101));
#12975=CARTESIAN_POINT('Origin',(-2.552286042965,5.119298820251,2.101));
#12976=CARTESIAN_POINT('',(-2.552286042965,5.119298820251,2.1));
#12977=CARTESIAN_POINT('',(-2.552286042965,5.119298820251,2.1));
#12978=CARTESIAN_POINT('',(-2.552286042965,5.119298820251,2.101));
#12979=CARTESIAN_POINT('',(-2.552286042965,5.119298820251,2.101));
#12980=CARTESIAN_POINT('',(-2.552286042965,5.119298820251,2.101));
#12981=CARTESIAN_POINT('Origin',(-2.569052139366,5.079684043639,2.101));
#12982=CARTESIAN_POINT('',(-2.569052139366,5.079684043639,2.1));
#12983=CARTESIAN_POINT('',(-2.569052139366,5.079684043639,2.1));
#12984=CARTESIAN_POINT('',(-2.569052139366,5.079684043639,2.101));
#12985=CARTESIAN_POINT('',(-2.569052139366,5.079684043639,2.101));
#12986=CARTESIAN_POINT('',(-2.569052139366,5.079684043639,2.101));
#12987=CARTESIAN_POINT('Ctrl Pts',(-2.569052139366,5.079684043639,2.101));
#12988=CARTESIAN_POINT('Ctrl Pts',(-2.569052139366,5.079684043639,2.0998));
#12989=CARTESIAN_POINT('Ctrl Pts',(-2.577708124019,5.059096836896,2.101));
#12990=CARTESIAN_POINT('Ctrl Pts',(-2.577708124019,5.059096836896,2.0998));
#12991=CARTESIAN_POINT('Ctrl Pts',(-2.59073109192,5.048959197211,2.101));
#12992=CARTESIAN_POINT('Ctrl Pts',(-2.59073109192,5.048959197211,2.0998));
#12993=CARTESIAN_POINT('Ctrl Pts',(-2.608199024915,5.048959197211,2.101));
#12994=CARTESIAN_POINT('Ctrl Pts',(-2.608199024915,5.048959197211,2.0998));
#12995=CARTESIAN_POINT('',(-2.608199024915,5.048959197211,2.1));
#12996=CARTESIAN_POINT('Ctrl Pts',(-2.569052139366,5.079684043639,2.1));
#12997=CARTESIAN_POINT('Ctrl Pts',(-2.577708124019,5.059096836896,2.1));
#12998=CARTESIAN_POINT('Ctrl Pts',(-2.59073109192,5.048959197211,2.1));
#12999=CARTESIAN_POINT('Ctrl Pts',(-2.608199024915,5.048959197211,2.1));
#13000=CARTESIAN_POINT('',(-2.608199024915,5.048959197211,2.101));
#13001=CARTESIAN_POINT('',(-2.608199024915,5.048959197211,2.101));
#13002=CARTESIAN_POINT('Ctrl Pts',(-2.569052139366,5.079684043639,2.101));
#13003=CARTESIAN_POINT('Ctrl Pts',(-2.577708124019,5.059096836896,2.101));
#13004=CARTESIAN_POINT('Ctrl Pts',(-2.59073109192,5.048959197211,2.101));
#13005=CARTESIAN_POINT('Ctrl Pts',(-2.608199024915,5.048959197211,2.101));
#13006=CARTESIAN_POINT('Ctrl Pts',(-2.608199024915,5.048959197211,2.101));
#13007=CARTESIAN_POINT('Ctrl Pts',(-2.608199024915,5.048959197211,2.0998));
#13008=CARTESIAN_POINT('Ctrl Pts',(-2.61521739085,5.048959197211,2.101));
#13009=CARTESIAN_POINT('Ctrl Pts',(-2.61521739085,5.048959197211,2.0998));
#13010=CARTESIAN_POINT('Ctrl Pts',(-2.622391720473,5.050362870399,2.101));
#13011=CARTESIAN_POINT('Ctrl Pts',(-2.622391720473,5.050362870399,2.0998));
#13012=CARTESIAN_POINT('Ctrl Pts',(-2.62987797747,5.053326180461,2.101));
#13013=CARTESIAN_POINT('Ctrl Pts',(-2.62987797747,5.053326180461,2.0998));
#13014=CARTESIAN_POINT('',(-2.62987797747,5.053326180461,2.1));
#13015=CARTESIAN_POINT('Ctrl Pts',(-2.608199024915,5.048959197211,2.1));
#13016=CARTESIAN_POINT('Ctrl Pts',(-2.61521739085,5.048959197211,2.1));
#13017=CARTESIAN_POINT('Ctrl Pts',(-2.622391720473,5.050362870399,2.1));
#13018=CARTESIAN_POINT('Ctrl Pts',(-2.62987797747,5.053326180461,2.1));
#13019=CARTESIAN_POINT('',(-2.62987797747,5.053326180461,2.101));
#13020=CARTESIAN_POINT('',(-2.62987797747,5.053326180461,2.101));
#13021=CARTESIAN_POINT('Ctrl Pts',(-2.608199024915,5.048959197211,2.101));
#13022=CARTESIAN_POINT('Ctrl Pts',(-2.61521739085,5.048959197211,2.101));
#13023=CARTESIAN_POINT('Ctrl Pts',(-2.622391720473,5.050362870399,2.101));
#13024=CARTESIAN_POINT('Ctrl Pts',(-2.62987797747,5.053326180461,2.101));
#13025=CARTESIAN_POINT('Origin',(-2.62987797747,5.019326096597,2.101));
#13026=CARTESIAN_POINT('',(-2.62987797747,5.019326096597,2.1));
#13027=CARTESIAN_POINT('',(-2.62987797747,5.019326096597,2.1));
#13028=CARTESIAN_POINT('',(-2.62987797747,5.019326096597,2.101));
#13029=CARTESIAN_POINT('',(-2.62987797747,5.019326096597,2.101));
#13030=CARTESIAN_POINT('',(-2.62987797747,5.019326096597,2.101));
#13031=CARTESIAN_POINT('Ctrl Pts',(-2.62987797747,5.019326096597,2.101));
#13032=CARTESIAN_POINT('Ctrl Pts',(-2.62987797747,5.019326096597,2.0998));
#13033=CARTESIAN_POINT('Ctrl Pts',(-2.623093557066,5.01729856866,2.101));
#13034=CARTESIAN_POINT('Ctrl Pts',(-2.623093557066,5.01729856866,2.0998));
#13035=CARTESIAN_POINT('Ctrl Pts',(-2.614827481632,5.016206822847,2.101));
#13036=CARTESIAN_POINT('Ctrl Pts',(-2.614827481632,5.016206822847,2.0998));
#13037=CARTESIAN_POINT('Ctrl Pts',(-2.605235714853,5.016206822847,2.101));
#13038=CARTESIAN_POINT('Ctrl Pts',(-2.605235714853,5.016206822847,2.0998));
#13039=CARTESIAN_POINT('',(-2.605235714853,5.016206822847,2.1));
#13040=CARTESIAN_POINT('Origin',(-2.53976677933484,5.08224091286555,2.1));
#13041=CARTESIAN_POINT('',(-2.605235714853,5.016206822847,2.101));
#13042=CARTESIAN_POINT('',(-2.605235714853,5.016206822847,2.101));
#13043=CARTESIAN_POINT('Origin',(-2.53976677933484,5.08224091286555,2.101));
#13044=CARTESIAN_POINT('Ctrl Pts',(-2.605235714853,5.016206822847,2.101));
#13045=CARTESIAN_POINT('Ctrl Pts',(-2.605235714853,5.016206822847,2.0998));
#13046=CARTESIAN_POINT('Ctrl Pts',(-2.571781503896,5.016206822847,2.101));
#13047=CARTESIAN_POINT('Ctrl Pts',(-2.571781503896,5.016206822847,2.0998));
#13048=CARTESIAN_POINT('Ctrl Pts',(-2.545891531779,5.039445412277,2.101));
#13049=CARTESIAN_POINT('Ctrl Pts',(-2.545891531779,5.039445412277,2.0998));
#13050=CARTESIAN_POINT('Ctrl Pts',(-2.527487816661,5.085922591138,2.101));
#13051=CARTESIAN_POINT('Ctrl Pts',(-2.527487816661,5.085922591138,2.0998));
#13052=CARTESIAN_POINT('',(-2.527487816661,5.085922591138,2.1));
#13053=CARTESIAN_POINT('Ctrl Pts',(-2.605235714853,5.016206822847,2.1));
#13054=CARTESIAN_POINT('Ctrl Pts',(-2.571781503896,5.016206822847,2.1));
#13055=CARTESIAN_POINT('Ctrl Pts',(-2.545891531779,5.039445412277,2.1));
#13056=CARTESIAN_POINT('Ctrl Pts',(-2.527487816661,5.085922591138,2.1));
#13057=CARTESIAN_POINT('',(-2.527487816661,5.085922591138,2.101));
#13058=CARTESIAN_POINT('',(-2.527487816661,5.085922591138,2.101));
#13059=CARTESIAN_POINT('Ctrl Pts',(-2.605235714853,5.016206822847,2.101));
#13060=CARTESIAN_POINT('Ctrl Pts',(-2.571781503896,5.016206822847,2.101));
#13061=CARTESIAN_POINT('Ctrl Pts',(-2.545891531779,5.039445412277,2.101));
#13062=CARTESIAN_POINT('Ctrl Pts',(-2.527487816661,5.085922591138,2.101));
#13063=CARTESIAN_POINT('Origin',(-2.428606838819,5.336712200552,2.101));
#13064=CARTESIAN_POINT('',(-2.428606838819,5.336712200552,2.1));
#13065=CARTESIAN_POINT('',(-2.428606838819,5.336712200552,2.101));
#13066=CARTESIAN_POINT('Origin',(-2.560717829818,5.03363576492,2.101));
#13067=CARTESIAN_POINT('Origin',(-2.560717829818,5.03363576492,2.1));
#13068=CARTESIAN_POINT('Origin',(-2.223358626137,5.15361083149,2.101));
#13069=CARTESIAN_POINT('',(-2.223358626137,5.118830929189,2.1));
#13070=CARTESIAN_POINT('',(-2.223358626137,5.15361083149,2.1));
#13071=CARTESIAN_POINT('',(-2.223358626137,5.15361083149,2.1));
#13072=CARTESIAN_POINT('',(-2.223358626137,5.15361083149,2.101));
#13073=CARTESIAN_POINT('',(-2.223358626137,5.15361083149,2.101));
#13074=CARTESIAN_POINT('',(-2.223358626137,5.118830929189,2.101));
#13075=CARTESIAN_POINT('',(-2.223358626137,5.15361083149,2.101));
#13076=CARTESIAN_POINT('',(-2.223358626137,5.118830929189,2.101));
#13077=CARTESIAN_POINT('Origin',(-2.348051594251,5.15361083149,2.101));
#13078=CARTESIAN_POINT('',(-2.348051594251,5.15361083149,2.1));
#13079=CARTESIAN_POINT('',(-2.348051594251,5.15361083149,2.1));
#13080=CARTESIAN_POINT('',(-2.348051594251,5.15361083149,2.101));
#13081=CARTESIAN_POINT('',(-2.348051594251,5.15361083149,2.101));
#13082=CARTESIAN_POINT('',(-2.348051594251,5.15361083149,2.101));
#13083=CARTESIAN_POINT('Origin',(-2.348051594251,5.25623493783,2.101));
#13084=CARTESIAN_POINT('',(-2.348051594251,5.25623493783,2.1));
#13085=CARTESIAN_POINT('',(-2.348051594251,5.25623493783,2.1));
#13086=CARTESIAN_POINT('',(-2.348051594251,5.25623493783,2.101));
#13087=CARTESIAN_POINT('',(-2.348051594251,5.25623493783,2.101));
#13088=CARTESIAN_POINT('',(-2.348051594251,5.25623493783,2.101));
#13089=CARTESIAN_POINT('Origin',(-2.238954994883,5.25623493783,2.101));
#13090=CARTESIAN_POINT('',(-2.238954994883,5.25623493783,2.1));
#13091=CARTESIAN_POINT('',(-2.238954994883,5.25623493783,2.1));
#13092=CARTESIAN_POINT('',(-2.238954994883,5.25623493783,2.101));
#13093=CARTESIAN_POINT('',(-2.238954994883,5.25623493783,2.101));
#13094=CARTESIAN_POINT('',(-2.238954994883,5.25623493783,2.101));
#13095=CARTESIAN_POINT('Origin',(-2.238954994883,5.291170803818,2.101));
#13096=CARTESIAN_POINT('',(-2.238954994883,5.291170803818,2.1));
#13097=CARTESIAN_POINT('',(-2.238954994883,5.291170803818,2.1));
#13098=CARTESIAN_POINT('',(-2.238954994883,5.291170803818,2.101));
#13099=CARTESIAN_POINT('',(-2.238954994883,5.291170803818,2.101));
#13100=CARTESIAN_POINT('',(-2.238954994883,5.291170803818,2.101));
#13101=CARTESIAN_POINT('Origin',(-2.348051594251,5.291170803818,2.101));
#13102=CARTESIAN_POINT('',(-2.348051594251,5.291170803818,2.1));
#13103=CARTESIAN_POINT('',(-2.348051594251,5.291170803818,2.1));
#13104=CARTESIAN_POINT('',(-2.348051594251,5.291170803818,2.101));
#13105=CARTESIAN_POINT('',(-2.348051594251,5.291170803818,2.101));
#13106=CARTESIAN_POINT('',(-2.348051594251,5.291170803818,2.101));
#13107=CARTESIAN_POINT('Origin',(-2.348051594251,5.388804072161,2.101));
#13108=CARTESIAN_POINT('',(-2.348051594251,5.388804072161,2.1));
#13109=CARTESIAN_POINT('',(-2.348051594251,5.388804072161,2.1));
#13110=CARTESIAN_POINT('',(-2.348051594251,5.388804072161,2.101));
#13111=CARTESIAN_POINT('',(-2.348051594251,5.388804072161,2.101));
#13112=CARTESIAN_POINT('',(-2.348051594251,5.388804072161,2.101));
#13113=CARTESIAN_POINT('Origin',(-2.230299010229,5.388804072161,2.101));
#13114=CARTESIAN_POINT('',(-2.230299010229,5.388804072161,2.1));
#13115=CARTESIAN_POINT('',(-2.230299010229,5.388804072161,2.1));
#13116=CARTESIAN_POINT('',(-2.230299010229,5.388804072161,2.101));
#13117=CARTESIAN_POINT('',(-2.230299010229,5.388804072161,2.101));
#13118=CARTESIAN_POINT('',(-2.230299010229,5.388804072161,2.101));
#13119=CARTESIAN_POINT('Origin',(-2.230299010229,5.423895901836,2.101));
#13120=CARTESIAN_POINT('',(-2.230299010229,5.423895901836,2.1));
#13121=CARTESIAN_POINT('',(-2.230299010229,5.423895901836,2.1));
#13122=CARTESIAN_POINT('',(-2.230299010229,5.423895901836,2.101));
#13123=CARTESIAN_POINT('',(-2.230299010229,5.423895901836,2.101));
#13124=CARTESIAN_POINT('',(-2.230299010229,5.423895901836,2.101));
#13125=CARTESIAN_POINT('Origin',(-2.387432425332,5.423895901836,2.101));
#13126=CARTESIAN_POINT('',(-2.387432425332,5.423895901836,2.1));
#13127=CARTESIAN_POINT('',(-2.387432425332,5.423895901836,2.1));
#13128=CARTESIAN_POINT('',(-2.387432425332,5.423895901836,2.101));
#13129=CARTESIAN_POINT('',(-2.387432425332,5.423895901836,2.101));
#13130=CARTESIAN_POINT('',(-2.387432425332,5.423895901836,2.101));
#13131=CARTESIAN_POINT('Origin',(-2.387432425332,5.118830929189,2.101));
#13132=CARTESIAN_POINT('',(-2.387432425332,5.118830929189,2.1));
#13133=CARTESIAN_POINT('',(-2.387432425332,5.118830929189,2.1));
#13134=CARTESIAN_POINT('',(-2.387432425332,5.118830929189,2.101));
#13135=CARTESIAN_POINT('',(-2.387432425332,5.118830929189,2.101));
#13136=CARTESIAN_POINT('',(-2.387432425332,5.118830929189,2.101));
#13137=CARTESIAN_POINT('Origin',(-2.223358626137,5.118830929189,2.101));
#13138=CARTESIAN_POINT('',(-2.223358626137,5.118830929189,2.1));
#13139=CARTESIAN_POINT('',(-2.223358626137,5.118830929189,2.101));
#13140=CARTESIAN_POINT('Origin',(0.,0.,2.101));
#13141=CARTESIAN_POINT('Origin',(0.,0.,2.1));
#13142=CARTESIAN_POINT('Origin',(-2.015186094317,5.413816748534,2.101));
#13143=CARTESIAN_POINT('',(-2.165730043625,5.118830929189,2.101));
#13144=CARTESIAN_POINT('',(-2.081821579778,5.118830929189,2.101));
#13145=CARTESIAN_POINT('',(-2.081821579778,5.118830929189,2.101));
#13146=CARTESIAN_POINT('',(-1.963367159163,5.161564979549,2.101));
#13147=CARTESIAN_POINT('Origin',(-18.6241211851085,31.7299376852373,2.101));
#13148=CARTESIAN_POINT('',(-1.917357871365,5.275262507697,2.101));
#13149=CARTESIAN_POINT('Origin',(-36.2939698438011,26.1256971488029,2.101));
#13150=CARTESIAN_POINT('',(-1.963367159163,5.383501306787,2.101));
#13151=CARTESIAN_POINT('Ctrl Pts',(-1.917357871365,5.275262507697,2.101));
#13152=CARTESIAN_POINT('Ctrl Pts',(-1.917357871365,5.320491977058,2.101));
#13153=CARTESIAN_POINT('Ctrl Pts',(-1.932720294579,5.356519588859,2.101));
#13154=CARTESIAN_POINT('Ctrl Pts',(-1.963367159163,5.383501306787,2.101));
#13155=CARTESIAN_POINT('',(-2.07870230603,5.423895901836,2.101));
#13156=CARTESIAN_POINT('Ctrl Pts',(-1.963367159163,5.383501306787,2.101));
#13157=CARTESIAN_POINT('Ctrl Pts',(-1.994014023745,5.410483024714,2.101));
#13158=CARTESIAN_POINT('Ctrl Pts',(-2.032459072703,5.423895901836,2.101));
#13159=CARTESIAN_POINT('Ctrl Pts',(-2.07870230603,5.423895901836,2.101));
#13160=CARTESIAN_POINT('',(-2.165730043625,5.423895901836,2.101));
#13161=CARTESIAN_POINT('',(-2.165730043625,5.423895901836,2.101));
#13162=CARTESIAN_POINT('',(-2.165730043625,5.118830929189,2.101));
#13163=CARTESIAN_POINT('',(-2.126349212545,5.388804072161,2.101));
#13164=CARTESIAN_POINT('',(-2.126349212545,5.15361083149,2.101));
#13165=CARTESIAN_POINT('',(-2.126349212545,5.388804072161,2.101));
#13166=CARTESIAN_POINT('',(-2.080261942905,5.388804072161,2.101));
#13167=CARTESIAN_POINT('',(-2.080261942905,5.388804072161,2.101));
#13168=CARTESIAN_POINT('',(-1.992220441341,5.36010675367,2.101));
#13169=CARTESIAN_POINT('Origin',(-16.7215867348766,-14.3975624776866,2.101));
#13170=CARTESIAN_POINT('',(-1.958766230385,5.274170761887,2.101));
#13171=CARTESIAN_POINT('Origin',(-8.09787687610223,0.122378123189895,2.101));
#13172=CARTESIAN_POINT('',(-1.991362641059,5.185427423728,2.101));
#13173=CARTESIAN_POINT('Origin',(-11.8369469152595,12.9911675816366,2.101));
#13174=CARTESIAN_POINT('',(-2.082055525311,5.15361083149,2.101));
#13175=CARTESIAN_POINT('Origin',(-11.6001997752609,17.0294035182302,2.101));
#13176=CARTESIAN_POINT('',(-2.126349212545,5.15361083149,2.101));
#13177=CARTESIAN_POINT('Origin',(-2.015186094317,5.413816748534,2.1));
#13178=CARTESIAN_POINT('',(-2.165730043625,5.118830929189,2.1));
#13179=CARTESIAN_POINT('',(-2.081821579778,5.118830929189,2.1));
#13180=CARTESIAN_POINT('',(-2.081821579778,5.118830929189,2.1));
#13181=CARTESIAN_POINT('',(-2.165730043625,5.423895901836,2.1));
#13182=CARTESIAN_POINT('',(-2.165730043625,5.118830929189,2.1));
#13183=CARTESIAN_POINT('',(-2.07870230603,5.423895901836,2.1));
#13184=CARTESIAN_POINT('',(-2.165730043625,5.423895901836,2.1));
#13185=CARTESIAN_POINT('',(-1.963367159163,5.383501306787,2.1));
#13186=CARTESIAN_POINT('Ctrl Pts',(-1.963367159163,5.383501306787,2.1));
#13187=CARTESIAN_POINT('Ctrl Pts',(-1.994014023745,5.410483024714,2.1));
#13188=CARTESIAN_POINT('Ctrl Pts',(-2.032459072703,5.423895901836,2.1));
#13189=CARTESIAN_POINT('Ctrl Pts',(-2.07870230603,5.423895901836,2.1));
#13190=CARTESIAN_POINT('',(-1.917357871365,5.275262507697,2.1));
#13191=CARTESIAN_POINT('Ctrl Pts',(-1.917357871365,5.275262507697,2.1));
#13192=CARTESIAN_POINT('Ctrl Pts',(-1.917357871365,5.320491977058,2.1));
#13193=CARTESIAN_POINT('Ctrl Pts',(-1.932720294579,5.356519588859,2.1));
#13194=CARTESIAN_POINT('Ctrl Pts',(-1.963367159163,5.383501306787,2.1));
#13195=CARTESIAN_POINT('',(-1.963367159163,5.161564979549,2.1));
#13196=CARTESIAN_POINT('Origin',(-36.2939698438011,26.1256971488029,2.1));
#13197=CARTESIAN_POINT('Origin',(-18.6241211851085,31.7299376852373,2.1));
#13198=CARTESIAN_POINT('',(-2.080261942905,5.388804072161,2.1));
#13199=CARTESIAN_POINT('',(-2.126349212545,5.388804072161,2.1));
#13200=CARTESIAN_POINT('',(-2.080261942905,5.388804072161,2.1));
#13201=CARTESIAN_POINT('',(-2.126349212545,5.15361083149,2.1));
#13202=CARTESIAN_POINT('',(-2.126349212545,5.388804072161,2.1));
#13203=CARTESIAN_POINT('',(-2.082055525311,5.15361083149,2.1));
#13204=CARTESIAN_POINT('',(-2.126349212545,5.15361083149,2.1));
#13205=CARTESIAN_POINT('',(-1.991362641059,5.185427423728,2.1));
#13206=CARTESIAN_POINT('Origin',(-11.6001997752609,17.0294035182302,2.1));
#13207=CARTESIAN_POINT('',(-1.958766230385,5.274170761887,2.1));
#13208=CARTESIAN_POINT('Origin',(-11.8369469152595,12.9911675816366,2.1));
#13209=CARTESIAN_POINT('',(-1.992220441341,5.36010675367,2.1));
#13210=CARTESIAN_POINT('Origin',(-8.09787687610223,0.122378123189895,2.1));
#13211=CARTESIAN_POINT('Origin',(-16.7215867348766,-14.3975624776866,2.1));
#13212=CARTESIAN_POINT('Origin',(-2.081821579778,5.118830929189,2.101));
#13213=CARTESIAN_POINT('',(-2.081821579778,5.118830929189,2.101));
#13214=CARTESIAN_POINT('',(-2.165730043625,5.118830929189,2.101));
#13215=CARTESIAN_POINT('Ctrl Pts',(-2.081821579778,5.118830929189,2.101));
#13216=CARTESIAN_POINT('Ctrl Pts',(-2.081821579778,5.118830929189,2.0998));
#13217=CARTESIAN_POINT('Ctrl Pts',(-2.033550818514,5.118830929189,2.101));
#13218=CARTESIAN_POINT('Ctrl Pts',(-2.033550818514,5.118830929189,2.0998));
#13219=CARTESIAN_POINT('Ctrl Pts',(-1.994014023745,5.133023624745,2.101));
#13220=CARTESIAN_POINT('Ctrl Pts',(-1.994014023745,5.133023624745,2.0998));
#13221=CARTESIAN_POINT('Ctrl Pts',(-1.963367159163,5.161564979549,2.101));
#13222=CARTESIAN_POINT('Ctrl Pts',(-1.963367159163,5.161564979549,2.0998));
#13223=CARTESIAN_POINT('',(-1.963367159163,5.161564979549,2.101));
#13224=CARTESIAN_POINT('Ctrl Pts',(-1.963367159163,5.161564979549,2.101));
#13225=CARTESIAN_POINT('Ctrl Pts',(-1.963367159163,5.161564979549,2.0998));
#13226=CARTESIAN_POINT('Ctrl Pts',(-1.932720294579,5.190106334352,2.101));
#13227=CARTESIAN_POINT('Ctrl Pts',(-1.932720294579,5.190106334352,2.0998));
#13228=CARTESIAN_POINT('Ctrl Pts',(-1.917357871365,5.228005510401,2.101));
#13229=CARTESIAN_POINT('Ctrl Pts',(-1.917357871365,5.228005510401,2.0998));
#13230=CARTESIAN_POINT('Ctrl Pts',(-1.917357871365,5.275262507697,2.101));
#13231=CARTESIAN_POINT('Ctrl Pts',(-1.917357871365,5.275262507697,2.0998));
#13232=CARTESIAN_POINT('',(-1.917357871365,5.275262507697,2.101));
#13233=CARTESIAN_POINT('Ctrl Pts',(-1.917357871365,5.275262507697,2.101));
#13234=CARTESIAN_POINT('Ctrl Pts',(-1.917357871365,5.275262507697,2.0998));
#13235=CARTESIAN_POINT('Ctrl Pts',(-1.917357871365,5.320491977058,2.101));
#13236=CARTESIAN_POINT('Ctrl Pts',(-1.917357871365,5.320491977058,2.0998));
#13237=CARTESIAN_POINT('Ctrl Pts',(-1.932720294579,5.356519588859,2.101));
#13238=CARTESIAN_POINT('Ctrl Pts',(-1.932720294579,5.356519588859,2.0998));
#13239=CARTESIAN_POINT('Ctrl Pts',(-1.963367159163,5.383501306787,2.101));
#13240=CARTESIAN_POINT('Ctrl Pts',(-1.963367159163,5.383501306787,2.0998));
#13241=CARTESIAN_POINT('',(-1.963367159163,5.383501306787,2.101));
#13242=CARTESIAN_POINT('Ctrl Pts',(-1.963367159163,5.383501306787,2.101));
#13243=CARTESIAN_POINT('Ctrl Pts',(-1.963367159163,5.383501306787,2.0998));
#13244=CARTESIAN_POINT('Ctrl Pts',(-1.994014023745,5.410483024714,2.101));
#13245=CARTESIAN_POINT('Ctrl Pts',(-1.994014023745,5.410483024714,2.0998));
#13246=CARTESIAN_POINT('Ctrl Pts',(-2.032459072703,5.423895901836,2.101));
#13247=CARTESIAN_POINT('Ctrl Pts',(-2.032459072703,5.423895901836,2.0998));
#13248=CARTESIAN_POINT('Ctrl Pts',(-2.07870230603,5.423895901836,2.101));
#13249=CARTESIAN_POINT('Ctrl Pts',(-2.07870230603,5.423895901836,2.0998));
#13250=CARTESIAN_POINT('',(-2.07870230603,5.423895901836,2.101));
#13251=CARTESIAN_POINT('Origin',(-2.165730043625,5.423895901836,2.101));
#13252=CARTESIAN_POINT('',(-2.165730043625,5.423895901836,2.101));
#13253=CARTESIAN_POINT('Origin',(-2.165730043625,5.118830929189,2.101));
#13254=CARTESIAN_POINT('Origin',(-2.080261942905,5.388804072161,2.101));
#13255=CARTESIAN_POINT('',(-2.080261942905,5.388804072161,2.101));
#13256=CARTESIAN_POINT('',(-2.126349212545,5.388804072161,2.101));
#13257=CARTESIAN_POINT('Origin',(-2.126349212545,5.388804072161,2.101));
#13258=CARTESIAN_POINT('',(-2.126349212545,5.15361083149,2.101));
#13259=CARTESIAN_POINT('Origin',(-2.126349212545,5.15361083149,2.101));
#13260=CARTESIAN_POINT('',(-2.082055525311,5.15361083149,2.101));
#13261=CARTESIAN_POINT('Ctrl Pts',(-2.082055525311,5.15361083149,2.101));
#13262=CARTESIAN_POINT('Ctrl Pts',(-2.082055525311,5.15361083149,2.0998));
#13263=CARTESIAN_POINT('Ctrl Pts',(-2.043298548981,5.15361083149,2.101));
#13264=CARTESIAN_POINT('Ctrl Pts',(-2.043298548981,5.15361083149,2.0998));
#13265=CARTESIAN_POINT('Ctrl Pts',(-2.013041593615,5.164216362234,2.101));
#13266=CARTESIAN_POINT('Ctrl Pts',(-2.013041593615,5.164216362234,2.0998));
#13267=CARTESIAN_POINT('Ctrl Pts',(-1.991362641059,5.185427423728,2.101));
#13268=CARTESIAN_POINT('Ctrl Pts',(-1.991362641059,5.185427423728,2.0998));
#13269=CARTESIAN_POINT('',(-1.991362641059,5.185427423728,2.101));
#13270=CARTESIAN_POINT('Ctrl Pts',(-1.991362641059,5.185427423728,2.101));
#13271=CARTESIAN_POINT('Ctrl Pts',(-1.991362641059,5.185427423728,2.0998));
#13272=CARTESIAN_POINT('Ctrl Pts',(-1.96960570666,5.206482521535,2.101));
#13273=CARTESIAN_POINT('Ctrl Pts',(-1.96960570666,5.206482521535,2.0998));
#13274=CARTESIAN_POINT('Ctrl Pts',(-1.958766230385,5.236115622149,2.101));
#13275=CARTESIAN_POINT('Ctrl Pts',(-1.958766230385,5.236115622149,2.0998));
#13276=CARTESIAN_POINT('Ctrl Pts',(-1.958766230385,5.274170761887,2.101));
#13277=CARTESIAN_POINT('Ctrl Pts',(-1.958766230385,5.274170761887,2.0998));
#13278=CARTESIAN_POINT('',(-1.958766230385,5.274170761887,2.101));
#13279=CARTESIAN_POINT('Ctrl Pts',(-1.958766230385,5.274170761887,2.101));
#13280=CARTESIAN_POINT('Ctrl Pts',(-1.958766230385,5.274170761887,2.0998));
#13281=CARTESIAN_POINT('Ctrl Pts',(-1.958766230385,5.312225901624,2.101));
#13282=CARTESIAN_POINT('Ctrl Pts',(-1.958766230385,5.312225901624,2.0998));
#13283=CARTESIAN_POINT('Ctrl Pts',(-1.969917634037,5.340923220113,2.101));
#13284=CARTESIAN_POINT('Ctrl Pts',(-1.969917634037,5.340923220113,2.0998));
#13285=CARTESIAN_POINT('Ctrl Pts',(-1.992220441341,5.36010675367,2.101));
#13286=CARTESIAN_POINT('Ctrl Pts',(-1.992220441341,5.36010675367,2.0998));
#13287=CARTESIAN_POINT('',(-1.992220441341,5.36010675367,2.101));
#13288=CARTESIAN_POINT('Ctrl Pts',(-1.992220441341,5.36010675367,2.101));
#13289=CARTESIAN_POINT('Ctrl Pts',(-1.992220441341,5.36010675367,2.0998));
#13290=CARTESIAN_POINT('Ctrl Pts',(-2.014523248646,5.379290287225,2.101));
#13291=CARTESIAN_POINT('Ctrl Pts',(-2.014523248646,5.379290287225,2.0998));
#13292=CARTESIAN_POINT('Ctrl Pts',(-2.04392240373,5.388804072161,2.101));
#13293=CARTESIAN_POINT('Ctrl Pts',(-2.04392240373,5.388804072161,2.0998));
#13294=CARTESIAN_POINT('Ctrl Pts',(-2.080261942905,5.388804072161,2.101));
#13295=CARTESIAN_POINT('Ctrl Pts',(-2.080261942905,5.388804072161,2.0998));
#13296=CARTESIAN_POINT('Origin',(0.,0.,2.101));
#13297=CARTESIAN_POINT('',(-1.62593972137,5.118830929189,2.101));
#13298=CARTESIAN_POINT('',(-1.742132668517,5.423895901836,2.101));
#13299=CARTESIAN_POINT('',(-1.742132668517,5.423895901836,2.101));
#13300=CARTESIAN_POINT('',(-1.78424286413,5.423895901836,2.101));
#13301=CARTESIAN_POINT('',(-1.78424286413,5.423895901836,2.101));
#13302=CARTESIAN_POINT('',(-1.900435811279,5.118830929189,2.101));
#13303=CARTESIAN_POINT('',(-1.900435811279,5.118830929189,2.101));
#13304=CARTESIAN_POINT('',(-1.856921942481,5.118830929189,2.101));
#13305=CARTESIAN_POINT('',(-1.856921942481,5.118830929189,2.101));
#13306=CARTESIAN_POINT('',(-1.827600769241,5.202271501972,2.101));
#13307=CARTESIAN_POINT('',(-1.827600769241,5.202271501972,2.101));
#13308=CARTESIAN_POINT('',(-1.700568345814,5.202271501972,2.101));
#13309=CARTESIAN_POINT('',(-1.700568345814,5.202271501972,2.101));
#13310=CARTESIAN_POINT('',(-1.669453590166,5.118830929189,2.101));
#13311=CARTESIAN_POINT('',(-1.669453590166,5.118830929189,2.101));
#13312=CARTESIAN_POINT('',(-1.62593972137,5.118830929189,2.101));
#13313=CARTESIAN_POINT('',(-1.815123674243,5.236739476898,2.101));
#13314=CARTESIAN_POINT('',(-1.712733513434,5.236739476898,2.101));
#13315=CARTESIAN_POINT('',(-1.815123674243,5.236739476898,2.101));
#13316=CARTESIAN_POINT('',(-1.769504295667,5.363537954794,2.101));
#13317=CARTESIAN_POINT('',(-1.769504295667,5.363537954794,2.101));
#13318=CARTESIAN_POINT('',(-1.764513457668,5.384904979973,2.101));
#13319=CARTESIAN_POINT('Ctrl Pts',(-1.764513457668,5.384904979973,2.101));
#13320=CARTESIAN_POINT('Ctrl Pts',(-1.765995112699,5.375703122414,2.101));
#13321=CARTESIAN_POINT('Ctrl Pts',(-1.767632731415,5.368528792791,2.101));
#13322=CARTESIAN_POINT('Ctrl Pts',(-1.769504295667,5.363537954794,2.101));
#13323=CARTESIAN_POINT('',(-1.763577675542,5.384904979973,2.101));
#13324=CARTESIAN_POINT('',(-1.763577675542,5.384904979973,2.101));
#13325=CARTESIAN_POINT('',(-1.758820783076,5.363537954794,2.101));
#13326=CARTESIAN_POINT('Ctrl Pts',(-1.758820783076,5.363537954794,2.101));
#13327=CARTESIAN_POINT('Ctrl Pts',(-1.760302438105,5.367748974354,2.101));
#13328=CARTESIAN_POINT('Ctrl Pts',(-1.761862074982,5.37476734029,2.101));
#13329=CARTESIAN_POINT('Ctrl Pts',(-1.763577675542,5.384904979973,2.101));
#13330=CARTESIAN_POINT('',(-1.712733513434,5.236739476898,2.101));
#13331=CARTESIAN_POINT('Origin',(0.,0.,2.1));
#13332=CARTESIAN_POINT('',(-1.62593972137,5.118830929189,2.1));
#13333=CARTESIAN_POINT('',(-1.742132668517,5.423895901836,2.1));
#13334=CARTESIAN_POINT('',(-1.742132668517,5.423895901836,2.1));
#13335=CARTESIAN_POINT('',(-1.669453590166,5.118830929189,2.1));
#13336=CARTESIAN_POINT('',(-1.62593972137,5.118830929189,2.1));
#13337=CARTESIAN_POINT('',(-1.700568345814,5.202271501972,2.1));
#13338=CARTESIAN_POINT('',(-1.669453590166,5.118830929189,2.1));
#13339=CARTESIAN_POINT('',(-1.827600769241,5.202271501972,2.1));
#13340=CARTESIAN_POINT('',(-1.700568345814,5.202271501972,2.1));
#13341=CARTESIAN_POINT('',(-1.856921942481,5.118830929189,2.1));
#13342=CARTESIAN_POINT('',(-1.827600769241,5.202271501972,2.1));
#13343=CARTESIAN_POINT('',(-1.900435811279,5.118830929189,2.1));
#13344=CARTESIAN_POINT('',(-1.856921942481,5.118830929189,2.1));
#13345=CARTESIAN_POINT('',(-1.78424286413,5.423895901836,2.1));
#13346=CARTESIAN_POINT('',(-1.900435811279,5.118830929189,2.1));
#13347=CARTESIAN_POINT('',(-1.78424286413,5.423895901836,2.1));
#13348=CARTESIAN_POINT('',(-1.769504295667,5.363537954794,2.1));
#13349=CARTESIAN_POINT('',(-1.815123674243,5.236739476898,2.1));
#13350=CARTESIAN_POINT('',(-1.769504295667,5.363537954794,2.1));
#13351=CARTESIAN_POINT('',(-1.712733513434,5.236739476898,2.1));
#13352=CARTESIAN_POINT('',(-1.815123674243,5.236739476898,2.1));
#13353=CARTESIAN_POINT('',(-1.758820783076,5.363537954794,2.1));
#13354=CARTESIAN_POINT('',(-1.712733513434,5.236739476898,2.1));
#13355=CARTESIAN_POINT('',(-1.763577675542,5.384904979973,2.1));
#13356=CARTESIAN_POINT('Ctrl Pts',(-1.758820783076,5.363537954794,2.1));
#13357=CARTESIAN_POINT('Ctrl Pts',(-1.760302438105,5.367748974354,2.1));
#13358=CARTESIAN_POINT('Ctrl Pts',(-1.761862074982,5.37476734029,2.1));
#13359=CARTESIAN_POINT('Ctrl Pts',(-1.763577675542,5.384904979973,2.1));
#13360=CARTESIAN_POINT('',(-1.764513457668,5.384904979973,2.1));
#13361=CARTESIAN_POINT('',(-1.763577675542,5.384904979973,2.1));
#13362=CARTESIAN_POINT('Ctrl Pts',(-1.764513457668,5.384904979973,2.1));
#13363=CARTESIAN_POINT('Ctrl Pts',(-1.765995112699,5.375703122414,2.1));
#13364=CARTESIAN_POINT('Ctrl Pts',(-1.767632731415,5.368528792791,2.1));
#13365=CARTESIAN_POINT('Ctrl Pts',(-1.769504295667,5.363537954794,2.1));
#13366=CARTESIAN_POINT('Origin',(-1.742132668517,5.423895901836,2.101));
#13367=CARTESIAN_POINT('',(-1.742132668517,5.423895901836,2.101));
#13368=CARTESIAN_POINT('',(-1.62593972137,5.118830929189,2.101));
#13369=CARTESIAN_POINT('Origin',(-1.78424286413,5.423895901836,2.101));
#13370=CARTESIAN_POINT('',(-1.78424286413,5.423895901836,2.101));
#13371=CARTESIAN_POINT('Origin',(-1.900435811279,5.118830929189,2.101));
#13372=CARTESIAN_POINT('',(-1.900435811279,5.118830929189,2.101));
#13373=CARTESIAN_POINT('Origin',(-1.856921942481,5.118830929189,2.101));
#13374=CARTESIAN_POINT('',(-1.856921942481,5.118830929189,2.101));
#13375=CARTESIAN_POINT('Origin',(-1.827600769241,5.202271501972,2.101));
#13376=CARTESIAN_POINT('',(-1.827600769241,5.202271501972,2.101));
#13377=CARTESIAN_POINT('Origin',(-1.700568345814,5.202271501972,2.101));
#13378=CARTESIAN_POINT('',(-1.700568345814,5.202271501972,2.101));
#13379=CARTESIAN_POINT('Origin',(-1.669453590166,5.118830929189,2.101));
#13380=CARTESIAN_POINT('',(-1.669453590166,5.118830929189,2.101));
#13381=CARTESIAN_POINT('Origin',(-1.62593972137,5.118830929189,2.101));
#13382=CARTESIAN_POINT('Origin',(-1.815123674243,5.236739476898,2.101));
#13383=CARTESIAN_POINT('',(-1.815123674243,5.236739476898,2.101));
#13384=CARTESIAN_POINT('',(-1.712733513434,5.236739476898,2.101));
#13385=CARTESIAN_POINT('Origin',(-1.712733513434,5.236739476898,2.101));
#13386=CARTESIAN_POINT('',(-1.758820783076,5.363537954794,2.101));
#13387=CARTESIAN_POINT('Ctrl Pts',(-1.758820783076,5.363537954794,2.101));
#13388=CARTESIAN_POINT('Ctrl Pts',(-1.758820783076,5.363537954794,2.0998));
#13389=CARTESIAN_POINT('Ctrl Pts',(-1.760302438105,5.367748974354,2.101));
#13390=CARTESIAN_POINT('Ctrl Pts',(-1.760302438105,5.367748974354,2.0998));
#13391=CARTESIAN_POINT('Ctrl Pts',(-1.761862074982,5.37476734029,2.101));
#13392=CARTESIAN_POINT('Ctrl Pts',(-1.761862074982,5.37476734029,2.0998));
#13393=CARTESIAN_POINT('Ctrl Pts',(-1.763577675542,5.384904979973,2.101));
#13394=CARTESIAN_POINT('Ctrl Pts',(-1.763577675542,5.384904979973,2.0998));
#13395=CARTESIAN_POINT('',(-1.763577675542,5.384904979973,2.101));
#13396=CARTESIAN_POINT('Origin',(-1.763577675542,5.384904979973,2.101));
#13397=CARTESIAN_POINT('',(-1.764513457668,5.384904979973,2.101));
#13398=CARTESIAN_POINT('Ctrl Pts',(-1.764513457668,5.384904979973,2.101));
#13399=CARTESIAN_POINT('Ctrl Pts',(-1.764513457668,5.384904979973,2.0998));
#13400=CARTESIAN_POINT('Ctrl Pts',(-1.765995112699,5.375703122414,2.101));
#13401=CARTESIAN_POINT('Ctrl Pts',(-1.765995112699,5.375703122414,2.0998));
#13402=CARTESIAN_POINT('Ctrl Pts',(-1.767632731415,5.368528792791,2.101));
#13403=CARTESIAN_POINT('Ctrl Pts',(-1.767632731415,5.368528792791,2.0998));
#13404=CARTESIAN_POINT('Ctrl Pts',(-1.769504295667,5.363537954794,2.101));
#13405=CARTESIAN_POINT('Ctrl Pts',(-1.769504295667,5.363537954794,2.0998));
#13406=CARTESIAN_POINT('',(-1.769504295667,5.363537954794,2.101));
#13407=CARTESIAN_POINT('Origin',(-1.769504295667,5.363537954794,2.101));
#13408=CARTESIAN_POINT('Origin',(-3.54394595481,5.597659844205,2.101));
#13409=CARTESIAN_POINT('',(-3.482130015679,5.421430219847,2.101));
#13410=CARTESIAN_POINT('',(-3.696859060865,5.705566624399,2.101));
#13411=CARTESIAN_POINT('Ctrl Pts',(-3.482130015679,5.421430219847,2.101));
#13412=CARTESIAN_POINT('Ctrl Pts',(-3.484298963339,5.551568982458,2.101));
#13413=CARTESIAN_POINT('Ctrl Pts',(-3.573227223974,5.66652498734,2.101));
#13414=CARTESIAN_POINT('Ctrl Pts',(-3.696859060865,5.705566624399,2.101));
#13415=CARTESIAN_POINT('',(-3.813984054777,5.876916106179,2.101));
#13416=CARTESIAN_POINT('Origin',(-4.10469491527687,5.6311678040234,2.101));
#13417=CARTESIAN_POINT('',(-4.108965404479,5.98970311169,2.101));
#13418=CARTESIAN_POINT('Ctrl Pts',(-3.813984054777,5.876916106179,2.101));
#13419=CARTESIAN_POINT('Ctrl Pts',(-3.896405306952,5.948492477846,2.101));
#13420=CARTESIAN_POINT('Ctrl Pts',(-4.000516366686,5.98970311169,2.101));
#13421=CARTESIAN_POINT('Ctrl Pts',(-4.108965404479,5.98970311169,2.101));
#13422=CARTESIAN_POINT('',(-4.369243095182,5.905112860142,2.101));
#13423=CARTESIAN_POINT('Origin',(-4.04437064759322,5.24078971214871,2.101));
#13424=CARTESIAN_POINT('',(-4.464678240166,5.809677704817,2.101));
#13425=CARTESIAN_POINT('Ctrl Pts',(-4.369243095182,5.905112860142,2.101));
#13426=CARTESIAN_POINT('Ctrl Pts',(-4.40611578458,5.879085084867,2.101));
#13427=CARTESIAN_POINT('Ctrl Pts',(-4.436481506888,5.84655037353,2.101));
#13428=CARTESIAN_POINT('Ctrl Pts',(-4.464678240166,5.809677704817,2.101));
#13429=CARTESIAN_POINT('',(-4.514564781003,5.814015662191,2.101));
#13430=CARTESIAN_POINT('Ctrl Pts',(-4.464678240166,5.809677704817,2.101));
#13431=CARTESIAN_POINT('Ctrl Pts',(-4.482030069665,5.811846693847,2.101));
#13432=CARTESIAN_POINT('Ctrl Pts',(-4.497212951504,5.814015662191,2.101));
#13433=CARTESIAN_POINT('Ctrl Pts',(-4.514564781003,5.814015662191,2.101));
#13434=CARTESIAN_POINT('',(-4.763997567926,5.709904581773,2.101));
#13435=CARTESIAN_POINT('Origin',(-4.49995275364215,5.41028385098498,2.101));
#13436=CARTESIAN_POINT('',(-4.86593972137,5.462640804565,2.101));
#13437=CARTESIAN_POINT('Origin',(-4.52306949300152,5.46216648655978,2.101));
#13438=CARTESIAN_POINT('',(-4.77484253376,5.226221951819,2.101));
#13439=CARTESIAN_POINT('Origin',(-4.53345583010546,5.45149594940807,2.101));
#13440=CARTESIAN_POINT('',(-4.601324073293,5.122110892086,2.101));
#13441=CARTESIAN_POINT('Origin',(-3.84627920421483,6.56560961576196,2.101));
#13442=CARTESIAN_POINT('',(-4.3952708808,4.974620217235,2.101));
#13443=CARTESIAN_POINT('Ctrl Pts',(-4.601324073293,5.122110892086,2.101));
#13444=CARTESIAN_POINT('Ctrl Pts',(-4.573127319329,5.03535166185,2.101));
#13445=CARTESIAN_POINT('Ctrl Pts',(-4.490706067154,4.974620217235,2.101));
#13446=CARTESIAN_POINT('Ctrl Pts',(-4.3952708808,4.974620217235,2.101));
#13447=CARTESIAN_POINT('',(-4.178372805214,5.191518292821,2.101));
#13448=CARTESIAN_POINT('Ctrl Pts',(-4.3952708808,4.974620217235,2.101));
#13449=CARTESIAN_POINT('Ctrl Pts',(-4.275976939228,4.974620217235,2.101));
#13450=CARTESIAN_POINT('Ctrl Pts',(-4.178372805214,5.072224351248,2.101));
#13451=CARTESIAN_POINT('Ctrl Pts',(-4.178372805214,5.191518292821,2.101));
#13452=CARTESIAN_POINT('',(-4.178372805214,5.213208100381,2.101));
#13453=CARTESIAN_POINT('',(-4.178372805214,5.191518292821,2.101));
#13454=CARTESIAN_POINT('',(-3.874715499393,5.37371266804,2.101));
#13455=CARTESIAN_POINT('',(-4.178372805214,5.213208100381,2.101));
#13456=CARTESIAN_POINT('',(-3.94195386973,5.488668672922,2.101));
#13457=CARTESIAN_POINT('',(-3.874715499393,5.37371266804,2.101));
#13458=CARTESIAN_POINT('',(-4.23259728274,5.336840020012,2.101));
#13459=CARTESIAN_POINT('',(-3.94195386973,5.488668672922,2.101));
#13460=CARTESIAN_POINT('',(-4.39527083943,5.410585357438,2.101));
#13461=CARTESIAN_POINT('Ctrl Pts',(-4.23259728274,5.336840020012,2.101));
#13462=CARTESIAN_POINT('Ctrl Pts',(-4.271638919799,5.38238862416,2.101));
#13463=CARTESIAN_POINT('Ctrl Pts',(-4.330201416754,5.410585357438,2.101));
#13464=CARTESIAN_POINT('Ctrl Pts',(-4.39527083943,5.410585357438,2.101));
#13465=CARTESIAN_POINT('',(-4.599155022207,5.267432619278,2.101));
#13466=CARTESIAN_POINT('Ctrl Pts',(-4.39527083943,5.410585357438,2.101));
#13467=CARTESIAN_POINT('Ctrl Pts',(-4.488537036754,5.410585357438,2.101));
#13468=CARTESIAN_POINT('Ctrl Pts',(-4.568789299899,5.349853912823,2.101));
#13469=CARTESIAN_POINT('Ctrl Pts',(-4.599155022207,5.267432619278,2.101));
#13470=CARTESIAN_POINT('',(-4.729293867559,5.466978865364,2.101));
#13471=CARTESIAN_POINT('Ctrl Pts',(-4.599155022207,5.267432619278,2.101));
#13472=CARTESIAN_POINT('Ctrl Pts',(-4.675069348662,5.302136319644,2.101));
#13473=CARTESIAN_POINT('Ctrl Pts',(-4.729293867559,5.378050646099,2.101));
#13474=CARTESIAN_POINT('Ctrl Pts',(-4.729293867559,5.466978865364,2.101));
#13475=CARTESIAN_POINT('',(-4.512395791973,5.683876940949,2.101));
#13476=CARTESIAN_POINT('Ctrl Pts',(-4.729293867559,5.466978865364,2.101));
#13477=CARTESIAN_POINT('Ctrl Pts',(-4.729293867559,5.586272806937,2.101));
#13478=CARTESIAN_POINT('Ctrl Pts',(-4.631689733545,5.683876940949,2.101));
#13479=CARTESIAN_POINT('Ctrl Pts',(-4.512395791973,5.683876940949,2.101));
#13480=CARTESIAN_POINT('',(-4.39743982846,5.65134222961,2.101));
#13481=CARTESIAN_POINT('Ctrl Pts',(-4.512395791973,5.683876940949,2.101));
#13482=CARTESIAN_POINT('Ctrl Pts',(-4.471185165885,5.683876940949,2.101));
#13483=CARTESIAN_POINT('Ctrl Pts',(-4.429974539797,5.670863048141,2.101));
#13484=CARTESIAN_POINT('Ctrl Pts',(-4.39743982846,5.65134222961,2.101));
#13485=CARTESIAN_POINT('',(-4.106796456819,5.859564266338,2.101));
#13486=CARTESIAN_POINT('Ctrl Pts',(-4.39743982846,5.65134222961,2.101));
#13487=CARTESIAN_POINT('Ctrl Pts',(-4.356229243743,5.772805036104,2.101));
#13488=CARTESIAN_POINT('Ctrl Pts',(-4.24344222789,5.859564266338,2.101));
#13489=CARTESIAN_POINT('Ctrl Pts',(-4.106796456819,5.859564266338,2.101));
#13490=CARTESIAN_POINT('',(-3.803139150998,5.588441671856,2.101));
#13491=CARTESIAN_POINT('Ctrl Pts',(-4.106796456819,5.859564266338,2.101));
#13492=CARTESIAN_POINT('Ctrl Pts',(-3.950629825848,5.859564266338,2.101));
#13493=CARTESIAN_POINT('Ctrl Pts',(-3.820490980498,5.740270324766,2.101));
#13494=CARTESIAN_POINT('Ctrl Pts',(-3.803139150998,5.588441671856,2.101));
#13495=CARTESIAN_POINT('',(-3.785787321499,5.588441671856,2.101));
#13496=CARTESIAN_POINT('',(-3.803139150998,5.588441671856,2.101));
#13497=CARTESIAN_POINT('',(-3.61660683909,5.419261189447,2.101));
#13498=CARTESIAN_POINT('Ctrl Pts',(-3.785787321499,5.588441671856,2.101));
#13499=CARTESIAN_POINT('Ctrl Pts',(-3.692521165545,5.588441671856,2.101));
#13500=CARTESIAN_POINT('Ctrl Pts',(-3.61660683909,5.512527345401,2.101));
#13501=CARTESIAN_POINT('Ctrl Pts',(-3.61660683909,5.419261189447,2.101));
#13502=CARTESIAN_POINT('',(-3.77277347006,5.250080707038,2.101));
#13503=CARTESIAN_POINT('Ctrl Pts',(-3.61660683909,5.419261189447,2.101));
#13504=CARTESIAN_POINT('Ctrl Pts',(-3.61660683909,5.330332970182,2.101));
#13505=CARTESIAN_POINT('Ctrl Pts',(-3.683845209427,5.256587632759,2.101));
#13506=CARTESIAN_POINT('Ctrl Pts',(-3.77277347006,5.250080707038,2.101));
#13507=CARTESIAN_POINT('',(-3.870377604074,5.250080707038,2.101));
#13508=CARTESIAN_POINT('',(-3.77277347006,5.250080707038,2.101));
#13509=CARTESIAN_POINT('',(-3.883391455513,5.252249654698,2.101));
#13510=CARTESIAN_POINT('Ctrl Pts',(-3.870377604074,5.250080707038,2.101));
#13511=CARTESIAN_POINT('Ctrl Pts',(-3.874715582133,5.250080707038,2.101));
#13512=CARTESIAN_POINT('Ctrl Pts',(-3.879053560193,5.252249654698,2.101));
#13513=CARTESIAN_POINT('Ctrl Pts',(-3.883391455513,5.252249654698,2.101));
#13514=CARTESIAN_POINT('',(-3.950629825848,5.185011284363,2.101));
#13515=CARTESIAN_POINT('Ctrl Pts',(-3.883391455513,5.252249654698,2.101));
#13516=CARTESIAN_POINT('Ctrl Pts',(-3.920264144911,5.252249654698,2.101));
#13517=CARTESIAN_POINT('Ctrl Pts',(-3.950629825848,5.22188389102,2.101));
#13518=CARTESIAN_POINT('Ctrl Pts',(-3.950629825848,5.185011284363,2.101));
#13519=CARTESIAN_POINT('',(-3.887729350833,5.117772914025,2.101));
#13520=CARTESIAN_POINT('Ctrl Pts',(-3.950629825848,5.185011284363,2.101));
#13521=CARTESIAN_POINT('Ctrl Pts',(-3.950629825848,5.150307625364,2.101));
#13522=CARTESIAN_POINT('Ctrl Pts',(-3.922433092571,5.119941861685,2.101));
#13523=CARTESIAN_POINT('Ctrl Pts',(-3.887729350833,5.117772914025,2.101));
#13524=CARTESIAN_POINT('',(-3.75975953588,5.117772914025,2.101));
#13525=CARTESIAN_POINT('',(-3.887729350833,5.117772914025,2.101));
#13526=CARTESIAN_POINT('',(-3.562382320195,5.21537704804,2.101));
#13527=CARTESIAN_POINT('Origin',(-3.80728927585696,5.4856991930646,2.101));
#13528=CARTESIAN_POINT('Origin',(-3.78324848388661,5.42331908971897,2.101));
#13529=CARTESIAN_POINT('',(-4.39743986983,5.104758897107,2.101));
#13530=CARTESIAN_POINT('',(-4.39743986983,5.273939462256,2.101));
#13531=CARTESIAN_POINT('Ctrl Pts',(-4.39743986983,5.104758897107,2.101));
#13532=CARTESIAN_POINT('Ctrl Pts',(-4.349722318024,5.104758897107,2.101));
#13533=CARTESIAN_POINT('Ctrl Pts',(-4.312849628626,5.143800616904,2.101));
#13534=CARTESIAN_POINT('Ctrl Pts',(-4.312849628626,5.189349179681,2.101));
#13535=CARTESIAN_POINT('Ctrl Pts',(-4.312849628626,5.237066772858,2.101));
#13536=CARTESIAN_POINT('Ctrl Pts',(-4.351891265683,5.273939462256,2.101));
#13537=CARTESIAN_POINT('Ctrl Pts',(-4.39743986983,5.273939462256,2.101));
#13538=CARTESIAN_POINT('Ctrl Pts',(-4.39743986983,5.273939462256,2.101));
#13539=CARTESIAN_POINT('Ctrl Pts',(-4.442988473977,5.273939462256,2.101));
#13540=CARTESIAN_POINT('Ctrl Pts',(-4.482030111035,5.237066772858,2.101));
#13541=CARTESIAN_POINT('Ctrl Pts',(-4.482030111035,5.141631586505,2.101));
#13542=CARTESIAN_POINT('Ctrl Pts',(-4.442988473977,5.104758897107,2.101));
#13543=CARTESIAN_POINT('Ctrl Pts',(-4.39743986983,5.104758897107,2.101));
#13544=CARTESIAN_POINT('Origin',(-3.54394595481,5.597659844205,2.1));
#13545=CARTESIAN_POINT('',(-3.482130015679,5.421430219847,2.1));
#13546=CARTESIAN_POINT('',(-3.696859060865,5.705566624399,2.1));
#13547=CARTESIAN_POINT('Ctrl Pts',(-3.482130015679,5.421430219847,2.1));
#13548=CARTESIAN_POINT('Ctrl Pts',(-3.484298963339,5.551568982458,2.1));
#13549=CARTESIAN_POINT('Ctrl Pts',(-3.573227223974,5.66652498734,2.1));
#13550=CARTESIAN_POINT('Ctrl Pts',(-3.696859060865,5.705566624399,2.1));
#13551=CARTESIAN_POINT('',(-3.562382320195,5.21537704804,2.1));
#13552=CARTESIAN_POINT('Origin',(-3.78324848388661,5.42331908971897,2.1));
#13553=CARTESIAN_POINT('',(-3.75975953588,5.117772914025,2.1));
#13554=CARTESIAN_POINT('Origin',(-3.80728927585696,5.4856991930646,2.1));
#13555=CARTESIAN_POINT('',(-3.887729350833,5.117772914025,2.1));
#13556=CARTESIAN_POINT('',(-3.766266461601,5.117772914025,2.1));
#13557=CARTESIAN_POINT('',(-3.950629825848,5.185011284363,2.1));
#13558=CARTESIAN_POINT('Ctrl Pts',(-3.950629825848,5.185011284363,2.1));
#13559=CARTESIAN_POINT('Ctrl Pts',(-3.950629825848,5.150307625364,2.1));
#13560=CARTESIAN_POINT('Ctrl Pts',(-3.922433092571,5.119941861685,2.1));
#13561=CARTESIAN_POINT('Ctrl Pts',(-3.887729350833,5.117772914025,2.1));
#13562=CARTESIAN_POINT('',(-3.883391455513,5.252249654698,2.1));
#13563=CARTESIAN_POINT('Ctrl Pts',(-3.883391455513,5.252249654698,2.1));
#13564=CARTESIAN_POINT('Ctrl Pts',(-3.920264144911,5.252249654698,2.1));
#13565=CARTESIAN_POINT('Ctrl Pts',(-3.950629825848,5.22188389102,2.1));
#13566=CARTESIAN_POINT('Ctrl Pts',(-3.950629825848,5.185011284363,2.1));
#13567=CARTESIAN_POINT('',(-3.870377604074,5.250080707038,2.1));
#13568=CARTESIAN_POINT('Ctrl Pts',(-3.870377604074,5.250080707038,2.1));
#13569=CARTESIAN_POINT('Ctrl Pts',(-3.874715582133,5.250080707038,2.1));
#13570=CARTESIAN_POINT('Ctrl Pts',(-3.879053560193,5.252249654698,2.1));
#13571=CARTESIAN_POINT('Ctrl Pts',(-3.883391455513,5.252249654698,2.1));
#13572=CARTESIAN_POINT('',(-3.77277347006,5.250080707038,2.1));
#13573=CARTESIAN_POINT('',(-3.77277347006,5.250080707038,2.1));
#13574=CARTESIAN_POINT('',(-3.61660683909,5.419261189447,2.1));
#13575=CARTESIAN_POINT('Ctrl Pts',(-3.61660683909,5.419261189447,2.1));
#13576=CARTESIAN_POINT('Ctrl Pts',(-3.61660683909,5.330332970182,2.1));
#13577=CARTESIAN_POINT('Ctrl Pts',(-3.683845209427,5.256587632759,2.1));
#13578=CARTESIAN_POINT('Ctrl Pts',(-3.77277347006,5.250080707038,2.1));
#13579=CARTESIAN_POINT('',(-3.785787321499,5.588441671856,2.1));
#13580=CARTESIAN_POINT('Ctrl Pts',(-3.785787321499,5.588441671856,2.1));
#13581=CARTESIAN_POINT('Ctrl Pts',(-3.692521165545,5.588441671856,2.1));
#13582=CARTESIAN_POINT('Ctrl Pts',(-3.61660683909,5.512527345401,2.1));
#13583=CARTESIAN_POINT('Ctrl Pts',(-3.61660683909,5.419261189447,2.1));
#13584=CARTESIAN_POINT('',(-3.803139150998,5.588441671856,2.1));
#13585=CARTESIAN_POINT('',(-3.803139150998,5.588441671856,2.1));
#13586=CARTESIAN_POINT('',(-4.106796456819,5.859564266338,2.1));
#13587=CARTESIAN_POINT('Ctrl Pts',(-4.106796456819,5.859564266338,2.1));
#13588=CARTESIAN_POINT('Ctrl Pts',(-3.950629825848,5.859564266338,2.1));
#13589=CARTESIAN_POINT('Ctrl Pts',(-3.820490980498,5.740270324766,2.1));
#13590=CARTESIAN_POINT('Ctrl Pts',(-3.803139150998,5.588441671856,2.1));
#13591=CARTESIAN_POINT('',(-4.39743982846,5.65134222961,2.1));
#13592=CARTESIAN_POINT('Ctrl Pts',(-4.39743982846,5.65134222961,2.1));
#13593=CARTESIAN_POINT('Ctrl Pts',(-4.356229243743,5.772805036104,2.1));
#13594=CARTESIAN_POINT('Ctrl Pts',(-4.24344222789,5.859564266338,2.1));
#13595=CARTESIAN_POINT('Ctrl Pts',(-4.106796456819,5.859564266338,2.1));
#13596=CARTESIAN_POINT('',(-4.512395791973,5.683876940949,2.1));
#13597=CARTESIAN_POINT('Ctrl Pts',(-4.512395791973,5.683876940949,2.1));
#13598=CARTESIAN_POINT('Ctrl Pts',(-4.471185165885,5.683876940949,2.1));
#13599=CARTESIAN_POINT('Ctrl Pts',(-4.429974539797,5.670863048141,2.1));
#13600=CARTESIAN_POINT('Ctrl Pts',(-4.39743982846,5.65134222961,2.1));
#13601=CARTESIAN_POINT('',(-4.729293867559,5.466978865364,2.1));
#13602=CARTESIAN_POINT('Ctrl Pts',(-4.729293867559,5.466978865364,2.1));
#13603=CARTESIAN_POINT('Ctrl Pts',(-4.729293867559,5.586272806937,2.1));
#13604=CARTESIAN_POINT('Ctrl Pts',(-4.631689733545,5.683876940949,2.1));
#13605=CARTESIAN_POINT('Ctrl Pts',(-4.512395791973,5.683876940949,2.1));
#13606=CARTESIAN_POINT('',(-4.599155022207,5.267432619278,2.1));
#13607=CARTESIAN_POINT('Ctrl Pts',(-4.599155022207,5.267432619278,2.1));
#13608=CARTESIAN_POINT('Ctrl Pts',(-4.675069348662,5.302136319644,2.1));
#13609=CARTESIAN_POINT('Ctrl Pts',(-4.729293867559,5.378050646099,2.1));
#13610=CARTESIAN_POINT('Ctrl Pts',(-4.729293867559,5.466978865364,2.1));
#13611=CARTESIAN_POINT('',(-4.39527083943,5.410585357438,2.1));
#13612=CARTESIAN_POINT('Ctrl Pts',(-4.39527083943,5.410585357438,2.1));
#13613=CARTESIAN_POINT('Ctrl Pts',(-4.488537036754,5.410585357438,2.1));
#13614=CARTESIAN_POINT('Ctrl Pts',(-4.568789299899,5.349853912823,2.1));
#13615=CARTESIAN_POINT('Ctrl Pts',(-4.599155022207,5.267432619278,2.1));
#13616=CARTESIAN_POINT('',(-4.23259728274,5.336840020012,2.1));
#13617=CARTESIAN_POINT('Ctrl Pts',(-4.23259728274,5.336840020012,2.1));
#13618=CARTESIAN_POINT('Ctrl Pts',(-4.24250560841008,5.34839974029304,2.1));
#13619=CARTESIAN_POINT('Ctrl Pts',(-4.25366092131515,5.35882989641395,2.1));
#13620=CARTESIAN_POINT('Ctrl Pts',(-4.27812190541877,5.37716316910791,2.1));
#13621=CARTESIAN_POINT('Ctrl Pts',(-4.29137111630683,5.38499231349095,2.1));
#13622=CARTESIAN_POINT('Ctrl Pts',(-4.31919786349298,5.3976105485599,2.1));
#13623=CARTESIAN_POINT('Ctrl Pts',(-4.33367168190285,5.40238591128227,2.1));
#13624=CARTESIAN_POINT('Ctrl Pts',(-4.36389815185728,5.40893909981932,2.1));
#13625=CARTESIAN_POINT('Ctrl Pts',(-4.37954816381425,5.410585357438,2.1));
#13626=CARTESIAN_POINT('Ctrl Pts',(-4.39527083943,5.410585357438,2.1));
#13627=CARTESIAN_POINT('',(-3.94195386973,5.488668672922,2.1));
#13628=CARTESIAN_POINT('',(-3.94195386973,5.488668672922,2.1));
#13629=CARTESIAN_POINT('',(-3.874715499393,5.37371266804,2.1));
#13630=CARTESIAN_POINT('',(-3.874715499393,5.37371266804,2.1));
#13631=CARTESIAN_POINT('',(-4.178372805214,5.213208100381,2.1));
#13632=CARTESIAN_POINT('',(-4.178372805214,5.213208100381,2.1));
#13633=CARTESIAN_POINT('',(-4.178372805214,5.191518292821,2.1));
#13634=CARTESIAN_POINT('',(-4.178372805214,5.191518292821,2.1));
#13635=CARTESIAN_POINT('',(-4.3952708808,4.974620217235,2.1));
#13636=CARTESIAN_POINT('Ctrl Pts',(-4.3952708808,4.974620217235,2.1));
#13637=CARTESIAN_POINT('Ctrl Pts',(-4.275976939228,4.974620217235,2.1));
#13638=CARTESIAN_POINT('Ctrl Pts',(-4.178372805214,5.072224351248,2.1));
#13639=CARTESIAN_POINT('Ctrl Pts',(-4.178372805214,5.191518292821,2.1));
#13640=CARTESIAN_POINT('',(-4.601324073293,5.122110892086,2.1));
#13641=CARTESIAN_POINT('Ctrl Pts',(-4.601324073293,5.122110892086,2.1));
#13642=CARTESIAN_POINT('Ctrl Pts',(-4.573127319329,5.03535166185,2.1));
#13643=CARTESIAN_POINT('Ctrl Pts',(-4.490706067154,4.974620217235,2.1));
#13644=CARTESIAN_POINT('Ctrl Pts',(-4.3952708808,4.974620217235,2.1));
#13645=CARTESIAN_POINT('',(-4.77484253376,5.226221951819,2.1));
#13646=CARTESIAN_POINT('Origin',(-3.84627920421483,6.56560961576196,2.1));
#13647=CARTESIAN_POINT('',(-4.86593972137,5.462640804565,2.1));
#13648=CARTESIAN_POINT('Origin',(-4.53345583010546,5.45149594940807,2.1));
#13649=CARTESIAN_POINT('',(-4.763997567926,5.709904581773,2.1));
#13650=CARTESIAN_POINT('Origin',(-4.52306949300152,5.46216648655978,2.1));
#13651=CARTESIAN_POINT('',(-4.514564781003,5.814015662191,2.1));
#13652=CARTESIAN_POINT('Origin',(-4.49995275364215,5.41028385098498,2.1));
#13653=CARTESIAN_POINT('',(-4.464678240166,5.809677704817,2.1));
#13654=CARTESIAN_POINT('Ctrl Pts',(-4.464678240166,5.809677704817,2.1));
#13655=CARTESIAN_POINT('Ctrl Pts',(-4.482030069665,5.811846693847,2.1));
#13656=CARTESIAN_POINT('Ctrl Pts',(-4.497212951504,5.814015662191,2.1));
#13657=CARTESIAN_POINT('Ctrl Pts',(-4.514564781003,5.814015662191,2.1));
#13658=CARTESIAN_POINT('',(-4.369243095182,5.905112860142,2.1));
#13659=CARTESIAN_POINT('Ctrl Pts',(-4.369243095182,5.905112860142,2.1));
#13660=CARTESIAN_POINT('Ctrl Pts',(-4.40611578458,5.879085084867,2.1));
#13661=CARTESIAN_POINT('Ctrl Pts',(-4.436481506888,5.84655037353,2.1));
#13662=CARTESIAN_POINT('Ctrl Pts',(-4.464678240166,5.809677704817,2.1));
#13663=CARTESIAN_POINT('',(-4.108965404479,5.98970311169,2.1));
#13664=CARTESIAN_POINT('Origin',(-4.04437064759322,5.24078971214871,2.1));
#13665=CARTESIAN_POINT('',(-3.813984054777,5.876916106179,2.1));
#13666=CARTESIAN_POINT('Ctrl Pts',(-3.813984054777,5.876916106179,2.1));
#13667=CARTESIAN_POINT('Ctrl Pts',(-3.896405306952,5.948492477846,2.1));
#13668=CARTESIAN_POINT('Ctrl Pts',(-4.000516366686,5.98970311169,2.1));
#13669=CARTESIAN_POINT('Ctrl Pts',(-4.108965404479,5.98970311169,2.1));
#13670=CARTESIAN_POINT('Origin',(-4.10469491527687,5.6311678040234,2.1));
#13671=CARTESIAN_POINT('',(-4.39743986983,5.273939462256,2.1));
#13672=CARTESIAN_POINT('',(-4.39743986983,5.104758897107,2.1));
#13673=CARTESIAN_POINT('Ctrl Pts',(-4.39743986983,5.273939462256,2.1));
#13674=CARTESIAN_POINT('Ctrl Pts',(-4.442988473977,5.273939462256,2.1));
#13675=CARTESIAN_POINT('Ctrl Pts',(-4.482030111035,5.237066772858,2.1));
#13676=CARTESIAN_POINT('Ctrl Pts',(-4.482030111035,5.141631586505,2.1));
#13677=CARTESIAN_POINT('Ctrl Pts',(-4.442988473977,5.104758897107,2.1));
#13678=CARTESIAN_POINT('Ctrl Pts',(-4.39743986983,5.104758897107,2.1));
#13679=CARTESIAN_POINT('Ctrl Pts',(-4.39743986983,5.104758897107,2.1));
#13680=CARTESIAN_POINT('Ctrl Pts',(-4.349722318024,5.104758897107,2.1));
#13681=CARTESIAN_POINT('Ctrl Pts',(-4.312849628626,5.143800616904,2.1));
#13682=CARTESIAN_POINT('Ctrl Pts',(-4.312849628626,5.189349179681,2.1));
#13683=CARTESIAN_POINT('Ctrl Pts',(-4.312849628626,5.237066772858,2.1));
#13684=CARTESIAN_POINT('Ctrl Pts',(-4.351891265683,5.273939462256,2.1));
#13685=CARTESIAN_POINT('Ctrl Pts',(-4.39743986983,5.273939462256,2.1));
#13686=CARTESIAN_POINT('Ctrl Pts',(-3.482130015679,5.421430219847,2.101));
#13687=CARTESIAN_POINT('Ctrl Pts',(-3.482130015679,5.421430219847,2.0998));
#13688=CARTESIAN_POINT('Ctrl Pts',(-3.484298963339,5.551568982458,2.101));
#13689=CARTESIAN_POINT('Ctrl Pts',(-3.484298963339,5.551568982458,2.0998));
#13690=CARTESIAN_POINT('Ctrl Pts',(-3.573227223974,5.66652498734,2.101));
#13691=CARTESIAN_POINT('Ctrl Pts',(-3.573227223974,5.66652498734,2.0998));
#13692=CARTESIAN_POINT('Ctrl Pts',(-3.696859060865,5.705566624399,2.101));
#13693=CARTESIAN_POINT('Ctrl Pts',(-3.696859060865,5.705566624399,2.0998));
#13694=CARTESIAN_POINT('',(-3.482130015679,5.421430219847,2.101));
#13695=CARTESIAN_POINT('',(-3.696859060865,5.705566624399,2.101));
#13696=CARTESIAN_POINT('Ctrl Pts',(-3.696859060865,5.705566624399,2.101));
#13697=CARTESIAN_POINT('Ctrl Pts',(-3.696859060865,5.705566624399,2.0998));
#13698=CARTESIAN_POINT('Ctrl Pts',(-3.720717816083,5.770636047073,2.101));
#13699=CARTESIAN_POINT('Ctrl Pts',(-3.720717816083,5.770636047073,2.0998));
#13700=CARTESIAN_POINT('Ctrl Pts',(-3.761928483541,5.829198523346,2.101));
#13701=CARTESIAN_POINT('Ctrl Pts',(-3.761928483541,5.829198523346,2.0998));
#13702=CARTESIAN_POINT('Ctrl Pts',(-3.813984054777,5.876916106179,2.101));
#13703=CARTESIAN_POINT('Ctrl Pts',(-3.813984054777,5.876916106179,2.0998));
#13704=CARTESIAN_POINT('',(-3.813984054777,5.876916106179,2.101));
#13705=CARTESIAN_POINT('Ctrl Pts',(-3.813984054777,5.876916106179,2.101));
#13706=CARTESIAN_POINT('Ctrl Pts',(-3.813984054777,5.876916106179,2.0998));
#13707=CARTESIAN_POINT('Ctrl Pts',(-3.896405306952,5.948492477846,2.101));
#13708=CARTESIAN_POINT('Ctrl Pts',(-3.896405306952,5.948492477846,2.0998));
#13709=CARTESIAN_POINT('Ctrl Pts',(-4.000516366686,5.98970311169,2.101));
#13710=CARTESIAN_POINT('Ctrl Pts',(-4.000516366686,5.98970311169,2.0998));
#13711=CARTESIAN_POINT('Ctrl Pts',(-4.108965404479,5.98970311169,2.101));
#13712=CARTESIAN_POINT('Ctrl Pts',(-4.108965404479,5.98970311169,2.0998));
#13713=CARTESIAN_POINT('',(-4.108965404479,5.98970311169,2.101));
#13714=CARTESIAN_POINT('Ctrl Pts',(-4.108965404479,5.98970311169,2.101));
#13715=CARTESIAN_POINT('Ctrl Pts',(-4.108965404479,5.98970311169,2.0998));
#13716=CARTESIAN_POINT('Ctrl Pts',(-4.204400549462,5.98970311169,2.101));
#13717=CARTESIAN_POINT('Ctrl Pts',(-4.204400549462,5.98970311169,2.0998));
#13718=CARTESIAN_POINT('Ctrl Pts',(-4.293328768726,5.959337381625,2.101));
#13719=CARTESIAN_POINT('Ctrl Pts',(-4.293328768726,5.959337381625,2.0998));
#13720=CARTESIAN_POINT('Ctrl Pts',(-4.369243095182,5.905112860142,2.101));
#13721=CARTESIAN_POINT('Ctrl Pts',(-4.369243095182,5.905112860142,2.0998));
#13722=CARTESIAN_POINT('',(-4.369243095182,5.905112860142,2.101));
#13723=CARTESIAN_POINT('Ctrl Pts',(-4.369243095182,5.905112860142,2.101));
#13724=CARTESIAN_POINT('Ctrl Pts',(-4.369243095182,5.905112860142,2.0998));
#13725=CARTESIAN_POINT('Ctrl Pts',(-4.40611578458,5.879085084867,2.101));
#13726=CARTESIAN_POINT('Ctrl Pts',(-4.40611578458,5.879085084867,2.0998));
#13727=CARTESIAN_POINT('Ctrl Pts',(-4.436481506888,5.84655037353,2.101));
#13728=CARTESIAN_POINT('Ctrl Pts',(-4.436481506888,5.84655037353,2.0998));
#13729=CARTESIAN_POINT('Ctrl Pts',(-4.464678240166,5.809677704817,2.101));
#13730=CARTESIAN_POINT('Ctrl Pts',(-4.464678240166,5.809677704817,2.0998));
#13731=CARTESIAN_POINT('',(-4.464678240166,5.809677704817,2.101));
#13732=CARTESIAN_POINT('Ctrl Pts',(-4.464678240166,5.809677704817,2.101));
#13733=CARTESIAN_POINT('Ctrl Pts',(-4.464678240166,5.809677704817,2.0998));
#13734=CARTESIAN_POINT('Ctrl Pts',(-4.482030069665,5.811846693847,2.101));
#13735=CARTESIAN_POINT('Ctrl Pts',(-4.482030069665,5.811846693847,2.0998));
#13736=CARTESIAN_POINT('Ctrl Pts',(-4.497212951504,5.814015662191,2.101));
#13737=CARTESIAN_POINT('Ctrl Pts',(-4.497212951504,5.814015662191,2.0998));
#13738=CARTESIAN_POINT('Ctrl Pts',(-4.514564781003,5.814015662191,2.101));
#13739=CARTESIAN_POINT('Ctrl Pts',(-4.514564781003,5.814015662191,2.0998));
#13740=CARTESIAN_POINT('',(-4.514564781003,5.814015662191,2.101));
#13741=CARTESIAN_POINT('Ctrl Pts',(-4.514564781003,5.814015662191,2.101));
#13742=CARTESIAN_POINT('Ctrl Pts',(-4.514564781003,5.814015662191,2.0998));
#13743=CARTESIAN_POINT('Ctrl Pts',(-4.607830957642,5.814015662191,2.101));
#13744=CARTESIAN_POINT('Ctrl Pts',(-4.607830957642,5.814015662191,2.0998));
#13745=CARTESIAN_POINT('Ctrl Pts',(-4.696759156221,5.77714299348,2.101));
#13746=CARTESIAN_POINT('Ctrl Pts',(-4.696759156221,5.77714299348,2.0998));
#13747=CARTESIAN_POINT('Ctrl Pts',(-4.763997567926,5.709904581773,2.101));
#13748=CARTESIAN_POINT('Ctrl Pts',(-4.763997567926,5.709904581773,2.0998));
#13749=CARTESIAN_POINT('',(-4.763997567926,5.709904581773,2.101));
#13750=CARTESIAN_POINT('Ctrl Pts',(-4.763997567926,5.709904581773,2.101));
#13751=CARTESIAN_POINT('Ctrl Pts',(-4.763997567926,5.709904581773,2.0998));
#13752=CARTESIAN_POINT('Ctrl Pts',(-4.829067047486,5.644835179782,2.101));
#13753=CARTESIAN_POINT('Ctrl Pts',(-4.829067047486,5.644835179782,2.0998));
#13754=CARTESIAN_POINT('Ctrl Pts',(-4.86593972137,5.555906960517,2.101));
#13755=CARTESIAN_POINT('Ctrl Pts',(-4.86593972137,5.555906960517,2.0998));
#13756=CARTESIAN_POINT('Ctrl Pts',(-4.86593972137,5.462640804565,2.101));
#13757=CARTESIAN_POINT('Ctrl Pts',(-4.86593972137,5.462640804565,2.0998));
#13758=CARTESIAN_POINT('',(-4.86593972137,5.462640804565,2.101));
#13759=CARTESIAN_POINT('Ctrl Pts',(-4.86593972137,5.462640804565,2.101));
#13760=CARTESIAN_POINT('Ctrl Pts',(-4.86593972137,5.462640804565,2.0998));
#13761=CARTESIAN_POINT('Ctrl Pts',(-4.86593972137,5.375881574329,2.101));
#13762=CARTESIAN_POINT('Ctrl Pts',(-4.86593972137,5.375881574329,2.0998));
#13763=CARTESIAN_POINT('Ctrl Pts',(-4.833405010033,5.291291291755,2.101));
#13764=CARTESIAN_POINT('Ctrl Pts',(-4.833405010033,5.291291291755,2.0998));
#13765=CARTESIAN_POINT('Ctrl Pts',(-4.77484253376,5.226221951819,2.101));
#13766=CARTESIAN_POINT('Ctrl Pts',(-4.77484253376,5.226221951819,2.0998));
#13767=CARTESIAN_POINT('',(-4.77484253376,5.226221951819,2.101));
#13768=CARTESIAN_POINT('Ctrl Pts',(-4.77484253376,5.226221951819,2.101));
#13769=CARTESIAN_POINT('Ctrl Pts',(-4.77484253376,5.226221951819,2.0998));
#13770=CARTESIAN_POINT('Ctrl Pts',(-4.727124961269,5.174166380582,2.101));
#13771=CARTESIAN_POINT('Ctrl Pts',(-4.727124961269,5.174166380582,2.0998));
#13772=CARTESIAN_POINT('Ctrl Pts',(-4.668562464313,5.139462721585,2.101));
#13773=CARTESIAN_POINT('Ctrl Pts',(-4.668562464313,5.139462721585,2.0998));
#13774=CARTESIAN_POINT('Ctrl Pts',(-4.601324073293,5.122110892086,2.101));
#13775=CARTESIAN_POINT('Ctrl Pts',(-4.601324073293,5.122110892086,2.0998));
#13776=CARTESIAN_POINT('',(-4.601324073293,5.122110892086,2.101));
#13777=CARTESIAN_POINT('Ctrl Pts',(-4.601324073293,5.122110892086,2.101));
#13778=CARTESIAN_POINT('Ctrl Pts',(-4.601324073293,5.122110892086,2.0998));
#13779=CARTESIAN_POINT('Ctrl Pts',(-4.573127319329,5.03535166185,2.101));
#13780=CARTESIAN_POINT('Ctrl Pts',(-4.573127319329,5.03535166185,2.0998));
#13781=CARTESIAN_POINT('Ctrl Pts',(-4.490706067154,4.974620217235,2.101));
#13782=CARTESIAN_POINT('Ctrl Pts',(-4.490706067154,4.974620217235,2.0998));
#13783=CARTESIAN_POINT('Ctrl Pts',(-4.3952708808,4.974620217235,2.101));
#13784=CARTESIAN_POINT('Ctrl Pts',(-4.3952708808,4.974620217235,2.0998));
#13785=CARTESIAN_POINT('',(-4.3952708808,4.974620217235,2.101));
#13786=CARTESIAN_POINT('Ctrl Pts',(-4.3952708808,4.974620217235,2.101));
#13787=CARTESIAN_POINT('Ctrl Pts',(-4.3952708808,4.974620217235,2.0998));
#13788=CARTESIAN_POINT('Ctrl Pts',(-4.275976939228,4.974620217235,2.101));
#13789=CARTESIAN_POINT('Ctrl Pts',(-4.275976939228,4.974620217235,2.0998));
#13790=CARTESIAN_POINT('Ctrl Pts',(-4.178372805214,5.072224351248,2.101));
#13791=CARTESIAN_POINT('Ctrl Pts',(-4.178372805214,5.072224351248,2.0998));
#13792=CARTESIAN_POINT('Ctrl Pts',(-4.178372805214,5.191518292821,2.101));
#13793=CARTESIAN_POINT('Ctrl Pts',(-4.178372805214,5.191518292821,2.0998));
#13794=CARTESIAN_POINT('',(-4.178372805214,5.191518292821,2.101));
#13795=CARTESIAN_POINT('Origin',(-4.178372805214,5.191518292821,2.101));
#13796=CARTESIAN_POINT('',(-4.178372805214,5.213208100381,2.101));
#13797=CARTESIAN_POINT('Origin',(-4.178372805214,5.213208100381,2.101));
#13798=CARTESIAN_POINT('',(-3.874715499393,5.37371266804,2.101));
#13799=CARTESIAN_POINT('Origin',(-3.874715499393,5.37371266804,2.101));
#13800=CARTESIAN_POINT('',(-3.94195386973,5.488668672922,2.101));
#13801=CARTESIAN_POINT('Origin',(-3.94195386973,5.488668672922,2.101));
#13802=CARTESIAN_POINT('',(-4.23259728274,5.336840020012,2.101));
#13803=CARTESIAN_POINT('Ctrl Pts',(-4.23259728274,5.336840020012,2.101));
#13804=CARTESIAN_POINT('Ctrl Pts',(-4.23259728274,5.336840020012,2.0998));
#13805=CARTESIAN_POINT('Ctrl Pts',(-4.271638919799,5.38238862416,2.101));
#13806=CARTESIAN_POINT('Ctrl Pts',(-4.271638919799,5.38238862416,2.0998));
#13807=CARTESIAN_POINT('Ctrl Pts',(-4.330201416754,5.410585357438,2.101));
#13808=CARTESIAN_POINT('Ctrl Pts',(-4.330201416754,5.410585357438,2.0998));
#13809=CARTESIAN_POINT('Ctrl Pts',(-4.39527083943,5.410585357438,2.101));
#13810=CARTESIAN_POINT('Ctrl Pts',(-4.39527083943,5.410585357438,2.0998));
#13811=CARTESIAN_POINT('',(-4.39527083943,5.410585357438,2.101));
#13812=CARTESIAN_POINT('Ctrl Pts',(-4.39527083943,5.410585357438,2.101));
#13813=CARTESIAN_POINT('Ctrl Pts',(-4.39527083943,5.410585357438,2.0998));
#13814=CARTESIAN_POINT('Ctrl Pts',(-4.488537036754,5.410585357438,2.101));
#13815=CARTESIAN_POINT('Ctrl Pts',(-4.488537036754,5.410585357438,2.0998));
#13816=CARTESIAN_POINT('Ctrl Pts',(-4.568789299899,5.349853912823,2.101));
#13817=CARTESIAN_POINT('Ctrl Pts',(-4.568789299899,5.349853912823,2.0998));
#13818=CARTESIAN_POINT('Ctrl Pts',(-4.599155022207,5.267432619278,2.101));
#13819=CARTESIAN_POINT('Ctrl Pts',(-4.599155022207,5.267432619278,2.0998));
#13820=CARTESIAN_POINT('',(-4.599155022207,5.267432619278,2.101));
#13821=CARTESIAN_POINT('Ctrl Pts',(-4.599155022207,5.267432619278,2.101));
#13822=CARTESIAN_POINT('Ctrl Pts',(-4.599155022207,5.267432619278,2.0998));
#13823=CARTESIAN_POINT('Ctrl Pts',(-4.675069348662,5.302136319644,2.101));
#13824=CARTESIAN_POINT('Ctrl Pts',(-4.675069348662,5.302136319644,2.0998));
#13825=CARTESIAN_POINT('Ctrl Pts',(-4.729293867559,5.378050646099,2.101));
#13826=CARTESIAN_POINT('Ctrl Pts',(-4.729293867559,5.378050646099,2.0998));
#13827=CARTESIAN_POINT('Ctrl Pts',(-4.729293867559,5.466978865364,2.101));
#13828=CARTESIAN_POINT('Ctrl Pts',(-4.729293867559,5.466978865364,2.0998));
#13829=CARTESIAN_POINT('',(-4.729293867559,5.466978865364,2.101));
#13830=CARTESIAN_POINT('Ctrl Pts',(-4.729293867559,5.466978865364,2.101));
#13831=CARTESIAN_POINT('Ctrl Pts',(-4.729293867559,5.466978865364,2.0998));
#13832=CARTESIAN_POINT('Ctrl Pts',(-4.729293867559,5.586272806937,2.101));
#13833=CARTESIAN_POINT('Ctrl Pts',(-4.729293867559,5.586272806937,2.0998));
#13834=CARTESIAN_POINT('Ctrl Pts',(-4.631689733545,5.683876940949,2.101));
#13835=CARTESIAN_POINT('Ctrl Pts',(-4.631689733545,5.683876940949,2.0998));
#13836=CARTESIAN_POINT('Ctrl Pts',(-4.512395791973,5.683876940949,2.101));
#13837=CARTESIAN_POINT('Ctrl Pts',(-4.512395791973,5.683876940949,2.0998));
#13838=CARTESIAN_POINT('',(-4.512395791973,5.683876940949,2.101));
#13839=CARTESIAN_POINT('Ctrl Pts',(-4.512395791973,5.683876940949,2.101));
#13840=CARTESIAN_POINT('Ctrl Pts',(-4.512395791973,5.683876940949,2.0998));
#13841=CARTESIAN_POINT('Ctrl Pts',(-4.471185165885,5.683876940949,2.101));
#13842=CARTESIAN_POINT('Ctrl Pts',(-4.471185165885,5.683876940949,2.0998));
#13843=CARTESIAN_POINT('Ctrl Pts',(-4.429974539797,5.670863048141,2.101));
#13844=CARTESIAN_POINT('Ctrl Pts',(-4.429974539797,5.670863048141,2.0998));
#13845=CARTESIAN_POINT('Ctrl Pts',(-4.39743982846,5.65134222961,2.101));
#13846=CARTESIAN_POINT('Ctrl Pts',(-4.39743982846,5.65134222961,2.0998));
#13847=CARTESIAN_POINT('',(-4.39743982846,5.65134222961,2.101));
#13848=CARTESIAN_POINT('Ctrl Pts',(-4.39743982846,5.65134222961,2.101));
#13849=CARTESIAN_POINT('Ctrl Pts',(-4.39743982846,5.65134222961,2.0998));
#13850=CARTESIAN_POINT('Ctrl Pts',(-4.356229243743,5.772805036104,2.101));
#13851=CARTESIAN_POINT('Ctrl Pts',(-4.356229243743,5.772805036104,2.0998));
#13852=CARTESIAN_POINT('Ctrl Pts',(-4.24344222789,5.859564266338,2.101));
#13853=CARTESIAN_POINT('Ctrl Pts',(-4.24344222789,5.859564266338,2.0998));
#13854=CARTESIAN_POINT('Ctrl Pts',(-4.106796456819,5.859564266338,2.101));
#13855=CARTESIAN_POINT('Ctrl Pts',(-4.106796456819,5.859564266338,2.0998));
#13856=CARTESIAN_POINT('',(-4.106796456819,5.859564266338,2.101));
#13857=CARTESIAN_POINT('Ctrl Pts',(-4.106796456819,5.859564266338,2.101));
#13858=CARTESIAN_POINT('Ctrl Pts',(-4.106796456819,5.859564266338,2.0998));
#13859=CARTESIAN_POINT('Ctrl Pts',(-3.950629825848,5.859564266338,2.101));
#13860=CARTESIAN_POINT('Ctrl Pts',(-3.950629825848,5.859564266338,2.0998));
#13861=CARTESIAN_POINT('Ctrl Pts',(-3.820490980498,5.740270324766,2.101));
#13862=CARTESIAN_POINT('Ctrl Pts',(-3.820490980498,5.740270324766,2.0998));
#13863=CARTESIAN_POINT('Ctrl Pts',(-3.803139150998,5.588441671856,2.101));
#13864=CARTESIAN_POINT('Ctrl Pts',(-3.803139150998,5.588441671856,2.0998));
#13865=CARTESIAN_POINT('',(-3.803139150998,5.588441671856,2.101));
#13866=CARTESIAN_POINT('Origin',(-3.803139150998,5.588441671856,2.101));
#13867=CARTESIAN_POINT('',(-3.785787321499,5.588441671856,2.101));
#13868=CARTESIAN_POINT('Ctrl Pts',(-3.785787321499,5.588441671856,2.101));
#13869=CARTESIAN_POINT('Ctrl Pts',(-3.785787321499,5.588441671856,2.0998));
#13870=CARTESIAN_POINT('Ctrl Pts',(-3.692521165545,5.588441671856,2.101));
#13871=CARTESIAN_POINT('Ctrl Pts',(-3.692521165545,5.588441671856,2.0998));
#13872=CARTESIAN_POINT('Ctrl Pts',(-3.61660683909,5.512527345401,2.101));
#13873=CARTESIAN_POINT('Ctrl Pts',(-3.61660683909,5.512527345401,2.0998));
#13874=CARTESIAN_POINT('Ctrl Pts',(-3.61660683909,5.419261189447,2.101));
#13875=CARTESIAN_POINT('Ctrl Pts',(-3.61660683909,5.419261189447,2.0998));
#13876=CARTESIAN_POINT('',(-3.61660683909,5.419261189447,2.101));
#13877=CARTESIAN_POINT('Ctrl Pts',(-3.61660683909,5.419261189447,2.101));
#13878=CARTESIAN_POINT('Ctrl Pts',(-3.61660683909,5.419261189447,2.0998));
#13879=CARTESIAN_POINT('Ctrl Pts',(-3.61660683909,5.330332970182,2.101));
#13880=CARTESIAN_POINT('Ctrl Pts',(-3.61660683909,5.330332970182,2.0998));
#13881=CARTESIAN_POINT('Ctrl Pts',(-3.683845209427,5.256587632759,2.101));
#13882=CARTESIAN_POINT('Ctrl Pts',(-3.683845209427,5.256587632759,2.0998));
#13883=CARTESIAN_POINT('Ctrl Pts',(-3.77277347006,5.250080707038,2.101));
#13884=CARTESIAN_POINT('Ctrl Pts',(-3.77277347006,5.250080707038,2.0998));
#13885=CARTESIAN_POINT('',(-3.77277347006,5.250080707038,2.101));
#13886=CARTESIAN_POINT('Origin',(-3.77277347006,5.250080707038,2.101));
#13887=CARTESIAN_POINT('',(-3.870377604074,5.250080707038,2.101));
#13888=CARTESIAN_POINT('Ctrl Pts',(-3.870377604074,5.250080707038,2.101));
#13889=CARTESIAN_POINT('Ctrl Pts',(-3.870377604074,5.250080707038,2.0998));
#13890=CARTESIAN_POINT('Ctrl Pts',(-3.874715582133,5.250080707038,2.101));
#13891=CARTESIAN_POINT('Ctrl Pts',(-3.874715582133,5.250080707038,2.0998));
#13892=CARTESIAN_POINT('Ctrl Pts',(-3.879053560193,5.252249654698,2.101));
#13893=CARTESIAN_POINT('Ctrl Pts',(-3.879053560193,5.252249654698,2.0998));
#13894=CARTESIAN_POINT('Ctrl Pts',(-3.883391455513,5.252249654698,2.101));
#13895=CARTESIAN_POINT('Ctrl Pts',(-3.883391455513,5.252249654698,2.0998));
#13896=CARTESIAN_POINT('',(-3.883391455513,5.252249654698,2.101));
#13897=CARTESIAN_POINT('Ctrl Pts',(-3.883391455513,5.252249654698,2.101));
#13898=CARTESIAN_POINT('Ctrl Pts',(-3.883391455513,5.252249654698,2.0998));
#13899=CARTESIAN_POINT('Ctrl Pts',(-3.920264144911,5.252249654698,2.101));
#13900=CARTESIAN_POINT('Ctrl Pts',(-3.920264144911,5.252249654698,2.0998));
#13901=CARTESIAN_POINT('Ctrl Pts',(-3.950629825848,5.22188389102,2.101));
#13902=CARTESIAN_POINT('Ctrl Pts',(-3.950629825848,5.22188389102,2.0998));
#13903=CARTESIAN_POINT('Ctrl Pts',(-3.950629825848,5.185011284363,2.101));
#13904=CARTESIAN_POINT('Ctrl Pts',(-3.950629825848,5.185011284363,2.0998));
#13905=CARTESIAN_POINT('',(-3.950629825848,5.185011284363,2.101));
#13906=CARTESIAN_POINT('Ctrl Pts',(-3.950629825848,5.185011284363,2.101));
#13907=CARTESIAN_POINT('Ctrl Pts',(-3.950629825848,5.185011284363,2.0998));
#13908=CARTESIAN_POINT('Ctrl Pts',(-3.950629825848,5.150307625364,2.101));
#13909=CARTESIAN_POINT('Ctrl Pts',(-3.950629825848,5.150307625364,2.0998));
#13910=CARTESIAN_POINT('Ctrl Pts',(-3.922433092571,5.119941861685,2.101));
#13911=CARTESIAN_POINT('Ctrl Pts',(-3.922433092571,5.119941861685,2.0998));
#13912=CARTESIAN_POINT('Ctrl Pts',(-3.887729350833,5.117772914025,2.101));
#13913=CARTESIAN_POINT('Ctrl Pts',(-3.887729350833,5.117772914025,2.0998));
#13914=CARTESIAN_POINT('',(-3.887729350833,5.117772914025,2.101));
#13915=CARTESIAN_POINT('Origin',(-3.766266461601,5.117772914025,2.101));
#13916=CARTESIAN_POINT('',(-3.75975953588,5.117772914025,2.101));
#13917=CARTESIAN_POINT('Ctrl Pts',(-3.75975953588,5.117772914025,2.101));
#13918=CARTESIAN_POINT('Ctrl Pts',(-3.75975953588,5.117772914025,2.0998));
#13919=CARTESIAN_POINT('Ctrl Pts',(-3.683845209427,5.124279839746,2.101));
#13920=CARTESIAN_POINT('Ctrl Pts',(-3.683845209427,5.124279839746,2.0998));
#13921=CARTESIAN_POINT('Ctrl Pts',(-3.61443780869,5.158983581484,2.101));
#13922=CARTESIAN_POINT('Ctrl Pts',(-3.61443780869,5.158983581484,2.0998));
#13923=CARTESIAN_POINT('Ctrl Pts',(-3.562382320195,5.21537704804,2.101));
#13924=CARTESIAN_POINT('Ctrl Pts',(-3.562382320195,5.21537704804,2.0998));
#13925=CARTESIAN_POINT('',(-3.562382320195,5.21537704804,2.101));
#13926=CARTESIAN_POINT('Ctrl Pts',(-3.562382320195,5.21537704804,2.101));
#13927=CARTESIAN_POINT('Ctrl Pts',(-3.562382320195,5.21537704804,2.0998));
#13928=CARTESIAN_POINT('Ctrl Pts',(-3.510326748957,5.271770514596,2.101));
#13929=CARTESIAN_POINT('Ctrl Pts',(-3.510326748957,5.271770514596,2.0998));
#13930=CARTESIAN_POINT('Ctrl Pts',(-3.482130015679,5.345515893392,2.101));
#13931=CARTESIAN_POINT('Ctrl Pts',(-3.482130015679,5.345515893392,2.0998));
#13932=CARTESIAN_POINT('Ctrl Pts',(-3.482130015679,5.421430219847,2.101));
#13933=CARTESIAN_POINT('Ctrl Pts',(-3.482130015679,5.421430219847,2.0998));
#13934=CARTESIAN_POINT('Ctrl Pts',(-4.39743986983,5.104758897107,2.101));
#13935=CARTESIAN_POINT('Ctrl Pts',(-4.39743986983,5.104758897107,2.0998));
#13936=CARTESIAN_POINT('Ctrl Pts',(-4.349722318024,5.104758897107,2.101));
#13937=CARTESIAN_POINT('Ctrl Pts',(-4.349722318024,5.104758897107,2.0998));
#13938=CARTESIAN_POINT('Ctrl Pts',(-4.312849628626,5.143800616904,2.101));
#13939=CARTESIAN_POINT('Ctrl Pts',(-4.312849628626,5.143800616904,2.0998));
#13940=CARTESIAN_POINT('Ctrl Pts',(-4.312849628626,5.189349179681,2.101));
#13941=CARTESIAN_POINT('Ctrl Pts',(-4.312849628626,5.189349179681,2.0998));
#13942=CARTESIAN_POINT('Ctrl Pts',(-4.312849628626,5.237066772858,2.101));
#13943=CARTESIAN_POINT('Ctrl Pts',(-4.312849628626,5.237066772858,2.0998));
#13944=CARTESIAN_POINT('Ctrl Pts',(-4.351891265683,5.273939462256,2.101));
#13945=CARTESIAN_POINT('Ctrl Pts',(-4.351891265683,5.273939462256,2.0998));
#13946=CARTESIAN_POINT('Ctrl Pts',(-4.39743986983,5.273939462256,2.101));
#13947=CARTESIAN_POINT('Ctrl Pts',(-4.39743986983,5.273939462256,2.0998));
#13948=CARTESIAN_POINT('',(-4.39743986983,5.104758897107,2.101));
#13949=CARTESIAN_POINT('',(-4.39743986983,5.273939462256,2.101));
#13950=CARTESIAN_POINT('Ctrl Pts',(-4.39743986983,5.273939462256,2.101));
#13951=CARTESIAN_POINT('Ctrl Pts',(-4.39743986983,5.273939462256,2.0998));
#13952=CARTESIAN_POINT('Ctrl Pts',(-4.442988473977,5.273939462256,2.101));
#13953=CARTESIAN_POINT('Ctrl Pts',(-4.442988473977,5.273939462256,2.0998));
#13954=CARTESIAN_POINT('Ctrl Pts',(-4.482030111035,5.237066772858,2.101));
#13955=CARTESIAN_POINT('Ctrl Pts',(-4.482030111035,5.237066772858,2.0998));
#13956=CARTESIAN_POINT('Ctrl Pts',(-4.482030111035,5.141631586505,2.101));
#13957=CARTESIAN_POINT('Ctrl Pts',(-4.482030111035,5.141631586505,2.0998));
#13958=CARTESIAN_POINT('Ctrl Pts',(-4.442988473977,5.104758897107,2.101));
#13959=CARTESIAN_POINT('Ctrl Pts',(-4.442988473977,5.104758897107,2.0998));
#13960=CARTESIAN_POINT('Ctrl Pts',(-4.39743986983,5.104758897107,2.101));
#13961=CARTESIAN_POINT('Ctrl Pts',(-4.39743986983,5.104758897107,2.0998));
#13962=CARTESIAN_POINT('',(27.431999694824,66.061006164551,0.));
#13963=CARTESIAN_POINT('Origin',(13.3161889525723,81.5000012814998,8.5));
#13964=CARTESIAN_POINT('',(-2.00000002980232,84.0000012814998,11.));
#13965=CARTESIAN_POINT('',(-2.00000002980232,79.0000012814998,6.));
#13966=CARTESIAN_POINT('',(-2.00000002980232,59.4550006407503,-13.5450006407496));
#13967=CARTESIAN_POINT('',(0.40075584009017,79.0000012814998,6.));
#13968=CARTESIAN_POINT('',(13.3161889525723,79.0000012814998,6.));
#13969=CARTESIAN_POINT('',(0.40075584009017,84.0000012814998,11.));
#13970=CARTESIAN_POINT('',(0.40075584009017,80.750001296401,7.75000001490116));
#13971=CARTESIAN_POINT('',(13.3161889525723,84.0000012814998,11.));
#13972=CARTESIAN_POINT('Origin',(0.40075584009017,83.0000012814999,4.00000005960464));
#13973=CARTESIAN_POINT('',(0.40075584009017,79.0000012814998,4.00000005960464));
#13974=CARTESIAN_POINT('',(0.40075584009017,79.0000012814998,11.));
#13975=CARTESIAN_POINT('',(0.40075584009017,54.0000012814998,4.00000005960464));
#13976=CARTESIAN_POINT('',(0.40075584009017,62.4550006407499,4.));
#13977=CARTESIAN_POINT('',(0.40075584009017,54.0000012814998,3.));
#13978=CARTESIAN_POINT('',(0.40075584009017,54.0000012814998,4.00000005960464));
#13979=CARTESIAN_POINT('',(0.400755840090167,83.0000012814999,3.));
#13980=CARTESIAN_POINT('',(0.40075584009017,62.4550006407499,3.));
#13981=CARTESIAN_POINT('',(0.400755900306251,83.0000012814999,-8.));
#13982=CARTESIAN_POINT('',(0.400755900306251,83.0000012814999,4.));
#13983=CARTESIAN_POINT('',(0.400755900306251,84.0000012814998,-8.));
#13984=CARTESIAN_POINT('',(0.40075584009017,62.4550006407502,-8.));
#13985=CARTESIAN_POINT('',(0.40075584009017,84.0000012814998,1.75000001117587));
#13986=CARTESIAN_POINT('Origin',(-0.799622094856076,79.0000012814998,7.50000002980232));
#13987=CARTESIAN_POINT('',(-2.00000002980232,79.0000012814998,4.00000005960464));
#13988=CARTESIAN_POINT('',(-2.00000002980232,79.0000012814998,4.00000005960464));
#13989=CARTESIAN_POINT('',(13.316188952572,79.0000012814998,4.));
#13990=CARTESIAN_POINT('Origin',(41.5570002104796,81.5000012814998,8.5));
#13991=CARTESIAN_POINT('',(56.8640000298036,79.0000012814998,6.));
#13992=CARTESIAN_POINT('',(56.8640000298036,84.0000012814998,11.));
#13993=CARTESIAN_POINT('',(56.8640000298036,81.5000012814998,8.5));
#13994=CARTESIAN_POINT('',(54.5000008121133,84.0000012814998,11.));
#13995=CARTESIAN_POINT('',(41.5570002104796,84.0000012814998,11.));
#13996=CARTESIAN_POINT('',(54.5000008121133,79.0000012814998,6.));
#13997=CARTESIAN_POINT('',(54.5000008121133,80.5000012814998,7.5));
#13998=CARTESIAN_POINT('',(41.5570002104796,79.0000012814998,6.));
#13999=CARTESIAN_POINT('Origin',(54.5000008121133,83.0000012814999,3.));
#14000=CARTESIAN_POINT('',(54.5000008121133,84.0000012814998,3.));
#14001=CARTESIAN_POINT('',(54.5000008121133,84.0000012814998,3.5));
#14002=CARTESIAN_POINT('',(54.5000008121133,82.9488885072532,3.));
#14003=CARTESIAN_POINT('',(54.5000008121133,83.0000012814999,3.));
#14004=CARTESIAN_POINT('',(54.5000008121133,54.0000012814998,3.));
#14005=CARTESIAN_POINT('',(54.5000008121133,62.4550006407499,3.));
#14006=CARTESIAN_POINT('',(54.5000008121133,54.0000012814998,4.00000005960464));
#14007=CARTESIAN_POINT('',(54.5000008121133,54.0000012814998,3.));
#14008=CARTESIAN_POINT('',(54.5000008121133,79.0000012814998,4.00000005960464));
#14009=CARTESIAN_POINT('',(54.5000008121133,62.4550006407499,4.));
#14010=CARTESIAN_POINT('',(54.5000008121133,79.0000012814998,11.));
#14011=CARTESIAN_POINT('Origin',(27.4320000000007,86.0000012814999,11.));
#14012=CARTESIAN_POINT('',(56.8640000298036,84.0000012814998,11.));
#14013=CARTESIAN_POINT('',(56.8640000298036,88.0000012814999,11.));
#14014=CARTESIAN_POINT('',(56.8640000298036,84.0000012814998,11.));
#14015=CARTESIAN_POINT('',(-2.00000002980232,88.0000012814999,11.));
#14016=CARTESIAN_POINT('',(-2.00000002980232,88.0000012814999,11.));
#14017=CARTESIAN_POINT('',(-2.00000002980232,84.0000012814998,11.));
#14018=CARTESIAN_POINT('Origin',(27.4320000000007,84.0000012814998,-0.500000037252903));
#14019=CARTESIAN_POINT('',(54.4632440996934,84.0000012814998,-8.));
#14020=CARTESIAN_POINT('',(27.4320000000007,84.0000012814998,-8.));
#14021=CARTESIAN_POINT('',(54.4632441599098,84.0000012814998,3.));
#14022=CARTESIAN_POINT('',(54.4632440996934,84.0000012814998,-5.));
#14023=CARTESIAN_POINT('',(-0.799622094856076,84.0000012814998,3.));
#14024=CARTESIAN_POINT('',(39.5500005960464,84.0000012814998,4.99999997019768));
#14025=CARTESIAN_POINT('Origin',(36.5000005960464,84.0000012814998,4.99999997019768));
#14026=CARTESIAN_POINT('',(21.5500005960464,84.0000012814998,4.99999997019768));
#14027=CARTESIAN_POINT('Origin',(18.5000005960464,84.0000012814998,4.99999997019768));
#14028=CARTESIAN_POINT('',(12.5500005960464,84.0000012814998,4.99999997019768));
#14029=CARTESIAN_POINT('Origin',(9.50000059604644,84.0000012814998,4.99999997019768));
#14030=CARTESIAN_POINT('',(30.5500005960464,84.0000012814998,4.99999997019768));
#14031=CARTESIAN_POINT('Origin',(27.5000005960464,84.0000012814998,4.99999997019768));
#14032=CARTESIAN_POINT('',(48.5500005960464,84.0000012814998,4.99999997019768));
#14033=CARTESIAN_POINT('Origin',(45.5000005960464,84.0000012814998,4.99999997019768));
#14034=CARTESIAN_POINT('Origin',(55.6820004209585,79.0000012814998,7.50000002980232));
#14035=CARTESIAN_POINT('',(56.8640000298036,79.0000012814998,4.00000005960464));
#14036=CARTESIAN_POINT('',(41.5570002104792,79.0000012814998,4.));
#14037=CARTESIAN_POINT('',(56.8640000298036,79.0000012814998,4.00000005960464));
#14038=CARTESIAN_POINT('Origin',(36.5000005960464,90.0000012814998,4.99999997019768));
#14039=CARTESIAN_POINT('',(39.5500005960464,88.0000012814999,4.99999997019768));
#14040=CARTESIAN_POINT('Origin',(36.5000005960464,88.0000012814999,4.99999997019768));
#14041=CARTESIAN_POINT('',(39.5500005960464,90.0000012814998,4.99999997019768));
#14042=CARTESIAN_POINT('Origin',(18.5000005960464,90.0000012814998,4.99999997019768));
#14043=CARTESIAN_POINT('',(21.5500005960464,88.0000012814999,4.99999997019768));
#14044=CARTESIAN_POINT('Origin',(18.5000005960464,88.0000012814999,4.99999997019768));
#14045=CARTESIAN_POINT('',(21.5500005960464,90.0000012814998,4.99999997019768));
#14046=CARTESIAN_POINT('Origin',(9.50000059604644,90.0000012814998,4.99999997019768));
#14047=CARTESIAN_POINT('',(12.5500005960464,88.0000012814999,4.99999997019768));
#14048=CARTESIAN_POINT('Origin',(9.50000059604644,88.0000012814999,4.99999997019768));
#14049=CARTESIAN_POINT('',(12.5500005960464,90.0000012814998,4.99999997019768));
#14050=CARTESIAN_POINT('Origin',(27.5000005960464,90.0000012814998,4.99999997019768));
#14051=CARTESIAN_POINT('',(30.5500005960464,88.0000012814999,4.99999997019768));
#14052=CARTESIAN_POINT('Origin',(27.5000005960464,88.0000012814999,4.99999997019768));
#14053=CARTESIAN_POINT('',(30.5500005960464,90.0000012814998,4.99999997019768));
#14054=CARTESIAN_POINT('Origin',(45.5000005960464,90.0000012814998,4.99999997019768));
#14055=CARTESIAN_POINT('',(48.5500005960464,88.0000012814999,4.99999997019768));
#14056=CARTESIAN_POINT('Origin',(45.5000005960464,88.0000012814999,4.99999997019768));
#14057=CARTESIAN_POINT('',(48.5500005960464,90.0000012814998,4.99999997019768));
#14058=CARTESIAN_POINT('Origin',(27.432,41.91,4.));
#14059=CARTESIAN_POINT('',(-2.00000002980232,-2.18000128149857,4.));
#14060=CARTESIAN_POINT('',(-2.00000002980232,83.0000012814999,4.));
#14061=CARTESIAN_POINT('',(56.8640000298036,-2.18000128149857,4.));
#14062=CARTESIAN_POINT('',(56.8640000298036,-2.18000128149857,4.));
#14063=CARTESIAN_POINT('',(56.8640000298036,86.0000012814999,4.));
#14064=CARTESIAN_POINT('',(27.4411891630509,54.0000012814998,4.));
#14065=CARTESIAN_POINT('',(24.842,6.30100000000001,4.));
#14066=CARTESIAN_POINT('Origin',(24.542,6.301,4.));
#14067=CARTESIAN_POINT('',(4.598,3.048,4.));
#14068=CARTESIAN_POINT('Origin',(3.048,3.048,4.));
#14069=CARTESIAN_POINT('',(30.622,6.30100000000001,4.));
#14070=CARTESIAN_POINT('Origin',(30.322,6.301,4.));
#14071=CARTESIAN_POINT('',(11.557,48.26,4.));
#14072=CARTESIAN_POINT('Origin',(11.176,48.26,4.));
#14073=CARTESIAN_POINT('',(17.272,6.35,4.));
#14074=CARTESIAN_POINT('Origin',(16.891,6.35,4.));
#14075=CARTESIAN_POINT('',(53.366,3.048,4.));
#14076=CARTESIAN_POINT('Origin',(51.816,3.048,4.));
#14077=CARTESIAN_POINT('',(14.605,39.497,4.));
#14078=CARTESIAN_POINT('Origin',(14.224,39.497,4.));
#14079=CARTESIAN_POINT('',(17.272,8.89,4.));
#14080=CARTESIAN_POINT('Origin',(16.891,8.89,4.));
#14081=CARTESIAN_POINT('',(4.40075584009017,51.5000012814998,4.));
#14082=CARTESIAN_POINT('Origin',(2.90075584009017,51.5000012814998,4.));
#14083=CARTESIAN_POINT('',(53.5000007748604,51.5000010058284,4.));
#14084=CARTESIAN_POINT('Origin',(52.0000007748604,51.5000010058284,4.));
#14085=CARTESIAN_POINT('Origin',(27.4320000000007,41.9100000000007,-8.));
#14086=CARTESIAN_POINT('',(56.8640000298036,88.0000012814999,-8.00000007450581));
#14087=CARTESIAN_POINT('',(56.8640000298036,-2.18000128149857,-8.));
#14088=CARTESIAN_POINT('',(56.8640000298036,86.0000012814999,-8.));
#14089=CARTESIAN_POINT('',(-2.00000002980232,-2.18000128149857,-8.));
#14090=CARTESIAN_POINT('',(56.8640000298036,-2.18000128149857,-8.));
#14091=CARTESIAN_POINT('',(-2.00000002980232,88.0000012814999,-8.00000007450581));
#14092=CARTESIAN_POINT('',(-2.00000002980232,83.0000012814999,-8.00000007450581));
#14093=CARTESIAN_POINT('',(-2.00000002980232,88.0000012814999,-8.00000007450581));
#14094=CARTESIAN_POINT('',(0.,81.788,-8.));
#14095=CARTESIAN_POINT('',(0.,2.03114388472947,-8.));
#14096=CARTESIAN_POINT('',(2.77555756156289E-15,81.788,-8.));
#14097=CARTESIAN_POINT('',(2.032,0.,-8.));
#14098=CARTESIAN_POINT('Origin',(2.031457244656,2.031457244656,-8.));
#14099=CARTESIAN_POINT('',(52.8328561152342,-1.77635683940025E-14,-8.));
#14100=CARTESIAN_POINT('',(2.032,0.,-8.));
#14101=CARTESIAN_POINT('',(54.8639999516631,2.03199999998709,-8.));
#14102=CARTESIAN_POINT('Origin',(52.832542755344,2.031457244656,-8.));
#14103=CARTESIAN_POINT('',(54.8639999999996,81.7888561161871,-8.));
#14104=CARTESIAN_POINT('',(54.8639999999996,2.03200000000001,-8.));
#14105=CARTESIAN_POINT('',(54.4632440996934,83.0000012814999,-8.));
#14106=CARTESIAN_POINT('Origin',(52.832542755344,81.788542755344,-8.));
#14107=CARTESIAN_POINT('',(54.4632440996934,62.4550006407502,-8.));
#14108=CARTESIAN_POINT('Origin',(2.03145724465602,81.788542755344,-8.));
#14109=CARTESIAN_POINT('Origin',(54.4632440996934,83.0000012814999,3.));
#14110=CARTESIAN_POINT('',(54.4632441599098,83.0000012814999,3.));
#14111=CARTESIAN_POINT('',(54.4632440996934,83.0000012814999,4.));
#14112=CARTESIAN_POINT('',(54.4632441599098,83.0000012814999,3.));
#14113=CARTESIAN_POINT('Origin',(27.4320000000007,88.0000012814999,-0.500000037252903));
#14114=CARTESIAN_POINT('',(-2.00000002980232,88.0000012814999,-5.00000007450581));
#14115=CARTESIAN_POINT('',(56.8640000298036,88.0000012814999,4.));
#14116=CARTESIAN_POINT('Origin',(52.0000007748604,51.5000010058284,4.));
#14117=CARTESIAN_POINT('',(53.5000007748604,51.5000010058284,3.));
#14118=CARTESIAN_POINT('',(53.5000007748604,51.5000010058284,4.));
#14119=CARTESIAN_POINT('Origin',(52.0000007748604,51.5000010058284,3.));
#14120=CARTESIAN_POINT('Origin',(2.90075584009017,51.5000012814998,4.));
#14121=CARTESIAN_POINT('',(4.40075584009017,51.5000012814998,3.));
#14122=CARTESIAN_POINT('',(4.40075584009017,51.5000012814998,4.));
#14123=CARTESIAN_POINT('Origin',(2.90075584009017,51.5000012814998,3.));
#14124=CARTESIAN_POINT('Origin',(0.40075584009017,83.0000012814999,3.));
#14125=CARTESIAN_POINT('Origin',(52.832542755344,81.788542755344,3.));
#14126=CARTESIAN_POINT('Origin',(27.4503783261017,54.0000012814998,3.50000002980232));
#14127=CARTESIAN_POINT('',(27.4411891630509,54.0000012814998,3.));
#14128=CARTESIAN_POINT('Origin',(27.432,41.91,3.));
#14129=CARTESIAN_POINT('',(54.8639999999996,81.7888561161871,3.));
#14130=CARTESIAN_POINT('Origin',(52.832542755344,81.788542755344,3.));
#14131=CARTESIAN_POINT('',(54.8639999999996,2.03200000000001,3.));
#14132=CARTESIAN_POINT('',(54.8639999999996,83.82,3.));
#14133=CARTESIAN_POINT('',(52.8328561152342,-1.63757896132211E-14,3.));
#14134=CARTESIAN_POINT('Origin',(52.832542755344,2.03145724465599,3.));
#14135=CARTESIAN_POINT('',(2.032,-1.63757896132211E-14,3.));
#14136=CARTESIAN_POINT('',(54.8639999999996,-1.63757896132211E-14,3.));
#14137=CARTESIAN_POINT('',(-1.10354355284134E-17,2.03114388472949,3.));
#14138=CARTESIAN_POINT('Origin',(2.031457244656,2.031457244656,3.));
#14139=CARTESIAN_POINT('',(-4.44363497723391E-16,81.788,3.));
#14140=CARTESIAN_POINT('',(0.,-1.63757896132211E-14,3.));
#14141=CARTESIAN_POINT('Origin',(2.03145724465601,81.788542755344,3.));
#14142=CARTESIAN_POINT('',(24.842,6.301,3.));
#14143=CARTESIAN_POINT('Origin',(24.542,6.301,3.));
#14144=CARTESIAN_POINT('',(4.598,3.048,3.));
#14145=CARTESIAN_POINT('Origin',(3.048,3.048,3.));
#14146=CARTESIAN_POINT('',(30.622,6.301,3.));
#14147=CARTESIAN_POINT('Origin',(30.322,6.301,3.));
#14148=CARTESIAN_POINT('',(11.557,48.26,3.));
#14149=CARTESIAN_POINT('Origin',(11.176,48.26,3.));
#14150=CARTESIAN_POINT('',(17.272,6.35,3.));
#14151=CARTESIAN_POINT('Origin',(16.891,6.35,3.));
#14152=CARTESIAN_POINT('',(53.366,3.048,3.));
#14153=CARTESIAN_POINT('Origin',(51.816,3.048,3.));
#14154=CARTESIAN_POINT('',(14.605,39.497,3.));
#14155=CARTESIAN_POINT('Origin',(14.224,39.497,3.));
#14156=CARTESIAN_POINT('',(17.272,8.89,3.));
#14157=CARTESIAN_POINT('Origin',(16.891,8.89,3.));
#14158=CARTESIAN_POINT('Origin',(-2.00000002980232,-2.18000128149857,4.));
#14159=CARTESIAN_POINT('',(-2.00000002980232,-2.18000128149857,4.));
#14160=CARTESIAN_POINT('Origin',(2.03145724465602,81.788542755344,4.));
#14161=CARTESIAN_POINT('',(2.77555756156289E-15,81.788,4.));
#14162=CARTESIAN_POINT('Origin',(2.77555756156289E-15,81.788,4.));
#14163=CARTESIAN_POINT('',(0.,2.03114388472948,4.));
#14164=CARTESIAN_POINT('Origin',(2.031457244656,2.031457244656,4.));
#14165=CARTESIAN_POINT('',(2.032,0.,4.));
#14166=CARTESIAN_POINT('Origin',(2.032,0.,4.));
#14167=CARTESIAN_POINT('',(52.8328561152342,-1.77635683940025E-14,4.));
#14168=CARTESIAN_POINT('Origin',(52.832542755344,81.788542755344,4.));
#14169=CARTESIAN_POINT('',(54.8639999999996,81.7888561161871,4.));
#14170=CARTESIAN_POINT('Origin',(54.8639999999996,2.03200000000001,4.));
#14171=CARTESIAN_POINT('',(54.8639999516631,2.03199999998709,4.));
#14172=CARTESIAN_POINT('Origin',(52.832542755344,2.031457244656,4.));
#14173=CARTESIAN_POINT('Origin',(56.8640000298036,86.0000012814999,4.));
#14174=CARTESIAN_POINT('',(56.8640000298036,-2.18000128149857,4.));
#14175=CARTESIAN_POINT('Origin',(56.8640000298036,-2.18000128149857,4.));
#14176=CARTESIAN_POINT('Origin',(24.542,6.301,3.));
#14177=CARTESIAN_POINT('',(24.842,6.301,3.));
#14178=CARTESIAN_POINT('Origin',(3.048,3.048,3.));
#14179=CARTESIAN_POINT('',(4.598,3.048,3.));
#14180=CARTESIAN_POINT('Origin',(30.322,6.301,3.));
#14181=CARTESIAN_POINT('',(30.622,6.301,3.));
#14182=CARTESIAN_POINT('Origin',(11.176,48.26,3.));
#14183=CARTESIAN_POINT('',(11.557,48.26,3.));
#14184=CARTESIAN_POINT('Origin',(16.891,6.35,3.));
#14185=CARTESIAN_POINT('',(17.272,6.35,3.));
#14186=CARTESIAN_POINT('Origin',(51.816,3.048,3.));
#14187=CARTESIAN_POINT('',(53.366,3.048,3.));
#14188=CARTESIAN_POINT('Origin',(14.224,39.497,3.));
#14189=CARTESIAN_POINT('',(14.605,39.497,3.));
#14190=CARTESIAN_POINT('Origin',(16.891,8.89,3.));
#14191=CARTESIAN_POINT('',(17.272,8.89,3.));
#14192=CARTESIAN_POINT('',(0.,0.,0.));
#14193=CARTESIAN_POINT('',(0.,0.,0.));
#14194=UNCERTAINTY_MEASURE_WITH_UNIT(LENGTH_MEASURE(0.01),#14206,
'DISTANCE_ACCURACY_VALUE',
'Maximum model space distance between geometric entities at asserted c
onnectivities');
#14195=UNCERTAINTY_MEASURE_WITH_UNIT(LENGTH_MEASURE(0.01),#14206,
'DISTANCE_ACCURACY_VALUE',
'Maximum model space distance between geometric entities at asserted c
onnectivities');
#14196=UNCERTAINTY_MEASURE_WITH_UNIT(LENGTH_MEASURE(0.01),#14206,
'DISTANCE_ACCURACY_VALUE',
'Maximum model space distance between geometric entities at asserted c
onnectivities');
#14197=UNCERTAINTY_MEASURE_WITH_UNIT(LENGTH_MEASURE(0.01),#14206,
'DISTANCE_ACCURACY_VALUE',
'Maximum model space distance between geometric entities at asserted c
onnectivities');
#14198=UNCERTAINTY_MEASURE_WITH_UNIT(LENGTH_MEASURE(0.01),#14206,
'DISTANCE_ACCURACY_VALUE',
'Maximum model space distance between geometric entities at asserted c
onnectivities');
#14199=UNCERTAINTY_MEASURE_WITH_UNIT(LENGTH_MEASURE(0.01),#14206,
'DISTANCE_ACCURACY_VALUE',
'Maximum model space distance between geometric entities at asserted c
onnectivities');
#14200=(
GEOMETRIC_REPRESENTATION_CONTEXT(3)
GLOBAL_UNCERTAINTY_ASSIGNED_CONTEXT((#14194))
GLOBAL_UNIT_ASSIGNED_CONTEXT((#14206,#14208,#14209))
REPRESENTATION_CONTEXT('','3D')
);
#14201=(
GEOMETRIC_REPRESENTATION_CONTEXT(3)
GLOBAL_UNCERTAINTY_ASSIGNED_CONTEXT((#14195))
GLOBAL_UNIT_ASSIGNED_CONTEXT((#14206,#14208,#14209))
REPRESENTATION_CONTEXT('','3D')
);
#14202=(
GEOMETRIC_REPRESENTATION_CONTEXT(3)
GLOBAL_UNCERTAINTY_ASSIGNED_CONTEXT((#14196))
GLOBAL_UNIT_ASSIGNED_CONTEXT((#14206,#14208,#14209))
REPRESENTATION_CONTEXT('','3D')
);
#14203=(
GEOMETRIC_REPRESENTATION_CONTEXT(3)
GLOBAL_UNCERTAINTY_ASSIGNED_CONTEXT((#14197))
GLOBAL_UNIT_ASSIGNED_CONTEXT((#14206,#14208,#14209))
REPRESENTATION_CONTEXT('','3D')
);
#14204=(
GEOMETRIC_REPRESENTATION_CONTEXT(3)
GLOBAL_UNCERTAINTY_ASSIGNED_CONTEXT((#14198))
GLOBAL_UNIT_ASSIGNED_CONTEXT((#14206,#14208,#14209))
REPRESENTATION_CONTEXT('','3D')
);
#14205=(
GEOMETRIC_REPRESENTATION_CONTEXT(3)
GLOBAL_UNCERTAINTY_ASSIGNED_CONTEXT((#14199))
GLOBAL_UNIT_ASSIGNED_CONTEXT((#14206,#14208,#14209))
REPRESENTATION_CONTEXT('','3D')
);
#14206=(
LENGTH_UNIT()
NAMED_UNIT(*)
SI_UNIT(.MILLI.,.METRE.)
);
#14207=(
LENGTH_UNIT()
NAMED_UNIT(*)
SI_UNIT($,.METRE.)
);
#14208=(
NAMED_UNIT(*)
PLANE_ANGLE_UNIT()
SI_UNIT($,.RADIAN.)
);
#14209=(
NAMED_UNIT(*)
SI_UNIT($,.STERADIAN.)
SOLID_ANGLE_UNIT()
);
#14210=SHAPE_DEFINITION_REPRESENTATION(#14215,#14224);
#14211=SHAPE_DEFINITION_REPRESENTATION(#14216,#14225);
#14212=SHAPE_DEFINITION_REPRESENTATION(#14217,#14226);
#14213=SHAPE_DEFINITION_REPRESENTATION(#14219,#14227);
#14214=SHAPE_DEFINITION_REPRESENTATION(#14220,#14228);
#14215=PRODUCT_DEFINITION_SHAPE('',$,#14230);
#14216=PRODUCT_DEFINITION_SHAPE('',$,#14231);
#14217=PRODUCT_DEFINITION_SHAPE('',$,#14232);
#14218=PRODUCT_DEFINITION_SHAPE($,$,#339);
#14219=PRODUCT_DEFINITION_SHAPE('',$,#14233);
#14220=PRODUCT_DEFINITION_SHAPE('',$,#14234);
#14221=PRODUCT_DEFINITION_SHAPE($,$,#340);
#14222=PRODUCT_DEFINITION_SHAPE($,$,#341);
#14223=PRODUCT_DEFINITION_SHAPE($,$,#342);
#14224=SHAPE_REPRESENTATION('',(#8173,#8709,#8710),#14200);
#14225=SHAPE_REPRESENTATION('',(#8174,#8260),#14201);
#14226=SHAPE_REPRESENTATION('',(#8175),#14202);
#14227=SHAPE_REPRESENTATION('',(#8261,#8629),#14203);
#14228=SHAPE_REPRESENTATION('',(#8262),#14204);
#14229=PRODUCT_DEFINITION_CONTEXT('part definition',#14246,'design');
#14230=PRODUCT_DEFINITION('PCB','PCB1.~(377) v2',#14235,#14229);
#14231=PRODUCT_DEFINITION('Board','Board',#14236,#14229);
#14232=PRODUCT_DEFINITION('Open CASCADE STEP translator 7.5 1.1.1',
'Open CASCADE STEP translator 7.5 1.1.1',#14237,#14229);
#14233=PRODUCT_DEFINITION('U3','U3',#14238,#14229);
#14234=PRODUCT_DEFINITION('9250659680','9250659680',#14239,#14229);
#14235=PRODUCT_DEFINITION_FORMATION('',$,#14248);
#14236=PRODUCT_DEFINITION_FORMATION('',$,#14249);
#14237=PRODUCT_DEFINITION_FORMATION('',$,#14250);
#14238=PRODUCT_DEFINITION_FORMATION('',$,#14251);
#14239=PRODUCT_DEFINITION_FORMATION('',$,#14252);
#14240=PRODUCT_RELATED_PRODUCT_CATEGORY('PCB1.~(377) v2',
'PCB1.~(377) v2',(#14248));
#14241=PRODUCT_RELATED_PRODUCT_CATEGORY('Board','Board',(#14249));
#14242=PRODUCT_RELATED_PRODUCT_CATEGORY(
'Open CASCADE STEP translator 7.5 1.1.1',
'Open CASCADE STEP translator 7.5 1.1.1',(#14250));
#14243=PRODUCT_RELATED_PRODUCT_CATEGORY('U3','U3',(#14251));
#14244=PRODUCT_RELATED_PRODUCT_CATEGORY('9250659680','9250659680',(#14252));
#14245=APPLICATION_PROTOCOL_DEFINITION('international standard',
'automotive_design',2009,#14246);
#14246=APPLICATION_CONTEXT(
'Core Data for Automotive Mechanical Design Process');
#14247=PRODUCT_CONTEXT('part definition',#14246,'mechanical');
#14248=PRODUCT('PCB','PCB1.~(377) v2','Open CASCADE Model',(#14247));
#14249=PRODUCT('Board','Board',$,(#14247));
#14250=PRODUCT('Open CASCADE STEP translator 7.5 1.1.1',
'Open CASCADE STEP translator 7.5 1.1.1',$,(#14247));
#14251=PRODUCT('U3','U3',$,(#14247));
#14252=PRODUCT('9250659680','9250659680',$,(#14247));
#14253=PRESENTATION_STYLE_ASSIGNMENT((#14262));
#14254=PRESENTATION_STYLE_ASSIGNMENT((#14263));
#14255=PRESENTATION_STYLE_ASSIGNMENT((#14264));
#14256=PRESENTATION_STYLE_ASSIGNMENT((#14265));
#14257=PRESENTATION_STYLE_ASSIGNMENT((#14266));
#14258=PRESENTATION_STYLE_ASSIGNMENT((#14267));
#14259=PRESENTATION_STYLE_ASSIGNMENT((#14268));
#14260=PRESENTATION_STYLE_ASSIGNMENT((#14269));
#14261=PRESENTATION_STYLE_ASSIGNMENT((#14270));
#14262=SURFACE_STYLE_USAGE(.BOTH.,#14271);
#14263=SURFACE_STYLE_USAGE(.BOTH.,#14272);
#14264=SURFACE_STYLE_USAGE(.BOTH.,#14273);
#14265=SURFACE_STYLE_USAGE(.BOTH.,#14274);
#14266=SURFACE_STYLE_USAGE(.BOTH.,#14275);
#14267=SURFACE_STYLE_USAGE(.BOTH.,#14276);
#14268=SURFACE_STYLE_USAGE(.BOTH.,#14277);
#14269=SURFACE_STYLE_USAGE(.BOTH.,#14278);
#14270=SURFACE_STYLE_USAGE(.BOTH.,#14279);
#14271=SURFACE_SIDE_STYLE('',(#14280));
#14272=SURFACE_SIDE_STYLE('',(#14281));
#14273=SURFACE_SIDE_STYLE('',(#14282));
#14274=SURFACE_SIDE_STYLE('',(#14283));
#14275=SURFACE_SIDE_STYLE('',(#14284));
#14276=SURFACE_SIDE_STYLE('',(#14285));
#14277=SURFACE_SIDE_STYLE('',(#14286));
#14278=SURFACE_SIDE_STYLE('',(#14287));
#14279=SURFACE_SIDE_STYLE('',(#14288));
#14280=SURFACE_STYLE_FILL_AREA(#14289);
#14281=SURFACE_STYLE_FILL_AREA(#14290);
#14282=SURFACE_STYLE_FILL_AREA(#14291);
#14283=SURFACE_STYLE_FILL_AREA(#14292);
#14284=SURFACE_STYLE_FILL_AREA(#14293);
#14285=SURFACE_STYLE_FILL_AREA(#14294);
#14286=SURFACE_STYLE_FILL_AREA(#14295);
#14287=SURFACE_STYLE_FILL_AREA(#14296);
#14288=SURFACE_STYLE_FILL_AREA(#14297);
#14289=FILL_AREA_STYLE('Steel - Satin',(#14298));
#14290=FILL_AREA_STYLE('Opaque(0,128,0)',(#14299));
#14291=FILL_AREA_STYLE('Opaque(255,255,255)',(#14300));
#14292=FILL_AREA_STYLE('Opaque(165,132,0)',(#14301));
#14293=FILL_AREA_STYLE('Opaque(0,63,216)',(#14302));
#14294=FILL_AREA_STYLE('Opaque(76,76,76)',(#14303));
#14295=FILL_AREA_STYLE('Opaque(0,51,204)',(#14304));
#14296=FILL_AREA_STYLE('Opaque(165,158,150)',(#14305));
#14297=FILL_AREA_STYLE('Opaque(63,63,63)',(#14306));
#14298=FILL_AREA_STYLE_COLOUR('Steel - Satin',#14307);
#14299=FILL_AREA_STYLE_COLOUR('Opaque(0,128,0)',#14308);
#14300=FILL_AREA_STYLE_COLOUR('Opaque(255,255,255)',#14309);
#14301=FILL_AREA_STYLE_COLOUR('Opaque(165,132,0)',#14310);
#14302=FILL_AREA_STYLE_COLOUR('Opaque(0,63,216)',#14311);
#14303=FILL_AREA_STYLE_COLOUR('Opaque(76,76,76)',#14312);
#14304=FILL_AREA_STYLE_COLOUR('Opaque(0,51,204)',#14313);
#14305=FILL_AREA_STYLE_COLOUR('Opaque(165,158,150)',#14314);
#14306=FILL_AREA_STYLE_COLOUR('Opaque(63,63,63)',#14315);
#14307=COLOUR_RGB('Steel - Satin',0.627450980392157,0.627450980392157,0.627450980392157);
#14308=COLOUR_RGB('Opaque(0,128,0)',0.,0.501960784313725,0.);
#14309=COLOUR_RGB('Opaque(255,255,255)',1.,1.,1.);
#14310=COLOUR_RGB('Opaque(165,132,0)',0.647058823529412,0.517647058823529,
0.);
#14311=COLOUR_RGB('Opaque(0,63,216)',0.,0.247058823529412,0.847058823529412);
#14312=COLOUR_RGB('Opaque(76,76,76)',0.298039215686275,0.298039215686275,
0.298039215686275);
#14313=COLOUR_RGB('Opaque(0,51,204)',0.,0.2,0.8);
#14314=COLOUR_RGB('Opaque(165,158,150)',0.647058823529412,0.619607843137255,
0.588235294117647);
#14315=COLOUR_RGB('Opaque(63,63,63)',0.250980392156863,0.250980392156863,
0.250980392156863);
ENDSEC;
END-ISO-10303-21;
